path,type,last_commit_sha,last_commit_msg,last_commit_date,size_bytes
.env.example,config,bf614ed4,docs: DEC-33 — إعادةُ جولةِ تحقُّقٍ (فشلُ متصفّحٍ عابرٌ),2026-10-01 14:31:57 +0000,21676
.gitattributes,other,bf614ed4,docs: DEC-33 — إعادةُ جولةِ تحقُّقٍ (فشلُ متصفّحٍ عابرٌ),2026-10-01 14:31:57 +0000,287
.github/dependabot.yml,github-config,bf614ed4,docs: DEC-33 — إعادةُ جولةِ تحقُّقٍ (فشلُ متصفّحٍ عابرٌ),2026-10-01 14:31:57 +0000,3587
.github/workflows/ci.yml,ci-config,bf614ed4,docs: DEC-33 — إعادةُ جولةِ تحقُّقٍ (فشلُ متصفّحٍ عابرٌ),2026-10-01 14:31:57 +0000,158934
.github/workflows/core-contract-freshness.yml,ci-config,bf614ed4,docs: DEC-33 — إعادةُ جولةِ تحقُّقٍ (فشلُ متصفّحٍ عابرٌ),2026-10-01 14:31:57 +0000,3999
.github/workflows/db-rtt-diagnostic.yml,ci-config,bf614ed4,docs: DEC-33 — إعادةُ جولةِ تحقُّقٍ (فشلُ متصفّحٍ عابرٌ),2026-10-01 14:31:57 +0000,1202
.github/workflows/dependabot-lockfile.yml,ci-config,bf614ed4,docs: DEC-33 — إعادةُ جولةِ تحقُّقٍ (فشلُ متصفّحٍ عابرٌ),2026-10-01 14:31:57 +0000,5628
.github/workflows/roadmap.yml,ci-config,bf614ed4,docs: DEC-33 — إعادةُ جولةِ تحقُّقٍ (فشلُ متصفّحٍ عابرٌ),2026-10-01 14:31:57 +0000,1466
.gitignore,other,bf614ed4,docs: DEC-33 — إعادةُ جولةِ تحقُّقٍ (فشلُ متصفّحٍ عابرٌ),2026-10-01 14:31:57 +0000,1349
LICENSE,other,bf614ed4,docs: DEC-33 — إعادةُ جولةِ تحقُّقٍ (فشلُ متصفّحٍ عابرٌ),2026-10-01 14:31:57 +0000,4018
README.md,doc,bf614ed4,docs: DEC-33 — إعادةُ جولةِ تحقُّقٍ (فشلُ متصفّحٍ عابرٌ),2026-10-01 14:31:57 +0000,12922
ROADMAP.md,doc,bf614ed4,docs: DEC-33 — إعادةُ جولةِ تحقُّقٍ (فشلُ متصفّحٍ عابرٌ),2026-10-01 14:31:57 +0000,1093510
apps/admin-dashboard/src/format.ts,executable,bf614ed4,docs: DEC-33 — إعادةُ جولةِ تحقُّقٍ (فشلُ متصفّحٍ عابرٌ),2026-10-01 14:31:57 +0000,5204
apps/admin-dashboard/src/index.ts,executable,bf614ed4,docs: DEC-33 — إعادةُ جولةِ تحقُّقٍ (فشلُ متصفّحٍ عابرٌ),2026-10-01 14:31:57 +0000,3839
apps/admin-dashboard/src/layout.ts,executable,bf614ed4,docs: DEC-33 — إعادةُ جولةِ تحقُّقٍ (فشلُ متصفّحٍ عابرٌ),2026-10-01 14:31:57 +0000,18315
apps/admin-dashboard/src/login.ts,executable,bf614ed4,docs: DEC-33 — إعادةُ جولةِ تحقُّقٍ (فشلُ متصفّحٍ عابرٌ),2026-10-01 14:31:57 +0000,5593
apps/admin-dashboard/src/map.ts,executable,bf614ed4,docs: DEC-33 — إعادةُ جولةِ تحقُّقٍ (فشلُ متصفّحٍ عابرٌ),2026-10-01 14:31:57 +0000,10864
apps/admin-dashboard/src/pages/attendance.ts,executable,bf614ed4,docs: DEC-33 — إعادةُ جولةِ تحقُّقٍ (فشلُ متصفّحٍ عابرٌ),2026-10-01 14:31:57 +0000,5119
apps/admin-dashboard/src/pages/break-glass.ts,executable,bf614ed4,docs: DEC-33 — إعادةُ جولةِ تحقُّقٍ (فشلُ متصفّحٍ عابرٌ),2026-10-01 14:31:57 +0000,5300
apps/admin-dashboard/src/pages/broadcast.ts,executable,bf614ed4,docs: DEC-33 — إعادةُ جولةِ تحقُّقٍ (فشلُ متصفّحٍ عابرٌ),2026-10-01 14:31:57 +0000,14069
apps/admin-dashboard/src/pages/disputes.ts,executable,bf614ed4,docs: DEC-33 — إعادةُ جولةِ تحقُّقٍ (فشلُ متصفّحٍ عابرٌ),2026-10-01 14:31:57 +0000,9390
apps/admin-dashboard/src/pages/driver-detail.ts,executable,bf614ed4,docs: DEC-33 — إعادةُ جولةِ تحقُّقٍ (فشلُ متصفّحٍ عابرٌ),2026-10-01 14:31:57 +0000,20942
apps/admin-dashboard/src/pages/drivers.ts,executable,bf614ed4,docs: DEC-33 — إعادةُ جولةِ تحقُّقٍ (فشلُ متصفّحٍ عابرٌ),2026-10-01 14:31:57 +0000,8003
apps/admin-dashboard/src/pages/heatmap.ts,executable,bf614ed4,docs: DEC-33 — إعادةُ جولةِ تحقُّقٍ (فشلُ متصفّحٍ عابرٌ),2026-10-01 14:31:57 +0000,6623
apps/admin-dashboard/src/pages/live-map.ts,executable,bf614ed4,docs: DEC-33 — إعادةُ جولةِ تحقُّقٍ (فشلُ متصفّحٍ عابرٌ),2026-10-01 14:31:57 +0000,14810
apps/admin-dashboard/src/pages/live-orders.ts,executable,bf614ed4,docs: DEC-33 — إعادةُ جولةِ تحقُّقٍ (فشلُ متصفّحٍ عابرٌ),2026-10-01 14:31:57 +0000,7012
apps/admin-dashboard/src/pages/overview.ts,executable,bf614ed4,docs: DEC-33 — إعادةُ جولةِ تحقُّقٍ (فشلُ متصفّحٍ عابرٌ),2026-10-01 14:31:57 +0000,9092
apps/admin-dashboard/src/pages/payments.ts,executable,bf614ed4,docs: DEC-33 — إعادةُ جولةِ تحقُّقٍ (فشلُ متصفّحٍ عابرٌ),2026-10-01 14:31:57 +0000,4090
apps/admin-dashboard/src/pages/ratings.ts,executable,bf614ed4,docs: DEC-33 — إعادةُ جولةِ تحقُّقٍ (فشلُ متصفّحٍ عابرٌ),2026-10-01 14:31:57 +0000,6221
apps/admin-dashboard/src/pages/recovery.ts,executable,bf614ed4,docs: DEC-33 — إعادةُ جولةِ تحقُّقٍ (فشلُ متصفّحٍ عابرٌ),2026-10-01 14:31:57 +0000,3671
apps/admin-dashboard/src/pages/settings.ts,executable,bf614ed4,docs: DEC-33 — إعادةُ جولةِ تحقُّقٍ (فشلُ متصفّحٍ عابرٌ),2026-10-01 14:31:57 +0000,10113
apps/admin/src/container.ts,executable,bf614ed4,docs: DEC-33 — إعادةُ جولةِ تحقُّقٍ (فشلُ متصفّحٍ عابرٌ),2026-10-01 14:31:57 +0000,13275
apps/admin/src/index.ts,executable,bf614ed4,docs: DEC-33 — إعادةُ جولةِ تحقُّقٍ (فشلُ متصفّحٍ عابرٌ),2026-10-01 14:31:57 +0000,8984
apps/gateway/src/admin/auth.ts,executable,bf614ed4,docs: DEC-33 — إعادةُ جولةِ تحقُّقٍ (فشلُ متصفّحٍ عابرٌ),2026-10-01 14:31:57 +0000,10452
apps/gateway/src/admin/break-glass.ts,executable,bf614ed4,docs: DEC-33 — إعادةُ جولةِ تحقُّقٍ (فشلُ متصفّحٍ عابرٌ),2026-10-01 14:31:57 +0000,11679
apps/gateway/src/admin/guard.ts,executable,bf614ed4,docs: DEC-33 — إعادةُ جولةِ تحقُّقٍ (فشلُ متصفّحٍ عابرٌ),2026-10-01 14:31:57 +0000,5220
apps/gateway/src/admin/mount.ts,executable,bf614ed4,docs: DEC-33 — إعادةُ جولةِ تحقُّقٍ (فشلُ متصفّحٍ عابرٌ),2026-10-01 14:31:57 +0000,10765
apps/gateway/src/admin/queries.ts,executable,bf614ed4,docs: DEC-33 — إعادةُ جولةِ تحقُّقٍ (فشلُ متصفّحٍ عابرٌ),2026-10-01 14:31:57 +0000,95417
apps/gateway/src/admin/security-headers.ts,executable,bf614ed4,docs: DEC-33 — إعادةُ جولةِ تحقُّقٍ (فشلُ متصفّحٍ عابرٌ),2026-10-01 14:31:57 +0000,6798
apps/gateway/src/agent-advisor.ts,executable,bf614ed4,docs: DEC-33 — إعادةُ جولةِ تحقُّقٍ (فشلُ متصفّحٍ عابرٌ),2026-10-01 14:31:57 +0000,5613
apps/gateway/src/background/telegram-update-drainer.ts,executable,bf614ed4,docs: DEC-33 — إعادةُ جولةِ تحقُّقٍ (فشلُ متصفّحٍ عابرٌ),2026-10-01 14:31:57 +0000,9677
apps/gateway/src/bots/driver/availability.ts,executable,bf614ed4,docs: DEC-33 — إعادةُ جولةِ تحقُّقٍ (فشلُ متصفّحٍ عابرٌ),2026-10-01 14:31:57 +0000,1012
apps/gateway/src/bots/driver/index.ts,executable,bf614ed4,docs: DEC-33 — إعادةُ جولةِ تحقُّقٍ (فشلُ متصفّحٍ عابرٌ),2026-10-01 14:31:57 +0000,7920
apps/gateway/src/bots/driver/offers.ts,executable,bf614ed4,docs: DEC-33 — إعادةُ جولةِ تحقُّقٍ (فشلُ متصفّحٍ عابرٌ),2026-10-01 14:31:57 +0000,1083
apps/gateway/src/bots/driver/rating.ts,executable,bf614ed4,docs: DEC-33 — إعادةُ جولةِ تحقُّقٍ (فشلُ متصفّحٍ عابرٌ),2026-10-01 14:31:57 +0000,964
apps/gateway/src/bots/driver/registration.ts,executable,bf614ed4,docs: DEC-33 — إعادةُ جولةِ تحقُّقٍ (فشلُ متصفّحٍ عابرٌ),2026-10-01 14:31:57 +0000,1054
apps/gateway/src/bots/driver/subscription.ts,executable,bf614ed4,docs: DEC-33 — إعادةُ جولةِ تحقُّقٍ (فشلُ متصفّحٍ عابرٌ),2026-10-01 14:31:57 +0000,1116
apps/gateway/src/bots/driver/trip-lifecycle.ts,executable,bf614ed4,docs: DEC-33 — إعادةُ جولةِ تحقُّقٍ (فشلُ متصفّحٍ عابرٌ),2026-10-01 14:31:57 +0000,1074
apps/gateway/src/bots/rider/index.ts,executable,bf614ed4,docs: DEC-33 — إعادةُ جولةِ تحقُّقٍ (فشلُ متصفّحٍ عابرٌ),2026-10-01 14:31:57 +0000,4966
apps/gateway/src/bots/rider/order-tracking.ts,executable,bf614ed4,docs: DEC-33 — إعادةُ جولةِ تحقُّقٍ (فشلُ متصفّحٍ عابرٌ),2026-10-01 14:31:57 +0000,1006
apps/gateway/src/bots/rider/rating.ts,executable,bf614ed4,docs: DEC-33 — إعادةُ جولةِ تحقُّقٍ (فشلُ متصفّحٍ عابرٌ),2026-10-01 14:31:57 +0000,962
apps/gateway/src/bots/rider/request-delivery.ts,executable,bf614ed4,docs: DEC-33 — إعادةُ جولةِ تحقُّقٍ (فشلُ متصفّحٍ عابرٌ),2026-10-01 14:31:57 +0000,972
apps/gateway/src/bots/rider/request-ride.ts,executable,bf614ed4,docs: DEC-33 — إعادةُ جولةِ تحقُّقٍ (فشلُ متصفّحٍ عابرٌ),2026-10-01 14:31:57 +0000,997
apps/gateway/src/bots/shared/counterpart-notifier.ts,executable,bf614ed4,docs: DEC-33 — إعادةُ جولةِ تحقُّقٍ (فشلُ متصفّحٍ عابرٌ),2026-10-01 14:31:57 +0000,1558
apps/gateway/src/bots/shared/keyboards.ts,executable,bf614ed4,docs: DEC-33 — إعادةُ جولةِ تحقُّقٍ (فشلُ متصفّحٍ عابرٌ),2026-10-01 14:31:57 +0000,940
apps/gateway/src/bots/shared/language-middleware.ts,executable,bf614ed4,docs: DEC-33 — إعادةُ جولةِ تحقُّقٍ (فشلُ متصفّحٍ عابرٌ),2026-10-01 14:31:57 +0000,5231
apps/gateway/src/bots/shared/redis-session.ts,executable,bf614ed4,docs: DEC-33 — إعادةُ جولةِ تحقُّقٍ (فشلُ متصفّحٍ عابرٌ),2026-10-01 14:31:57 +0000,14582
apps/gateway/src/bots/shared/register-commands.ts,executable,bf614ed4,docs: DEC-33 — إعادةُ جولةِ تحقُّقٍ (فشلُ متصفّحٍ عابرٌ),2026-10-01 14:31:57 +0000,4729
apps/gateway/src/bots/shared/session-revision.ts,executable,bf614ed4,docs: DEC-33 — إعادةُ جولةِ تحقُّقٍ (فشلُ متصفّحٍ عابرٌ),2026-10-01 14:31:57 +0000,4413
apps/gateway/src/bots/shared/session.ts,executable,bf614ed4,docs: DEC-33 — إعادةُ جولةِ تحقُّقٍ (فشلُ متصفّحٍ عابرٌ),2026-10-01 14:31:57 +0000,4811
apps/gateway/src/bots/shared/telegram-mapper.ts,executable,bf614ed4,docs: DEC-33 — إعادةُ جولةِ تحقُّقٍ (فشلُ متصفّحٍ عابرٌ),2026-10-01 14:31:57 +0000,8111
apps/gateway/src/container.ts,executable,bf614ed4,docs: DEC-33 — إعادةُ جولةِ تحقُّقٍ (فشلُ متصفّحٍ عابرٌ),2026-10-01 14:31:57 +0000,60877
apps/gateway/src/embedded-worker.ts,executable,bf614ed4,docs: DEC-33 — إعادةُ جولةِ تحقُّقٍ (فشلُ متصفّحٍ عابرٌ),2026-10-01 14:31:57 +0000,4025
apps/gateway/src/groups/escalation-group.ts,executable,bf614ed4,docs: DEC-33 — إعادةُ جولةِ تحقُّقٍ (فشلُ متصفّحٍ عابرٌ),2026-10-01 14:31:57 +0000,973
apps/gateway/src/groups/support-group.ts,executable,bf614ed4,docs: DEC-33 — إعادةُ جولةِ تحقُّقٍ (فشلُ متصفّحٍ عابرٌ),2026-10-01 14:31:57 +0000,472
apps/gateway/src/groups/unsubscribed-drivers-group.ts,executable,bf614ed4,docs: DEC-33 — إعادةُ جولةِ تحقُّقٍ (فشلُ متصفّحٍ عابرٌ),2026-10-01 14:31:57 +0000,1316
apps/gateway/src/index.ts,executable,9f6b3875,feat: DEC-41 GET/PUT /v1/me/emergency-contact — emergency contact CRUD (#373),2026-10-02 11:41:15 +0300,90667
apps/gateway/src/job-health.ts,executable,bf614ed4,docs: DEC-33 — إعادةُ جولةِ تحقُّقٍ (فشلُ متصفّحٍ عابرٌ),2026-10-01 14:31:57 +0000,5175
apps/gateway/src/lifecycle.ts,executable,bf614ed4,docs: DEC-33 — إعادةُ جولةِ تحقُّقٍ (فشلُ متصفّحٍ عابرٌ),2026-10-01 14:31:57 +0000,8578
apps/gateway/src/observability/http-metrics.ts,executable,bf614ed4,docs: DEC-33 — إعادةُ جولةِ تحقُّقٍ (فشلُ متصفّحٍ عابرٌ),2026-10-01 14:31:57 +0000,3260
apps/gateway/src/observability/payment.ts,executable,bf614ed4,docs: DEC-33 — إعادةُ جولةِ تحقُّقٍ (فشلُ متصفّحٍ عابرٌ),2026-10-01 14:31:57 +0000,4269
apps/gateway/src/observability/request-id.ts,executable,bf614ed4,docs: DEC-33 — إعادةُ جولةِ تحقُّقٍ (فشلُ متصفّحٍ عابرٌ),2026-10-01 14:31:57 +0000,6841
apps/gateway/src/observability/telegram.ts,executable,bf614ed4,docs: DEC-33 — إعادةُ جولةِ تحقُّقٍ (فشلُ متصفّحٍ عابرٌ),2026-10-01 14:31:57 +0000,4495
apps/gateway/src/observability/worker.ts,executable,bf614ed4,docs: DEC-33 — إعادةُ جولةِ تحقُّقٍ (فشلُ متصفّحٍ عابرٌ),2026-10-01 14:31:57 +0000,2225
apps/gateway/src/public/security-headers.ts,executable,bf614ed4,docs: DEC-33 — إعادةُ جولةِ تحقُّقٍ (فشلُ متصفّحٍ عابرٌ),2026-10-01 14:31:57 +0000,6571
apps/gateway/src/public/tracking-page.ts,executable,bf614ed4,docs: DEC-33 — إعادةُ جولةِ تحقُّقٍ (فشلُ متصفّحٍ عابرٌ),2026-10-01 14:31:57 +0000,12792
apps/gateway/src/rate-limit/fixed-window.ts,executable,bf614ed4,docs: DEC-33 — إعادةُ جولةِ تحقُّقٍ (فشلُ متصفّحٍ عابرٌ),2026-10-01 14:31:57 +0000,9275
apps/gateway/src/rate-limit/guard.ts,executable,bf614ed4,docs: DEC-33 — إعادةُ جولةِ تحقُّقٍ (فشلُ متصفّحٍ عابرٌ),2026-10-01 14:31:57 +0000,3922
apps/gateway/src/rate-limit/policy.ts,executable,440202e9,feat: DEC-43 ticket threads + DEC-41 emergency contact + DEC-42 notification pre,2026-10-02 12:20:41 +0300,49841
apps/gateway/src/realtime/adapters.ts,executable,bf614ed4,docs: DEC-33 — إعادةُ جولةِ تحقُّقٍ (فشلُ متصفّحٍ عابرٌ),2026-10-01 14:31:57 +0000,5510
apps/gateway/src/realtime/http-bridge.ts,executable,bf614ed4,docs: DEC-33 — إعادةُ جولةِ تحقُّقٍ (فشلُ متصفّحٍ عابرٌ),2026-10-01 14:31:57 +0000,3474
apps/gateway/src/realtime/live-tracking-policy.ts,executable,bf614ed4,docs: DEC-33 — إعادةُ جولةِ تحقُّقٍ (فشلُ متصفّحٍ عابرٌ),2026-10-01 14:31:57 +0000,3176
apps/gateway/src/realtime/offers-channel.ts,executable,bf614ed4,docs: DEC-33 — إعادةُ جولةِ تحقُّقٍ (فشلُ متصفّحٍ عابرٌ),2026-10-01 14:31:57 +0000,2802
apps/gateway/src/realtime/ride-channel.ts,executable,bf614ed4,docs: DEC-33 — إعادةُ جولةِ تحقُّقٍ (فشلُ متصفّحٍ عابرٌ),2026-10-01 14:31:57 +0000,6833
apps/gateway/src/redis/upstash.ts,executable,bf614ed4,docs: DEC-33 — إعادةُ جولةِ تحقُّقٍ (فشلُ متصفّحٍ عابرٌ),2026-10-01 14:31:57 +0000,954
apps/gateway/src/routes/admin-api.ts,executable,bf614ed4,docs: DEC-33 — إعادةُ جولةِ تحقُّقٍ (فشلُ متصفّحٍ عابرٌ),2026-10-01 14:31:57 +0000,4305
apps/gateway/src/routes/admin-live.ts,executable,bf614ed4,docs: DEC-33 — إعادةُ جولةِ تحقُّقٍ (فشلُ متصفّحٍ عابرٌ),2026-10-01 14:31:57 +0000,9374
apps/gateway/src/routes/admin-ui.ts,executable,bf614ed4,docs: DEC-33 — إعادةُ جولةِ تحقُّقٍ (فشلُ متصفّحٍ عابرٌ),2026-10-01 14:31:57 +0000,80333
apps/gateway/src/routes/consents.ts,executable,bf614ed4,docs: DEC-33 — إعادةُ جولةِ تحقُّقٍ (فشلُ متصفّحٍ عابرٌ),2026-10-01 14:31:57 +0000,7092
apps/gateway/src/routes/core-event-intake.ts,executable,bf614ed4,docs: DEC-33 — إعادةُ جولةِ تحقُّقٍ (فشلُ متصفّحٍ عابرٌ),2026-10-01 14:31:57 +0000,13164
apps/gateway/src/routes/deliveries.ts,executable,bf614ed4,docs: DEC-33 — إعادةُ جولةِ تحقُّقٍ (فشلُ متصفّحٍ عابرٌ),2026-10-01 14:31:57 +0000,7457
apps/gateway/src/routes/destinations.ts,executable,bf614ed4,docs: DEC-33 — إعادةُ جولةِ تحقُّقٍ (فشلُ متصفّحٍ عابرٌ),2026-10-01 14:31:57 +0000,8167
apps/gateway/src/routes/driver-activity.ts,executable,bf614ed4,docs: DEC-33 — إعادةُ جولةِ تحقُّقٍ (فشلُ متصفّحٍ عابرٌ),2026-10-01 14:31:57 +0000,9471
apps/gateway/src/routes/driver-deductions.ts,executable,6c594d78,feat: DEC-37 deduction trace — GET /v1/driver/deductions from wallet ledger (#36,2026-10-02 10:19:23 +0300,2631
apps/gateway/src/routes/driver-documents.ts,executable,bf614ed4,docs: DEC-33 — إعادةُ جولةِ تحقُّقٍ (فشلُ متصفّحٍ عابرٌ),2026-10-01 14:31:57 +0000,13266
apps/gateway/src/routes/driver-job.ts,executable,bf614ed4,docs: DEC-33 — إعادةُ جولةِ تحقُّقٍ (فشلُ متصفّحٍ عابرٌ),2026-10-01 14:31:57 +0000,15289
apps/gateway/src/routes/driver-location.ts,executable,bf614ed4,docs: DEC-33 — إعادةُ جولةِ تحقُّقٍ (فشلُ متصفّحٍ عابرٌ),2026-10-01 14:31:57 +0000,14658
apps/gateway/src/routes/driver-offers.ts,executable,bf614ed4,docs: DEC-33 — إعادةُ جولةِ تحقُّقٍ (فشلُ متصفّحٍ عابرٌ),2026-10-01 14:31:57 +0000,10414
apps/gateway/src/routes/driver-subscription-invoice.ts,executable,bf614ed4,docs: DEC-33 — إعادةُ جولةِ تحقُّقٍ (فشلُ متصفّحٍ عابرٌ),2026-10-01 14:31:57 +0000,8847
apps/gateway/src/routes/driver-subscription.ts,executable,bf614ed4,docs: DEC-33 — إعادةُ جولةِ تحقُّقٍ (فشلُ متصفّحٍ عابرٌ),2026-10-01 14:31:57 +0000,8572
apps/gateway/src/routes/driver-vehicle.ts,executable,bf614ed4,docs: DEC-33 — إعادةُ جولةِ تحقُّقٍ (فشلُ متصفّحٍ عابرٌ),2026-10-01 14:31:57 +0000,6383
apps/gateway/src/routes/health.ts,executable,bf614ed4,docs: DEC-33 — إعادةُ جولةِ تحقُّقٍ (فشلُ متصفّحٍ عابرٌ),2026-10-01 14:31:57 +0000,7229
apps/gateway/src/routes/me-data-rights.ts,executable,bf614ed4,docs: DEC-33 — إعادةُ جولةِ تحقُّقٍ (فشلُ متصفّحٍ عابرٌ),2026-10-01 14:31:57 +0000,7121
apps/gateway/src/routes/me-emergency-contact.ts,executable,9f6b3875,feat: DEC-41 GET/PUT /v1/me/emergency-contact — emergency contact CRUD (#373),2026-10-02 11:41:15 +0300,2986
apps/gateway/src/routes/me-notification-prefs.ts,executable,2c589da0,feat: DEC-42 notification preferences + DEC-41 emergency contact (#374),2026-10-02 12:08:22 +0300,2791
apps/gateway/src/routes/me-places.ts,executable,78746aab,feat: DEC-40 PATCH /v1/me/places/:id — update saved place (#372),2026-10-02 11:27:20 +0300,9333
apps/gateway/src/routes/me.ts,executable,bf614ed4,docs: DEC-33 — إعادةُ جولةِ تحقُّقٍ (فشلُ متصفّحٍ عابرٌ),2026-10-01 14:31:57 +0000,6538
apps/gateway/src/routes/metrics.ts,executable,bf614ed4,docs: DEC-33 — إعادةُ جولةِ تحقُّقٍ (فشلُ متصفّحٍ عابرٌ),2026-10-01 14:31:57 +0000,4683
apps/gateway/src/routes/notifications.ts,executable,bf614ed4,docs: DEC-33 — إعادةُ جولةِ تحقُّقٍ (فشلُ متصفّحٍ عابرٌ),2026-10-01 14:31:57 +0000,9230
apps/gateway/src/routes/onboarding.ts,executable,bf614ed4,docs: DEC-33 — إعادةُ جولةِ تحقُّقٍ (فشلُ متصفّحٍ عابرٌ),2026-10-01 14:31:57 +0000,4210
apps/gateway/src/routes/payment-webhook.ts,executable,bf614ed4,docs: DEC-33 — إعادةُ جولةِ تحقُّقٍ (فشلُ متصفّحٍ عابرٌ),2026-10-01 14:31:57 +0000,7379
apps/gateway/src/routes/policy.ts,executable,bf614ed4,docs: DEC-33 — إعادةُ جولةِ تحقُّقٍ (فشلُ متصفّحٍ عابرٌ),2026-10-01 14:31:57 +0000,4132
apps/gateway/src/routes/public-tracking.ts,executable,bf614ed4,docs: DEC-33 — إعادةُ جولةِ تحقُّقٍ (فشلُ متصفّحٍ عابرٌ),2026-10-01 14:31:57 +0000,15178
apps/gateway/src/routes/quote.ts,executable,bf614ed4,docs: DEC-33 — إعادةُ جولةِ تحقُّقٍ (فشلُ متصفّحٍ عابرٌ),2026-10-01 14:31:57 +0000,6897
apps/gateway/src/routes/rides.ts,executable,bf614ed4,docs: DEC-33 — إعادةُ جولةِ تحقُّقٍ (فشلُ متصفّحٍ عابرٌ),2026-10-01 14:31:57 +0000,38790
apps/gateway/src/routes/safety.ts,executable,bf614ed4,docs: DEC-33 — إعادةُ جولةِ تحقُّقٍ (فشلُ متصفّحٍ عابرٌ),2026-10-01 14:31:57 +0000,12971
apps/gateway/src/routes/session-refresh.ts,executable,bf614ed4,docs: DEC-33 — إعادةُ جولةِ تحقُّقٍ (فشلُ متصفّحٍ عابرٌ),2026-10-01 14:31:57 +0000,7500
apps/gateway/src/routes/session-telegram.ts,executable,bf614ed4,docs: DEC-33 — إعادةُ جولةِ تحقُّقٍ (فشلُ متصفّحٍ عابرٌ),2026-10-01 14:31:57 +0000,10653
apps/gateway/src/routes/support-tickets.ts,executable,440202e9,feat: DEC-43 ticket threads + DEC-41 emergency contact + DEC-42 notification pre,2026-10-02 12:20:41 +0300,17998
apps/gateway/src/routes/telegram-webhook.ts,executable,bf614ed4,docs: DEC-33 — إعادةُ جولةِ تحقُّقٍ (فشلُ متصفّحٍ عابرٌ),2026-10-01 14:31:57 +0000,21416
apps/gateway/src/routes/update-dedup.ts,executable,bf614ed4,docs: DEC-33 — إعادةُ جولةِ تحقُّقٍ (فشلُ متصفّحٍ عابرٌ),2026-10-01 14:31:57 +0000,6029
apps/gateway/src/routes/update-intake.ts,executable,bf614ed4,docs: DEC-33 — إعادةُ جولةِ تحقُّقٍ (فشلُ متصفّحٍ عابرٌ),2026-10-01 14:31:57 +0000,9512
apps/gateway/src/server.ts,executable,2c589da0,feat: DEC-42 notification preferences + DEC-41 emergency contact (#374),2026-10-02 12:08:22 +0300,20795
apps/miniapp/README.md,other,bf614ed4,docs: DEC-33 — إعادةُ جولةِ تحقُّقٍ (فشلُ متصفّحٍ عابرٌ),2026-10-01 14:31:57 +0000,2034
apps/miniapp/index.html,asset,bf614ed4,docs: DEC-33 — إعادةُ جولةِ تحقُّقٍ (فشلُ متصفّحٍ عابرٌ),2026-10-01 14:31:57 +0000,7341
apps/miniapp/package.json,config,bf614ed4,docs: DEC-33 — إعادةُ جولةِ تحقُّقٍ (فشلُ متصفّحٍ عابرٌ),2026-10-01 14:31:57 +0000,591
apps/miniapp/src/App.tsx,executable,bf614ed4,docs: DEC-33 — إعادةُ جولةِ تحقُّقٍ (فشلُ متصفّحٍ عابرٌ),2026-10-01 14:31:57 +0000,2012
apps/miniapp/src/api/client.test.ts,test,bf614ed4,docs: DEC-33 — إعادةُ جولةِ تحقُّقٍ (فشلُ متصفّحٍ عابرٌ),2026-10-01 14:31:57 +0000,4179
apps/miniapp/src/api/client.ts,executable,bf614ed4,docs: DEC-33 — إعادةُ جولةِ تحقُّقٍ (فشلُ متصفّحٍ عابرٌ),2026-10-01 14:31:57 +0000,9993
apps/miniapp/src/identity/boot.test.ts,test,bf614ed4,docs: DEC-33 — إعادةُ جولةِ تحقُّقٍ (فشلُ متصفّحٍ عابرٌ),2026-10-01 14:31:57 +0000,10610
apps/miniapp/src/identity/boot.ts,executable,bf614ed4,docs: DEC-33 — إعادةُ جولةِ تحقُّقٍ (فشلُ متصفّحٍ عابرٌ),2026-10-01 14:31:57 +0000,11456
apps/miniapp/src/identity/preboot.test.ts,test,bf614ed4,docs: DEC-33 — إعادةُ جولةِ تحقُّقٍ (فشلُ متصفّحٍ عابرٌ),2026-10-01 14:31:57 +0000,2942
apps/miniapp/src/identity/preboot.ts,executable,bf614ed4,docs: DEC-33 — إعادةُ جولةِ تحقُّقٍ (فشلُ متصفّحٍ عابرٌ),2026-10-01 14:31:57 +0000,5253
apps/miniapp/src/identity/renew.test.ts,test,bf614ed4,docs: DEC-33 — إعادةُ جولةِ تحقُّقٍ (فشلُ متصفّحٍ عابرٌ),2026-10-01 14:31:57 +0000,9176
apps/miniapp/src/identity/renew.ts,executable,bf614ed4,docs: DEC-33 — إعادةُ جولةِ تحقُّقٍ (فشلُ متصفّحٍ عابرٌ),2026-10-01 14:31:57 +0000,6009
apps/miniapp/src/identity/session-storage.test.ts,test,bf614ed4,docs: DEC-33 — إعادةُ جولةِ تحقُّقٍ (فشلُ متصفّحٍ عابرٌ),2026-10-01 14:31:57 +0000,7424
apps/miniapp/src/identity/session-storage.ts,executable,bf614ed4,docs: DEC-33 — إعادةُ جولةِ تحقُّقٍ (فشلُ متصفّحٍ عابرٌ),2026-10-01 14:31:57 +0000,5810
apps/miniapp/src/identity/session.test.ts,test,bf614ed4,docs: DEC-33 — إعادةُ جولةِ تحقُّقٍ (فشلُ متصفّحٍ عابرٌ),2026-10-01 14:31:57 +0000,955
apps/miniapp/src/identity/session.ts,executable,bf614ed4,docs: DEC-33 — إعادةُ جولةِ تحقُّقٍ (فشلُ متصفّحٍ عابرٌ),2026-10-01 14:31:57 +0000,3257
apps/miniapp/src/identity/test-secure-store.ts,test,bf614ed4,docs: DEC-33 — إعادةُ جولةِ تحقُّقٍ (فشلُ متصفّحٍ عابرٌ),2026-10-01 14:31:57 +0000,3716
apps/miniapp/src/identity/viewer.test.ts,test,bf614ed4,docs: DEC-33 — إعادةُ جولةِ تحقُّقٍ (فشلُ متصفّحٍ عابرٌ),2026-10-01 14:31:57 +0000,11529
apps/miniapp/src/identity/viewer.ts,executable,bf614ed4,docs: DEC-33 — إعادةُ جولةِ تحقُّقٍ (فشلُ متصفّحٍ عابرٌ),2026-10-01 14:31:57 +0000,7230
apps/miniapp/src/main.tsx,executable,bf614ed4,docs: DEC-33 — إعادةُ جولةِ تحقُّقٍ (فشلُ متصفّحٍ عابرٌ),2026-10-01 14:31:57 +0000,330
apps/miniapp/src/preboot-html.test.ts,test,bf614ed4,docs: DEC-33 — إعادةُ جولةِ تحقُّقٍ (فشلُ متصفّحٍ عابرٌ),2026-10-01 14:31:57 +0000,1480
apps/miniapp/src/routing/RoleRouter.tsx,executable,bf614ed4,docs: DEC-33 — إعادةُ جولةِ تحقُّقٍ (فشلُ متصفّحٍ عابرٌ),2026-10-01 14:31:57 +0000,14977
apps/miniapp/src/routing/entry-target.test.ts,test,bf614ed4,docs: DEC-33 — إعادةُ جولةِ تحقُّقٍ (فشلُ متصفّحٍ عابرٌ),2026-10-01 14:31:57 +0000,538
apps/miniapp/src/routing/entry-target.ts,executable,bf614ed4,docs: DEC-33 — إعادةُ جولةِ تحقُّقٍ (فشلُ متصفّحٍ عابرٌ),2026-10-01 14:31:57 +0000,1951
apps/miniapp/src/routing/role-route.test.ts,test,bf614ed4,docs: DEC-33 — إعادةُ جولةِ تحقُّقٍ (فشلُ متصفّحٍ عابرٌ),2026-10-01 14:31:57 +0000,7137
apps/miniapp/src/routing/role-route.ts,executable,bf614ed4,docs: DEC-33 — إعادةُ جولةِ تحقُّقٍ (فشلُ متصفّحٍ عابرٌ),2026-10-01 14:31:57 +0000,5582
apps/miniapp/src/routing/role-router-interactive.test.ts,test,bf614ed4,docs: DEC-33 — إعادةُ جولةِ تحقُّقٍ (فشلُ متصفّحٍ عابرٌ),2026-10-01 14:31:57 +0000,4678
apps/miniapp/src/routing/role-router-language.test.tsx,test,bf614ed4,docs: DEC-33 — إعادةُ جولةِ تحقُّقٍ (فشلُ متصفّحٍ عابرٌ),2026-10-01 14:31:57 +0000,3144
apps/miniapp/src/services/capture-photo.ts,executable,bf614ed4,docs: DEC-33 — إعادةُ جولةِ تحقُّقٍ (فشلُ متصفّحٍ عابرٌ),2026-10-01 14:31:57 +0000,2283
apps/miniapp/src/services/live-tracking-reducer.ts,executable,bf614ed4,docs: DEC-33 — إعادةُ جولةِ تحقُّقٍ (فشلُ متصفّحٍ عابرٌ),2026-10-01 14:31:57 +0000,3694
apps/miniapp/src/services/offers-channel-client.ts,executable,bf614ed4,docs: DEC-33 — إعادةُ جولةِ تحقُّقٍ (فشلُ متصفّحٍ عابرٌ),2026-10-01 14:31:57 +0000,3494
apps/miniapp/src/services/production-offers-channel.ts,executable,bf614ed4,docs: DEC-33 — إعادةُ جولةِ تحقُّقٍ (فشلُ متصفّحٍ عابرٌ),2026-10-01 14:31:57 +0000,1477
apps/miniapp/src/services/production-ride-channel.test.ts,test,bf614ed4,docs: DEC-33 — إعادةُ جولةِ تحقُّقٍ (فشلُ متصفّحٍ عابرٌ),2026-10-01 14:31:57 +0000,1323
apps/miniapp/src/services/production-ride-channel.ts,executable,bf614ed4,docs: DEC-33 — إعادةُ جولةِ تحقُّقٍ (فشلُ متصفّحٍ عابرٌ),2026-10-01 14:31:57 +0000,2235
apps/miniapp/src/services/ride-channel-client.ts,executable,bf614ed4,docs: DEC-33 — إعادةُ جولةِ تحقُّقٍ (فشلُ متصفّحٍ عابرٌ),2026-10-01 14:31:57 +0000,4664
apps/miniapp/src/shell/ErrorBoundary.tsx,executable,bf614ed4,docs: DEC-33 — إعادةُ جولةِ تحقُّقٍ (فشلُ متصفّحٍ عابرٌ),2026-10-01 14:31:57 +0000,4037
apps/miniapp/src/shell/Layout.tsx,executable,bf614ed4,docs: DEC-33 — إعادةُ جولةِ تحقُّقٍ (فشلُ متصفّحٍ عابرٌ),2026-10-01 14:31:57 +0000,2404
apps/miniapp/src/shell/Shell.tsx,executable,bf614ed4,docs: DEC-33 — إعادةُ جولةِ تحقُّقٍ (فشلُ متصفّحٍ عابرٌ),2026-10-01 14:31:57 +0000,8969
apps/miniapp/src/shell/identity-port.ts,executable,bf614ed4,docs: DEC-33 — إعادةُ جولةِ تحقُّقٍ (فشلُ متصفّحٍ عابرٌ),2026-10-01 14:31:57 +0000,3068
apps/miniapp/src/styles/direction.test.ts,test,bf614ed4,docs: DEC-33 — إعادةُ جولةِ تحقُّقٍ (فشلُ متصفّحٍ عابرٌ),2026-10-01 14:31:57 +0000,3749
apps/miniapp/src/styles/direction.ts,executable,bf614ed4,docs: DEC-33 — إعادةُ جولةِ تحقُّقٍ (فشلُ متصفّحٍ عابرٌ),2026-10-01 14:31:57 +0000,4536
apps/miniapp/src/styles/global.css,asset,8ec9892b,feat: DEC-38 wire upload progress + clear document debts (#370),2026-10-02 10:38:17 +0300,129508
apps/miniapp/src/surfaces/account/AccountRights.tsx,executable,3b654094,feat: DEC-35 privacy view — review consents screen reusing consentRows (#367),2026-10-02 09:28:31 +0300,21773
apps/miniapp/src/surfaces/account/account-api.ts,executable,bf614ed4,docs: DEC-33 — إعادةُ جولةِ تحقُّقٍ (فشلُ متصفّحٍ عابرٌ),2026-10-01 14:31:57 +0000,3242
apps/miniapp/src/surfaces/account/account-contract.ts,executable,bf614ed4,docs: DEC-33 — إعادةُ جولةِ تحقُّقٍ (فشلُ متصفّحٍ عابرٌ),2026-10-01 14:31:57 +0000,4365
apps/miniapp/src/surfaces/account/account-view.ts,executable,bf614ed4,docs: DEC-33 — إعادةُ جولةِ تحقُّقٍ (فشلُ متصفّحٍ عابرٌ),2026-10-01 14:31:57 +0000,11545
apps/miniapp/src/surfaces/admin/AdminRoot.tsx,executable,bf614ed4,docs: DEC-33 — إعادةُ جولةِ تحقُّقٍ (فشلُ متصفّحٍ عابرٌ),2026-10-01 14:31:57 +0000,1999
apps/miniapp/src/surfaces/driver/DriverRoot.tsx,executable,6c594d78,feat: DEC-37 deduction trace — GET /v1/driver/deductions from wallet ledger (#36,2026-10-02 10:19:23 +0300,14534
apps/miniapp/src/surfaces/driver/account/AccountScreen.tsx,executable,bf614ed4,docs: DEC-33 — إعادةُ جولةِ تحقُّقٍ (فشلُ متصفّحٍ عابرٌ),2026-10-01 14:31:57 +0000,2408
apps/miniapp/src/surfaces/driver/account/account-view.ts,executable,bf614ed4,docs: DEC-33 — إعادةُ جولةِ تحقُّقٍ (فشلُ متصفّحٍ عابرٌ),2026-10-01 14:31:57 +0000,3362
apps/miniapp/src/surfaces/driver/activity/ActivityScreen.tsx,executable,bf614ed4,docs: DEC-33 — إعادةُ جولةِ تحقُّقٍ (فشلُ متصفّحٍ عابرٌ),2026-10-01 14:31:57 +0000,15385
apps/miniapp/src/surfaces/driver/activity/activity-api.ts,executable,bf614ed4,docs: DEC-33 — إعادةُ جولةِ تحقُّقٍ (فشلُ متصفّحٍ عابرٌ),2026-10-01 14:31:57 +0000,3107
apps/miniapp/src/surfaces/driver/activity/activity-contract.ts,executable,bf614ed4,docs: DEC-33 — إعادةُ جولةِ تحقُّقٍ (فشلُ متصفّحٍ عابرٌ),2026-10-01 14:31:57 +0000,6183
apps/miniapp/src/surfaces/driver/activity/activity-view.ts,executable,bf614ed4,docs: DEC-33 — إعادةُ جولةِ تحقُّقٍ (فشلُ متصفّحٍ عابرٌ),2026-10-01 14:31:57 +0000,9823
apps/miniapp/src/surfaces/driver/deductions/DeductionTraceScreen.tsx,executable,6c594d78,feat: DEC-37 deduction trace — GET /v1/driver/deductions from wallet ledger (#36,2026-10-02 10:19:23 +0300,4052
apps/miniapp/src/surfaces/driver/deductions/deduction-trace-api.ts,executable,6c594d78,feat: DEC-37 deduction trace — GET /v1/driver/deductions from wallet ledger (#36,2026-10-02 10:19:23 +0300,1789
apps/miniapp/src/surfaces/driver/documents/DocumentsScreen.tsx,executable,8ec9892b,feat: DEC-38 wire upload progress + clear document debts (#370),2026-10-02 10:38:17 +0300,20719
apps/miniapp/src/surfaces/driver/documents/documents-api.ts,executable,bf614ed4,docs: DEC-33 — إعادةُ جولةِ تحقُّقٍ (فشلُ متصفّحٍ عابرٌ),2026-10-01 14:31:57 +0000,4622
apps/miniapp/src/surfaces/driver/documents/documents-contract.ts,executable,a36bfbaa,"fix: DEC-28/DEC-31 documents debt truth — wire upload progress, remove activated",2026-10-02 09:12:55 +0300,4249
apps/miniapp/src/surfaces/driver/documents/documents-view.ts,executable,bf614ed4,docs: DEC-33 — إعادةُ جولةِ تحقُّقٍ (فشلُ متصفّحٍ عابرٌ),2026-10-01 14:31:57 +0000,13227
apps/miniapp/src/surfaces/driver/documents/upload-progress.ts,executable,bf614ed4,docs: DEC-33 — إعادةُ جولةِ تحقُّقٍ (فشلُ متصفّحٍ عابرٌ),2026-10-01 14:31:57 +0000,3577
apps/miniapp/src/surfaces/driver/entry-view.test.ts,test,bf614ed4,docs: DEC-33 — إعادةُ جولةِ تحقُّقٍ (فشلُ متصفّحٍ عابرٌ),2026-10-01 14:31:57 +0000,907
apps/miniapp/src/surfaces/driver/entry-view.ts,executable,bf614ed4,docs: DEC-33 — إعادةُ جولةِ تحقُّقٍ (فشلُ متصفّحٍ عابرٌ),2026-10-01 14:31:57 +0000,1378
apps/miniapp/src/surfaces/driver/job/JobScreen.tsx,executable,bf614ed4,docs: DEC-33 — إعادةُ جولةِ تحقُّقٍ (فشلُ متصفّحٍ عابرٌ),2026-10-01 14:31:57 +0000,21157
apps/miniapp/src/surfaces/driver/job/job-api.ts,executable,bf614ed4,docs: DEC-33 — إعادةُ جولةِ تحقُّقٍ (فشلُ متصفّحٍ عابرٌ),2026-10-01 14:31:57 +0000,5182
apps/miniapp/src/surfaces/driver/job/job-contract.ts,executable,bf614ed4,docs: DEC-33 — إعادةُ جولةِ تحقُّقٍ (فشلُ متصفّحٍ عابرٌ),2026-10-01 14:31:57 +0000,6733
apps/miniapp/src/surfaces/driver/job/job-view.ts,executable,bf614ed4,docs: DEC-33 — إعادةُ جولةِ تحقُّقٍ (فشلُ متصفّحٍ عابرٌ),2026-10-01 14:31:57 +0000,12290
apps/miniapp/src/surfaces/driver/location/LocationBroadcast.tsx,executable,bf614ed4,docs: DEC-33 — إعادةُ جولةِ تحقُّقٍ (فشلُ متصفّحٍ عابرٌ),2026-10-01 14:31:57 +0000,9618
apps/miniapp/src/surfaces/driver/location/broadcast-api.ts,executable,bf614ed4,docs: DEC-33 — إعادةُ جولةِ تحقُّقٍ (فشلُ متصفّحٍ عابرٌ),2026-10-01 14:31:57 +0000,4795
apps/miniapp/src/surfaces/driver/offers/OfferDetailScreen.tsx,executable,bf614ed4,docs: DEC-33 — إعادةُ جولةِ تحقُّقٍ (فشلُ متصفّحٍ عابرٌ),2026-10-01 14:31:57 +0000,12071
apps/miniapp/src/surfaces/driver/offers/OffersScreen.tsx,executable,bf614ed4,docs: DEC-33 — إعادةُ جولةِ تحقُّقٍ (فشلُ متصفّحٍ عابرٌ),2026-10-01 14:31:57 +0000,22131
apps/miniapp/src/surfaces/driver/offers/offers-api.ts,executable,bf614ed4,docs: DEC-33 — إعادةُ جولةِ تحقُّقٍ (فشلُ متصفّحٍ عابرٌ),2026-10-01 14:31:57 +0000,2848
apps/miniapp/src/surfaces/driver/offers/offers-contract.ts,executable,bf614ed4,docs: DEC-33 — إعادةُ جولةِ تحقُّقٍ (فشلُ متصفّحٍ عابرٌ),2026-10-01 14:31:57 +0000,5006
apps/miniapp/src/surfaces/driver/offers/offers-view.ts,executable,bf614ed4,docs: DEC-33 — إعادةُ جولةِ تحقُّقٍ (فشلُ متصفّحٍ عابرٌ),2026-10-01 14:31:57 +0000,13257
apps/miniapp/src/surfaces/driver/subscription/PaymentInvoicePanel.tsx,executable,bf614ed4,docs: DEC-33 — إعادةُ جولةِ تحقُّقٍ (فشلُ متصفّحٍ عابرٌ),2026-10-01 14:31:57 +0000,15304
apps/miniapp/src/surfaces/driver/subscription/SubscriptionScreen.tsx,executable,bf614ed4,docs: DEC-33 — إعادةُ جولةِ تحقُّقٍ (فشلُ متصفّحٍ عابرٌ),2026-10-01 14:31:57 +0000,21953
apps/miniapp/src/surfaces/driver/subscription/invoice-api.ts,executable,bf614ed4,docs: DEC-33 — إعادةُ جولةِ تحقُّقٍ (فشلُ متصفّحٍ عابرٌ),2026-10-01 14:31:57 +0000,3757
apps/miniapp/src/surfaces/driver/subscription/invoice-contract.ts,executable,bf614ed4,docs: DEC-33 — إعادةُ جولةِ تحقُّقٍ (فشلُ متصفّحٍ عابرٌ),2026-10-01 14:31:57 +0000,5558
apps/miniapp/src/surfaces/driver/subscription/invoice-view.ts,executable,bf614ed4,docs: DEC-33 — إعادةُ جولةِ تحقُّقٍ (فشلُ متصفّحٍ عابرٌ),2026-10-01 14:31:57 +0000,9317
apps/miniapp/src/surfaces/driver/subscription/subscription-api.ts,executable,bf614ed4,docs: DEC-33 — إعادةُ جولةِ تحقُّقٍ (فشلُ متصفّحٍ عابرٌ),2026-10-01 14:31:57 +0000,2539
apps/miniapp/src/surfaces/driver/subscription/subscription-contract.ts,executable,bf614ed4,docs: DEC-33 — إعادةُ جولةِ تحقُّقٍ (فشلُ متصفّحٍ عابرٌ),2026-10-01 14:31:57 +0000,3398
apps/miniapp/src/surfaces/driver/subscription/subscription-view.ts,executable,bf614ed4,docs: DEC-33 — إعادةُ جولةِ تحقُّقٍ (فشلُ متصفّحٍ عابرٌ),2026-10-01 14:31:57 +0000,8236
apps/miniapp/src/surfaces/driver/summary/DriverRideSummaryScreen.tsx,executable,bf614ed4,docs: DEC-33 — إعادةُ جولةِ تحقُّقٍ (فشلُ متصفّحٍ عابرٌ),2026-10-01 14:31:57 +0000,6280
apps/miniapp/src/surfaces/driver/summary/driver-ride-summary-api.ts,executable,bf614ed4,docs: DEC-33 — إعادةُ جولةِ تحقُّقٍ (فشلُ متصفّحٍ عابرٌ),2026-10-01 14:31:57 +0000,2152
apps/miniapp/src/surfaces/driver/summary/driver-ride-summary-view.ts,executable,bf614ed4,docs: DEC-33 — إعادةُ جولةِ تحقُّقٍ (فشلُ متصفّحٍ عابرٌ),2026-10-01 14:31:57 +0000,1177
apps/miniapp/src/surfaces/driver/support/SupportScreen.tsx,executable,6c594d78,feat: DEC-37 deduction trace — GET /v1/driver/deductions from wallet ledger (#36,2026-10-02 10:19:23 +0300,5271
apps/miniapp/src/surfaces/driver/support/support-api.ts,executable,bf614ed4,docs: DEC-33 — إعادةُ جولةِ تحقُّقٍ (فشلُ متصفّحٍ عابرٌ),2026-10-01 14:31:57 +0000,1444
apps/miniapp/src/surfaces/driver/support/support-view.ts,executable,bf614ed4,docs: DEC-33 — إعادةُ جولةِ تحقُّقٍ (فشلُ متصفّحٍ عابرٌ),2026-10-01 14:31:57 +0000,3987
apps/miniapp/src/surfaces/driver/vehicle/VehicleScreen.tsx,executable,bf614ed4,docs: DEC-33 — إعادةُ جولةِ تحقُّقٍ (فشلُ متصفّحٍ عابرٌ),2026-10-01 14:31:57 +0000,14677
apps/miniapp/src/surfaces/driver/vehicle/vehicle-api.ts,executable,bf614ed4,docs: DEC-33 — إعادةُ جولةِ تحقُّقٍ (فشلُ متصفّحٍ عابرٌ),2026-10-01 14:31:57 +0000,2128
apps/miniapp/src/surfaces/driver/vehicle/vehicle-contract.ts,executable,bf614ed4,docs: DEC-33 — إعادةُ جولةِ تحقُّقٍ (فشلُ متصفّحٍ عابرٌ),2026-10-01 14:31:57 +0000,2081
apps/miniapp/src/surfaces/driver/vehicle/vehicle-view.ts,executable,bf614ed4,docs: DEC-33 — إعادةُ جولةِ تحقُّقٍ (فشلُ متصفّحٍ عابرٌ),2026-10-01 14:31:57 +0000,3279
apps/miniapp/src/surfaces/onboarding/OnboardingRoot.tsx,executable,bf614ed4,docs: DEC-33 — إعادةُ جولةِ تحقُّقٍ (فشلُ متصفّحٍ عابرٌ),2026-10-01 14:31:57 +0000,6859
apps/miniapp/src/surfaces/onboarding/onboarding-api.ts,executable,bf614ed4,docs: DEC-33 — إعادةُ جولةِ تحقُّقٍ (فشلُ متصفّحٍ عابرٌ),2026-10-01 14:31:57 +0000,1130
apps/miniapp/src/surfaces/onboarding/onboarding-view.test.ts,test,bf614ed4,docs: DEC-33 — إعادةُ جولةِ تحقُّقٍ (فشلُ متصفّحٍ عابرٌ),2026-10-01 14:31:57 +0000,1595
apps/miniapp/src/surfaces/onboarding/onboarding-view.ts,executable,bf614ed4,docs: DEC-33 — إعادةُ جولةِ تحقُّقٍ (فشلُ متصفّحٍ عابرٌ),2026-10-01 14:31:57 +0000,2072
apps/miniapp/src/surfaces/rider/RiderRoot.tsx,executable,23da119e,"feat: DEC-36 FAQ page — 5 Q&A items in i18n, FaqScreen with onOpenFaq in Support",2026-10-02 09:51:50 +0300,32154
apps/miniapp/src/surfaces/rider/account/AccountScreen.tsx,executable,bf614ed4,docs: DEC-33 — إعادةُ جولةِ تحقُّقٍ (فشلُ متصفّحٍ عابرٌ),2026-10-01 14:31:57 +0000,3969
apps/miniapp/src/surfaces/rider/account/account-api.ts,executable,bf614ed4,docs: DEC-33 — إعادةُ جولةِ تحقُّقٍ (فشلُ متصفّحٍ عابرٌ),2026-10-01 14:31:57 +0000,1315
apps/miniapp/src/surfaces/rider/account/account-contract.ts,executable,bf614ed4,docs: DEC-33 — إعادةُ جولةِ تحقُّقٍ (فشلُ متصفّحٍ عابرٌ),2026-10-01 14:31:57 +0000,1294
apps/miniapp/src/surfaces/rider/account/account-view.ts,executable,3b654094,feat: DEC-35 privacy view — review consents screen reusing consentRows (#367),2026-10-02 09:28:31 +0300,3962
apps/miniapp/src/surfaces/rider/active/ActiveRideScreen.tsx,executable,bf614ed4,docs: DEC-33 — إعادةُ جولةِ تحقُّقٍ (فشلُ متصفّحٍ عابرٌ),2026-10-01 14:31:57 +0000,23578
apps/miniapp/src/surfaces/rider/active/active-ride-api.ts,executable,bf614ed4,docs: DEC-33 — إعادةُ جولةِ تحقُّقٍ (فشلُ متصفّحٍ عابرٌ),2026-10-01 14:31:57 +0000,1602
apps/miniapp/src/surfaces/rider/active/active-ride-contract.ts,executable,bf614ed4,docs: DEC-33 — إعادةُ جولةِ تحقُّقٍ (فشلُ متصفّحٍ عابرٌ),2026-10-01 14:31:57 +0000,4226
apps/miniapp/src/surfaces/rider/active/active-ride-view.ts,executable,bf614ed4,docs: DEC-33 — إعادةُ جولةِ تحقُّقٍ (فشلُ متصفّحٍ عابرٌ),2026-10-01 14:31:57 +0000,10781
apps/miniapp/src/surfaces/rider/destination/DestinationScreen.tsx,executable,bf614ed4,docs: DEC-33 — إعادةُ جولةِ تحقُّقٍ (فشلُ متصفّحٍ عابرٌ),2026-10-01 14:31:57 +0000,19558
apps/miniapp/src/surfaces/rider/destination/destination-contract.ts,executable,bf614ed4,docs: DEC-33 — إعادةُ جولةِ تحقُّقٍ (فشلُ متصفّحٍ عابرٌ),2026-10-01 14:31:57 +0000,2977
apps/miniapp/src/surfaces/rider/destination/destination-view.ts,executable,bf614ed4,docs: DEC-33 — إعادةُ جولةِ تحقُّقٍ (فشلُ متصفّحٍ عابرٌ),2026-10-01 14:31:57 +0000,11853
apps/miniapp/src/surfaces/rider/destination/destinations-api.ts,executable,bf614ed4,docs: DEC-33 — إعادةُ جولةِ تحقُّقٍ (فشلُ متصفّحٍ عابرٌ),2026-10-01 14:31:57 +0000,2015
apps/miniapp/src/surfaces/rider/entry-view.test.ts,test,bf614ed4,docs: DEC-33 — إعادةُ جولةِ تحقُّقٍ (فشلُ متصفّحٍ عابرٌ),2026-10-01 14:31:57 +0000,1067
apps/miniapp/src/surfaces/rider/entry-view.ts,executable,bf614ed4,docs: DEC-33 — إعادةُ جولةِ تحقُّقٍ (فشلُ متصفّحٍ عابرٌ),2026-10-01 14:31:57 +0000,1959
apps/miniapp/src/surfaces/rider/faq/FaqScreen.tsx,executable,23da119e,"feat: DEC-36 FAQ page — 5 Q&A items in i18n, FaqScreen with onOpenFaq in Support",2026-10-02 09:51:50 +0300,2506
apps/miniapp/src/surfaces/rider/history/RideDetailScreen.tsx,executable,bf614ed4,docs: DEC-33 — إعادةُ جولةِ تحقُّقٍ (فشلُ متصفّحٍ عابرٌ),2026-10-01 14:31:57 +0000,17014
apps/miniapp/src/surfaces/rider/history/RideHistoryScreen.tsx,executable,bf614ed4,docs: DEC-33 — إعادةُ جولةِ تحقُّقٍ (فشلُ متصفّحٍ عابرٌ),2026-10-01 14:31:57 +0000,19983
apps/miniapp/src/surfaces/rider/history/ride-history-api.ts,executable,bf614ed4,docs: DEC-33 — إعادةُ جولةِ تحقُّقٍ (فشلُ متصفّحٍ عابرٌ),2026-10-01 14:31:57 +0000,2642
apps/miniapp/src/surfaces/rider/history/ride-history-contract.ts,executable,bf614ed4,docs: DEC-33 — إعادةُ جولةِ تحقُّقٍ (فشلُ متصفّحٍ عابرٌ),2026-10-01 14:31:57 +0000,4848
apps/miniapp/src/surfaces/rider/history/ride-history-view.ts,executable,bf614ed4,docs: DEC-33 — إعادةُ جولةِ تحقُّقٍ (فشلُ متصفّحٍ عابرٌ),2026-10-01 14:31:57 +0000,13031
apps/miniapp/src/surfaces/rider/home/HomeScreen.tsx,executable,78492567,feat: DEC-34 lost & found page — dedicated surface with initialCategory=lost_ite,2026-10-02 09:21:25 +0300,15505
apps/miniapp/src/surfaces/rider/home/home-screen.test.tsx,test,bf614ed4,docs: DEC-33 — إعادةُ جولةِ تحقُّقٍ (فشلُ متصفّحٍ عابرٌ),2026-10-01 14:31:57 +0000,5081
apps/miniapp/src/surfaces/rider/home/home-view.test.ts,test,bf614ed4,docs: DEC-33 — إعادةُ جولةِ تحقُّقٍ (فشلُ متصفّحٍ عابرٌ),2026-10-01 14:31:57 +0000,5333
apps/miniapp/src/surfaces/rider/home/home-view.ts,executable,bf614ed4,docs: DEC-33 — إعادةُ جولةِ تحقُّقٍ (فشلُ متصفّحٍ عابرٌ),2026-10-01 14:31:57 +0000,6849
apps/miniapp/src/surfaces/rider/home/places-api.ts,executable,bf614ed4,docs: DEC-33 — إعادةُ جولةِ تحقُّقٍ (فشلُ متصفّحٍ عابرٌ),2026-10-01 14:31:57 +0000,2754
apps/miniapp/src/surfaces/rider/notifications/NotificationsScreen.tsx,executable,bf614ed4,docs: DEC-33 — إعادةُ جولةِ تحقُّقٍ (فشلُ متصفّحٍ عابرٌ),2026-10-01 14:31:57 +0000,12163
apps/miniapp/src/surfaces/rider/notifications/notifications-api.ts,executable,bf614ed4,docs: DEC-33 — إعادةُ جولةِ تحقُّقٍ (فشلُ متصفّحٍ عابرٌ),2026-10-01 14:31:57 +0000,2128
apps/miniapp/src/surfaces/rider/notifications/notifications-contract.ts,executable,bf614ed4,docs: DEC-33 — إعادةُ جولةِ تحقُّقٍ (فشلُ متصفّحٍ عابرٌ),2026-10-01 14:31:57 +0000,3198
apps/miniapp/src/surfaces/rider/notifications/notifications-view.ts,executable,bf614ed4,docs: DEC-33 — إعادةُ جولةِ تحقُّقٍ (فشلُ متصفّحٍ عابرٌ),2026-10-01 14:31:57 +0000,4901
apps/miniapp/src/surfaces/rider/privacy/PrivacyScreen.tsx,executable,3b654094,feat: DEC-35 privacy view — review consents screen reusing consentRows (#367),2026-10-02 09:28:31 +0300,4178
apps/miniapp/src/surfaces/rider/quote/QuoteScreen.tsx,executable,bf614ed4,docs: DEC-33 — إعادةُ جولةِ تحقُّقٍ (فشلُ متصفّحٍ عابرٌ),2026-10-01 14:31:57 +0000,25350
apps/miniapp/src/surfaces/rider/quote/quote-api.ts,executable,bf614ed4,docs: DEC-33 — إعادةُ جولةِ تحقُّقٍ (فشلُ متصفّحٍ عابرٌ),2026-10-01 14:31:57 +0000,1541
apps/miniapp/src/surfaces/rider/quote/quote-contract.ts,executable,bf614ed4,docs: DEC-33 — إعادةُ جولةِ تحقُّقٍ (فشلُ متصفّحٍ عابرٌ),2026-10-01 14:31:57 +0000,3259
apps/miniapp/src/surfaces/rider/quote/quote-view.ts,executable,bf614ed4,docs: DEC-33 — إعادةُ جولةِ تحقُّقٍ (فشلُ متصفّحٍ عابرٌ),2026-10-01 14:31:57 +0000,9384
apps/miniapp/src/surfaces/rider/rider-history-screens.ts,executable,bf614ed4,docs: DEC-33 — إعادةُ جولةِ تحقُّقٍ (فشلُ متصفّحٍ عابرٌ),2026-10-01 14:31:57 +0000,907
apps/miniapp/src/surfaces/rider/rider-ride-screens.ts,executable,bf614ed4,docs: DEC-33 — إعادةُ جولةِ تحقُّقٍ (فشلُ متصفّحٍ عابرٌ),2026-10-01 14:31:57 +0000,1802
apps/miniapp/src/surfaces/rider/search/SearchScreen.tsx,executable,bf614ed4,docs: DEC-33 — إعادةُ جولةِ تحقُّقٍ (فشلُ متصفّحٍ عابرٌ),2026-10-01 14:31:57 +0000,22545
apps/miniapp/src/surfaces/rider/search/delivery-api.ts,executable,bf614ed4,docs: DEC-33 — إعادةُ جولةِ تحقُّقٍ (فشلُ متصفّحٍ عابرٌ),2026-10-01 14:31:57 +0000,3848
apps/miniapp/src/surfaces/rider/search/request-by-service.ts,executable,bf614ed4,docs: DEC-33 — إعادةُ جولةِ تحقُّقٍ (فشلُ متصفّحٍ عابرٌ),2026-10-01 14:31:57 +0000,3081
apps/miniapp/src/surfaces/rider/search/ride-api.ts,executable,bf614ed4,docs: DEC-33 — إعادةُ جولةِ تحقُّقٍ (فشلُ متصفّحٍ عابرٌ),2026-10-01 14:31:57 +0000,3118
apps/miniapp/src/surfaces/rider/search/ride-contract.ts,executable,bf614ed4,docs: DEC-33 — إعادةُ جولةِ تحقُّقٍ (فشلُ متصفّحٍ عابرٌ),2026-10-01 14:31:57 +0000,3979
apps/miniapp/src/surfaces/rider/search/search-view.ts,executable,bf614ed4,docs: DEC-33 — إعادةُ جولةِ تحقُّقٍ (فشلُ متصفّحٍ عابرٌ),2026-10-01 14:31:57 +0000,10552
apps/miniapp/src/surfaces/rider/share/RideShareCard.tsx,executable,bf614ed4,docs: DEC-33 — إعادةُ جولةِ تحقُّقٍ (فشلُ متصفّحٍ عابرٌ),2026-10-01 14:31:57 +0000,12430
apps/miniapp/src/surfaces/rider/share/ride-share-api.ts,executable,bf614ed4,docs: DEC-33 — إعادةُ جولةِ تحقُّقٍ (فشلُ متصفّحٍ عابرٌ),2026-10-01 14:31:57 +0000,2041
apps/miniapp/src/surfaces/rider/share/ride-share-contract.ts,executable,bf614ed4,docs: DEC-33 — إعادةُ جولةِ تحقُّقٍ (فشلُ متصفّحٍ عابرٌ),2026-10-01 14:31:57 +0000,5230
apps/miniapp/src/surfaces/rider/share/ride-share-view.ts,executable,bf614ed4,docs: DEC-33 — إعادةُ جولةِ تحقُّقٍ (فشلُ متصفّحٍ عابرٌ),2026-10-01 14:31:57 +0000,9404
apps/miniapp/src/surfaces/rider/sos/SosCard.tsx,executable,bf614ed4,docs: DEC-33 — إعادةُ جولةِ تحقُّقٍ (فشلُ متصفّحٍ عابرٌ),2026-10-01 14:31:57 +0000,12302
apps/miniapp/src/surfaces/rider/sos/SosEntry.tsx,executable,bf614ed4,docs: DEC-33 — إعادةُ جولةِ تحقُّقٍ (فشلُ متصفّحٍ عابرٌ),2026-10-01 14:31:57 +0000,3139
apps/miniapp/src/surfaces/rider/sos/SosScreen.tsx,executable,bf614ed4,docs: DEC-33 — إعادةُ جولةِ تحقُّقٍ (فشلُ متصفّحٍ عابرٌ),2026-10-01 14:31:57 +0000,3505
apps/miniapp/src/surfaces/rider/sos/sos-api.ts,executable,bf614ed4,docs: DEC-33 — إعادةُ جولةِ تحقُّقٍ (فشلُ متصفّحٍ عابرٌ),2026-10-01 14:31:57 +0000,1626
apps/miniapp/src/surfaces/rider/sos/sos-contract.ts,executable,bf614ed4,docs: DEC-33 — إعادةُ جولةِ تحقُّقٍ (فشلُ متصفّحٍ عابرٌ),2026-10-01 14:31:57 +0000,4554
apps/miniapp/src/surfaces/rider/sos/sos-view.ts,executable,bf614ed4,docs: DEC-33 — إعادةُ جولةِ تحقُّقٍ (فشلُ متصفّحٍ عابرٌ),2026-10-01 14:31:57 +0000,8816
apps/miniapp/src/surfaces/rider/summary/RideSummaryScreen.tsx,executable,bf614ed4,docs: DEC-33 — إعادةُ جولةِ تحقُّقٍ (فشلُ متصفّحٍ عابرٌ),2026-10-01 14:31:57 +0000,20627
apps/miniapp/src/surfaces/rider/summary/ride-summary-api.ts,executable,bf614ed4,docs: DEC-33 — إعادةُ جولةِ تحقُّقٍ (فشلُ متصفّحٍ عابرٌ),2026-10-01 14:31:57 +0000,2545
apps/miniapp/src/surfaces/rider/summary/ride-summary-contract.ts,executable,bf614ed4,docs: DEC-33 — إعادةُ جولةِ تحقُّقٍ (فشلُ متصفّحٍ عابرٌ),2026-10-01 14:31:57 +0000,7047
apps/miniapp/src/surfaces/rider/summary/ride-summary-view.ts,executable,bf614ed4,docs: DEC-33 — إعادةُ جولةِ تحقُّقٍ (فشلُ متصفّحٍ عابرٌ),2026-10-01 14:31:57 +0000,12480
apps/miniapp/src/surfaces/rider/support/SupportScreen.tsx,executable,23da119e,"feat: DEC-36 FAQ page — 5 Q&A items in i18n, FaqScreen with onOpenFaq in Support",2026-10-02 09:51:50 +0300,6122
apps/miniapp/src/surfaces/rider/support/support-api.ts,executable,bf614ed4,docs: DEC-33 — إعادةُ جولةِ تحقُّقٍ (فشلُ متصفّحٍ عابرٌ),2026-10-01 14:31:57 +0000,1156
apps/miniapp/src/surfaces/rider/support/support-contract.ts,executable,bf614ed4,docs: DEC-33 — إعادةُ جولةِ تحقُّقٍ (فشلُ متصفّحٍ عابرٌ),2026-10-01 14:31:57 +0000,1999
apps/miniapp/src/surfaces/rider/support/support-view.ts,executable,bf614ed4,docs: DEC-33 — إعادةُ جولةِ تحقُّقٍ (فشلُ متصفّحٍ عابرٌ),2026-10-01 14:31:57 +0000,4641
apps/miniapp/src/surfaces/rider/welcome/WelcomeScreen.tsx,executable,bf614ed4,docs: DEC-33 — إعادةُ جولةِ تحقُّقٍ (فشلُ متصفّحٍ عابرٌ),2026-10-01 14:31:57 +0000,12783
apps/miniapp/src/surfaces/rider/welcome/consent-api.test.ts,test,bf614ed4,docs: DEC-33 — إعادةُ جولةِ تحقُّقٍ (فشلُ متصفّحٍ عابرٌ),2026-10-01 14:31:57 +0000,3643
apps/miniapp/src/surfaces/rider/welcome/consent-api.ts,executable,bf614ed4,docs: DEC-33 — إعادةُ جولةِ تحقُّقٍ (فشلُ متصفّحٍ عابرٌ),2026-10-01 14:31:57 +0000,2754
apps/miniapp/src/surfaces/rider/welcome/consent-view.test.ts,test,bf614ed4,docs: DEC-33 — إعادةُ جولةِ تحقُّقٍ (فشلُ متصفّحٍ عابرٌ),2026-10-01 14:31:57 +0000,5560
apps/miniapp/src/surfaces/rider/welcome/consent-view.ts,executable,bf614ed4,docs: DEC-33 — إعادةُ جولةِ تحقُّقٍ (فشلُ متصفّحٍ عابرٌ),2026-10-01 14:31:57 +0000,5903
apps/miniapp/src/surfaces/rider/welcome/surface-timing.test.tsx,test,bf614ed4,docs: DEC-33 — إعادةُ جولةِ تحقُّقٍ (فشلُ متصفّحٍ عابرٌ),2026-10-01 14:31:57 +0000,1571
apps/miniapp/src/surfaces/rider/welcome/surface-timing.ts,executable,bf614ed4,docs: DEC-33 — إعادةُ جولةِ تحقُّقٍ (فشلُ متصفّحٍ عابرٌ),2026-10-01 14:31:57 +0000,1279
apps/miniapp/src/surfaces/rider/welcome/welcome-screen.test.tsx,test,bf614ed4,docs: DEC-33 — إعادةُ جولةِ تحقُّقٍ (فشلُ متصفّحٍ عابرٌ),2026-10-01 14:31:57 +0000,4902
apps/miniapp/src/surfaces/support/TicketsScreen.tsx,executable,bf614ed4,docs: DEC-33 — إعادةُ جولةِ تحقُّقٍ (فشلُ متصفّحٍ عابرٌ),2026-10-01 14:31:57 +0000,16251
apps/miniapp/src/surfaces/support/ticket-api.ts,executable,bf614ed4,docs: DEC-33 — إعادةُ جولةِ تحقُّقٍ (فشلُ متصفّحٍ عابرٌ),2026-10-01 14:31:57 +0000,3330
apps/miniapp/src/surfaces/support/ticket-contract.ts,executable,bf614ed4,docs: DEC-33 — إعادةُ جولةِ تحقُّقٍ (فشلُ متصفّحٍ عابرٌ),2026-10-01 14:31:57 +0000,3841
apps/miniapp/src/surfaces/support/ticket-view.ts,executable,bf614ed4,docs: DEC-33 — إعادةُ جولةِ تحقُّقٍ (فشلُ متصفّحٍ عابرٌ),2026-10-01 14:31:57 +0000,9368
apps/miniapp/src/system/EmptyState.tsx,executable,bf614ed4,docs: DEC-33 — إعادةُ جولةِ تحقُّقٍ (فشلُ متصفّحٍ عابرٌ),2026-10-01 14:31:57 +0000,1623
apps/miniapp/src/system/Skeleton.tsx,executable,bf614ed4,docs: DEC-33 — إعادةُ جولةِ تحقُّقٍ (فشلُ متصفّحٍ عابرٌ),2026-10-01 14:31:57 +0000,1898
apps/miniapp/src/system/SystemScreen.tsx,executable,bf614ed4,docs: DEC-33 — إعادةُ جولةِ تحقُّقٍ (فشلُ متصفّحٍ عابرٌ),2026-10-01 14:31:57 +0000,3588
apps/miniapp/src/system/UnsupportedCityScreen.tsx,executable,bf614ed4,docs: DEC-33 — إعادةُ جولةِ تحقُّقٍ (فشلُ متصفّحٍ عابرٌ),2026-10-01 14:31:57 +0000,2270
apps/miniapp/src/system/bot-link.test.ts,test,bf614ed4,docs: DEC-33 — إعادةُ جولةِ تحقُّقٍ (فشلُ متصفّحٍ عابرٌ),2026-10-01 14:31:57 +0000,3169
apps/miniapp/src/system/bot-link.ts,executable,bf614ed4,docs: DEC-33 — إعادةُ جولةِ تحقُّقٍ (فشلُ متصفّحٍ عابرٌ),2026-10-01 14:31:57 +0000,3778
apps/miniapp/src/system/failure.test.ts,test,bf614ed4,docs: DEC-33 — إعادةُ جولةِ تحقُّقٍ (فشلُ متصفّحٍ عابرٌ),2026-10-01 14:31:57 +0000,5547
apps/miniapp/src/system/failure.ts,executable,bf614ed4,docs: DEC-33 — إعادةُ جولةِ تحقُّقٍ (فشلُ متصفّحٍ عابرٌ),2026-10-01 14:31:57 +0000,7582
apps/miniapp/src/system/health.test.ts,test,bf614ed4,docs: DEC-33 — إعادةُ جولةِ تحقُّقٍ (فشلُ متصفّحٍ عابرٌ),2026-10-01 14:31:57 +0000,2927
apps/miniapp/src/system/health.ts,executable,bf614ed4,docs: DEC-33 — إعادةُ جولةِ تحقُّقٍ (فشلُ متصفّحٍ عابرٌ),2026-10-01 14:31:57 +0000,3457
apps/miniapp/src/system/screens.test.tsx,test,bf614ed4,docs: DEC-33 — إعادةُ جولةِ تحقُّقٍ (فشلُ متصفّحٍ عابرٌ),2026-10-01 14:31:57 +0000,9139
apps/miniapp/src/system/state-text.test.ts,test,bf614ed4,docs: DEC-33 — إعادةُ جولةِ تحقُّقٍ (فشلُ متصفّحٍ عابرٌ),2026-10-01 14:31:57 +0000,6123
apps/miniapp/src/system/state-text.ts,executable,bf614ed4,docs: DEC-33 — إعادةُ جولةِ تحقُّقٍ (فشلُ متصفّحٍ عابرٌ),2026-10-01 14:31:57 +0000,9729
apps/miniapp/src/telemetry/events.ts,executable,bf614ed4,docs: DEC-33 — إعادةُ جولةِ تحقُّقٍ (فشلُ متصفّحٍ عابرٌ),2026-10-01 14:31:57 +0000,7923
apps/miniapp/src/telemetry/sink.ts,executable,bf614ed4,docs: DEC-33 — إعادةُ جولةِ تحقُّقٍ (فشلُ متصفّحٍ عابرٌ),2026-10-01 14:31:57 +0000,3651
apps/miniapp/src/telemetry/telemetry.test.ts,test,bf614ed4,docs: DEC-33 — إعادةُ جولةِ تحقُّقٍ (فشلُ متصفّحٍ عابرٌ),2026-10-01 14:31:57 +0000,9957
apps/miniapp/src/telemetry/telemetry.ts,executable,bf614ed4,docs: DEC-33 — إعادةُ جولةِ تحقُّقٍ (فشلُ متصفّحٍ عابرٌ),2026-10-01 14:31:57 +0000,2953
apps/miniapp/src/telemetry/wiring.test.ts,test,bf614ed4,docs: DEC-33 — إعادةُ جولةِ تحقُّقٍ (فشلُ متصفّحٍ عابرٌ),2026-10-01 14:31:57 +0000,10662
apps/miniapp/src/tg/app.ts,executable,bf614ed4,docs: DEC-33 — إعادةُ جولةِ تحقُّقٍ (فشلُ متصفّحٍ عابرٌ),2026-10-01 14:31:57 +0000,5551
apps/miniapp/src/tg/biometrics.ts,executable,bf614ed4,docs: DEC-33 — إعادةُ جولةِ تحقُّقٍ (فشلُ متصفّحٍ عابرٌ),2026-10-01 14:31:57 +0000,4713
apps/miniapp/src/tg/buttons.ts,executable,bf614ed4,docs: DEC-33 — إعادةُ جولةِ تحقُّقٍ (فشلُ متصفّحٍ عابرٌ),2026-10-01 14:31:57 +0000,3864
apps/miniapp/src/tg/capabilities.test.ts,test,bf614ed4,docs: DEC-33 — إعادةُ جولةِ تحقُّقٍ (فشلُ متصفّحٍ عابرٌ),2026-10-01 14:31:57 +0000,3225
apps/miniapp/src/tg/capabilities.ts,executable,bf614ed4,docs: DEC-33 — إعادةُ جولةِ تحقُّقٍ (فشلُ متصفّحٍ عابرٌ),2026-10-01 14:31:57 +0000,6670
apps/miniapp/src/tg/dialogs.ts,executable,bf614ed4,docs: DEC-33 — إعادةُ جولةِ تحقُّقٍ (فشلُ متصفّحٍ عابرٌ),2026-10-01 14:31:57 +0000,5425
apps/miniapp/src/tg/events.ts,executable,bf614ed4,docs: DEC-33 — إعادةُ جولةِ تحقُّقٍ (فشلُ متصفّحٍ عابرٌ),2026-10-01 14:31:57 +0000,4608
apps/miniapp/src/tg/haptics.ts,executable,bf614ed4,docs: DEC-33 — إعادةُ جولةِ تحقُّقٍ (فشلُ متصفّحٍ عابرٌ),2026-10-01 14:31:57 +0000,1779
apps/miniapp/src/tg/host-types.ts,executable,bf614ed4,docs: DEC-33 — إعادةُ جولةِ تحقُّقٍ (فشلُ متصفّحٍ عابرٌ),2026-10-01 14:31:57 +0000,6797
apps/miniapp/src/tg/index.ts,executable,bf614ed4,docs: DEC-33 — إعادةُ جولةِ تحقُّقٍ (فشلُ متصفّحٍ عابرٌ),2026-10-01 14:31:57 +0000,3330
apps/miniapp/src/tg/location.ts,executable,bf614ed4,docs: DEC-33 — إعادةُ جولةِ تحقُّقٍ (فشلُ متصفّحٍ عابرٌ),2026-10-01 14:31:57 +0000,4476
apps/miniapp/src/tg/measure-host.ts,executable,bf614ed4,docs: DEC-33 — إعادةُ جولةِ تحقُّقٍ (فشلُ متصفّحٍ عابرٌ),2026-10-01 14:31:57 +0000,1416
apps/miniapp/src/tg/outcome.ts,executable,bf614ed4,docs: DEC-33 — إعادةُ جولةِ تحقُّقٍ (فشلُ متصفّحٍ عابرٌ),2026-10-01 14:31:57 +0000,1367
apps/miniapp/src/tg/storage.ts,executable,bf614ed4,docs: DEC-33 — إعادةُ جولةِ تحقُّقٍ (فشلُ متصفّحٍ عابرٌ),2026-10-01 14:31:57 +0000,8379
apps/miniapp/src/tg/surface.test.ts,test,bf614ed4,docs: DEC-33 — إعادةُ جولةِ تحقُّقٍ (فشلُ متصفّحٍ عابرٌ),2026-10-01 14:31:57 +0000,12582
apps/miniapp/src/tg/test-host.ts,test,bf614ed4,docs: DEC-33 — إعادةُ جولةِ تحقُّقٍ (فشلُ متصفّحٍ عابرٌ),2026-10-01 14:31:57 +0000,8673
apps/miniapp/src/tg/theme.test.ts,test,bf614ed4,docs: DEC-33 — إعادةُ جولةِ تحقُّقٍ (فشلُ متصفّحٍ عابرٌ),2026-10-01 14:31:57 +0000,16614
apps/miniapp/src/tg/theme.ts,executable,bf614ed4,docs: DEC-33 — إعادةُ جولةِ تحقُّقٍ (فشلُ متصفّحٍ عابرٌ),2026-10-01 14:31:57 +0000,15092
apps/miniapp/src/tg/viewport.ts,executable,bf614ed4,docs: DEC-33 — إعادةُ جولةِ تحقُّقٍ (فشلُ متصفّحٍ عابرٌ),2026-10-01 14:31:57 +0000,2212
apps/miniapp/src/tg/webapp.test.ts,test,bf614ed4,docs: DEC-33 — إعادةُ جولةِ تحقُّقٍ (فشلُ متصفّحٍ عابرٌ),2026-10-01 14:31:57 +0000,1963
apps/miniapp/src/tg/webapp.ts,executable,bf614ed4,docs: DEC-33 — إعادةُ جولةِ تحقُّقٍ (فشلُ متصفّحٍ عابرٌ),2026-10-01 14:31:57 +0000,4143
apps/miniapp/src/vite-env.d.ts,executable,bf614ed4,docs: DEC-33 — إعادةُ جولةِ تحقُّقٍ (فشلُ متصفّحٍ عابرٌ),2026-10-01 14:31:57 +0000,208
apps/miniapp/tsconfig.json,config,bf614ed4,docs: DEC-33 — إعادةُ جولةِ تحقُّقٍ (فشلُ متصفّحٍ عابرٌ),2026-10-01 14:31:57 +0000,721
apps/miniapp/vite.config.ts,executable,bf614ed4,docs: DEC-33 — إعادةُ جولةِ تحقُّقٍ (فشلُ متصفّحٍ عابرٌ),2026-10-01 14:31:57 +0000,8666
apps/miniapp/vite/arabic-partitions.ts,executable,bf614ed4,docs: DEC-33 — إعادةُ جولةِ تحقُّقٍ (فشلُ متصفّحٍ عابرٌ),2026-10-01 14:31:57 +0000,2593
apps/miniapp/vite/assert-asset-references.ts,executable,bf614ed4,docs: DEC-33 — إعادةُ جولةِ تحقُّقٍ (فشلُ متصفّحٍ عابرٌ),2026-10-01 14:31:57 +0000,2340
apps/miniapp/vite/assert-dictionary-partitions.ts,executable,bf614ed4,docs: DEC-33 — إعادةُ جولةِ تحقُّقٍ (فشلُ متصفّحٍ عابرٌ),2026-10-01 14:31:57 +0000,4895
apps/miniapp/vite/assert-initial-dictionaries.ts,executable,bf614ed4,docs: DEC-33 — إعادةُ جولةِ تحقُّقٍ (فشلُ متصفّحٍ عابرٌ),2026-10-01 14:31:57 +0000,3180
apps/miniapp/vite/assert-preboot-placement.ts,executable,bf614ed4,docs: DEC-33 — إعادةُ جولةِ تحقُّقٍ (فشلُ متصفّحٍ عابرٌ),2026-10-01 14:31:57 +0000,3167
apps/miniapp/vite/assert-rider-first-surface.ts,executable,bf614ed4,docs: DEC-33 — إعادةُ جولةِ تحقُّقٍ (فشلُ متصفّحٍ عابرٌ),2026-10-01 14:31:57 +0000,5132
apps/miniapp/vite/inject-csp.ts,executable,bf614ed4,docs: DEC-33 — إعادةُ جولةِ تحقُّقٍ (فشلُ متصفّحٍ عابرٌ),2026-10-01 14:31:57 +0000,5165
apps/miniapp/vite/inline-entry-script.ts,executable,bf614ed4,docs: DEC-33 — إعادةُ جولةِ تحقُّقٍ (فشلُ متصفّحٍ عابرٌ),2026-10-01 14:31:57 +0000,9865
apps/miniapp/vite/inline-stylesheet.ts,executable,bf614ed4,docs: DEC-33 — إعادةُ جولةِ تحقُّقٍ (فشلُ متصفّحٍ عابرٌ),2026-10-01 14:31:57 +0000,3403
apps/miniapp/vite/warm-rider-home.ts,executable,bf614ed4,docs: DEC-33 — إعادةُ جولةِ تحقُّقٍ (فشلُ متصفّحٍ عابرٌ),2026-10-01 14:31:57 +0000,4023
apps/workers/src/container.ts,executable,bf614ed4,docs: DEC-33 — إعادةُ جولةِ تحقُّقٍ (فشلُ متصفّحٍ عابرٌ),2026-10-01 14:31:57 +0000,91334
apps/workers/src/index.ts,executable,bf614ed4,docs: DEC-33 — إعادةُ جولةِ تحقُّقٍ (فشلُ متصفّحٍ عابرٌ),2026-10-01 14:31:57 +0000,5936
apps/workers/src/jobs/backup-database.ts,executable,bf614ed4,docs: DEC-33 — إعادةُ جولةِ تحقُّقٍ (فشلُ متصفّحٍ عابرٌ),2026-10-01 14:31:57 +0000,11098
apps/workers/src/jobs/cleanup-stale-sessions.ts,executable,bf614ed4,docs: DEC-33 — إعادةُ جولةِ تحقُّقٍ (فشلُ متصفّحٍ عابرٌ),2026-10-01 14:31:57 +0000,3266
apps/workers/src/jobs/deliver-broadcasts.ts,executable,bf614ed4,docs: DEC-33 — إعادةُ جولةِ تحقُّقٍ (فشلُ متصفّحٍ عابرٌ),2026-10-01 14:31:57 +0000,672
apps/workers/src/jobs/deliver-notifications.ts,executable,bf614ed4,docs: DEC-33 — إعادةُ جولةِ تحقُّقٍ (فشلُ متصفّحٍ عابرٌ),2026-10-01 14:31:57 +0000,794
apps/workers/src/jobs/deliver-safety-incidents.ts,executable,bf614ed4,docs: DEC-33 — إعادةُ جولةِ تحقُّقٍ (فشلُ متصفّحٍ عابرٌ),2026-10-01 14:31:57 +0000,654
apps/workers/src/jobs/deliver-subscription-notices.ts,executable,bf614ed4,docs: DEC-33 — إعادةُ جولةِ تحقُّقٍ (فشلُ متصفّحٍ عابرٌ),2026-10-01 14:31:57 +0000,698
apps/workers/src/jobs/detect-ceiling-exceeded.ts,executable,bf614ed4,docs: DEC-33 — إعادةُ جولةِ تحقُّقٍ (فشلُ متصفّحٍ عابرٌ),2026-10-01 14:31:57 +0000,2658
apps/workers/src/jobs/detect-stalled-orders.ts,executable,bf614ed4,docs: DEC-33 — إعادةُ جولةِ تحقُّقٍ (فشلُ متصفّحٍ عابرٌ),2026-10-01 14:31:57 +0000,5278
apps/workers/src/jobs/expire-offers.ts,executable,bf614ed4,docs: DEC-33 — إعادةُ جولةِ تحقُّقٍ (فشلُ متصفّحٍ عابرٌ),2026-10-01 14:31:57 +0000,3090
apps/workers/src/jobs/expire-subscriptions.ts,executable,bf614ed4,docs: DEC-33 — إعادةُ جولةِ تحقُّقٍ (فشلُ متصفّحٍ عابرٌ),2026-10-01 14:31:57 +0000,2617
apps/workers/src/jobs/expire-tracking-tokens.ts,executable,bf614ed4,docs: DEC-33 — إعادةُ جولةِ تحقُّقٍ (فشلُ متصفّحٍ عابرٌ),2026-10-01 14:31:57 +0000,3634
apps/workers/src/jobs/recompute-ratings.ts,executable,bf614ed4,docs: DEC-33 — إعادةُ جولةِ تحقُّقٍ (فشلُ متصفّحٍ عابرٌ),2026-10-01 14:31:57 +0000,1605
apps/workers/src/jobs/reconcile-pending-payments.ts,executable,bf614ed4,docs: DEC-33 — إعادةُ جولةِ تحقُّقٍ (فشلُ متصفّحٍ عابرٌ),2026-10-01 14:31:57 +0000,1918
apps/workers/src/jobs/redispatch-searching.ts,executable,bf614ed4,docs: DEC-33 — إعادةُ جولةِ تحقُّقٍ (فشلُ متصفّحٍ عابرٌ),2026-10-01 14:31:57 +0000,2585
apps/workers/src/jobs/refresh-admin-metrics.ts,executable,bf614ed4,docs: DEC-33 — إعادةُ جولةِ تحقُّقٍ (فشلُ متصفّحٍ عابرٌ),2026-10-01 14:31:57 +0000,3486
apps/workers/src/jobs/rotate-unsubscribed-negotiation.ts,executable,bf614ed4,docs: DEC-33 — إعادةُ جولةِ تحقُّقٍ (فشلُ متصفّحٍ عابرٌ),2026-10-01 14:31:57 +0000,6646
apps/workers/src/jobs/sweep-unmatched-orders.ts,executable,bf614ed4,docs: DEC-33 — إعادةُ جولةِ تحقُّقٍ (فشلُ متصفّحٍ عابرٌ),2026-10-01 14:31:57 +0000,1418
apps/workers/src/jobs/verify-backup-restore.ts,executable,bf614ed4,docs: DEC-33 — إعادةُ جولةِ تحقُّقٍ (فشلُ متصفّحٍ عابرٌ),2026-10-01 14:31:57 +0000,9383
apps/workers/src/jobs/warn-expiring-documents.ts,executable,bf614ed4,docs: DEC-33 — إعادةُ جولةِ تحقُّقٍ (فشلُ متصفّحٍ عابرٌ),2026-10-01 14:31:57 +0000,1253
apps/workers/src/runner.ts,executable,bf614ed4,docs: DEC-33 — إعادةُ جولةِ تحقُّقٍ (فشلُ متصفّحٍ عابرٌ),2026-10-01 14:31:57 +0000,15957
biome.json,config,bf614ed4,docs: DEC-33 — إعادةُ جولةِ تحقُّقٍ (فشلُ متصفّحٍ عابرٌ),2026-10-01 14:31:57 +0000,1373
bun.lock,config,bf614ed4,docs: DEC-33 — إعادةُ جولةِ تحقُّقٍ (فشلُ متصفّحٍ عابرٌ),2026-10-01 14:31:57 +0000,27665
deferred/core-integration/README.md,deferred,bf614ed4,docs: DEC-33 — إعادةُ جولةِ تحقُّقٍ (فشلُ متصفّحٍ عابرٌ),2026-10-01 14:31:57 +0000,2902
deferred/core-integration/migrations/20260911100000_w4_operational_jobs.sql,deferred,bf614ed4,docs: DEC-33 — إعادةُ جولةِ تحقُّقٍ (فشلُ متصفّحٍ عابرٌ),2026-10-01 14:31:57 +0000,10942
deferred/core-integration/migrations/20260911100100_w5_core_inbox_move_outbox.sql,deferred,bf614ed4,docs: DEC-33 — إعادةُ جولةِ تحقُّقٍ (فشلُ متصفّحٍ عابرٌ),2026-10-01 14:31:57 +0000,33396
deferred/core-integration/migrations/20260911100200_w4_operational_jobs_open_state_index.sql,deferred,bf614ed4,docs: DEC-33 — إعادةُ جولةِ تحقُّقٍ (فشلُ متصفّحٍ عابرٌ),2026-10-01 14:31:57 +0000,1812
deferred/core-integration/migrations/20260911100300_w5_core_event_inbox_unprocessed_index.sql,deferred,bf614ed4,docs: DEC-33 — إعادةُ جولةِ تحقُّقٍ (فشلُ متصفّحٍ عابرٌ),2026-10-01 14:31:57 +0000,1277
deferred/core-integration/migrations/20260911100400_w5_move_event_outbox_due_index.sql,deferred,bf614ed4,docs: DEC-33 — إعادةُ جولةِ تحقُّقٍ (فشلُ متصفّحٍ عابرٌ),2026-10-01 14:31:57 +0000,1407
deferred/core-integration/migrations/20260912000000_w5_permanent_delivery_failure.sql,deferred,bf614ed4,docs: DEC-33 — إعادةُ جولةِ تحقُّقٍ (فشلُ متصفّحٍ عابرٌ),2026-10-01 14:31:57 +0000,4807
deferred/core-integration/tests/wasla-core-transport.test.ts,deferred,bf614ed4,docs: DEC-33 — إعادةُ جولةِ تحقُّقٍ (فشلُ متصفّحٍ عابرٌ),2026-10-01 14:31:57 +0000,16611
deferred/core-integration/tests/wasla-fulfillment-lifecycle.test.ts,deferred,bf614ed4,docs: DEC-33 — إعادةُ جولةِ تحقُّقٍ (فشلُ متصفّحٍ عابرٌ),2026-10-01 14:31:57 +0000,45549
deferred/field-experiments/README.md,deferred,bf614ed4,docs: DEC-33 — إعادةُ جولةِ تحقُّقٍ (فشلُ متصفّحٍ عابرٌ),2026-10-01 14:31:57 +0000,2588
deferred/field-experiments/bench/README.md,deferred,bf614ed4,docs: DEC-33 — إعادةُ جولةِ تحقُّقٍ (فشلُ متصفّحٍ عابرٌ),2026-10-01 14:31:57 +0000,16509
deferred/field-experiments/bench/capacity/derive.py,deferred,bf614ed4,docs: DEC-33 — إعادةُ جولةِ تحقُّقٍ (فشلُ متصفّحٍ عابرٌ),2026-10-01 14:31:57 +0000,8985
deferred/field-experiments/bench/capacity/profile-v2-market.json,deferred,bf614ed4,docs: DEC-33 — إعادةُ جولةِ تحقُّقٍ (فشلُ متصفّحٍ عابرٌ),2026-10-01 14:31:57 +0000,4700
deferred/field-experiments/bench/capacity/profile-v2.json,deferred,bf614ed4,docs: DEC-33 — إعادةُ جولةِ تحقُّقٍ (فشلُ متصفّحٍ عابرٌ),2026-10-01 14:31:57 +0000,4046
deferred/field-experiments/bench/capacity/sensitivity.py,deferred,bf614ed4,docs: DEC-33 — إعادةُ جولةِ تحقُّقٍ (فشلُ متصفّحٍ عابرٌ),2026-10-01 14:31:57 +0000,3228
deferred/field-experiments/bench/compare-snapshots.ts,deferred,bf614ed4,docs: DEC-33 — إعادةُ جولةِ تحقُّقٍ (فشلُ متصفّحٍ عابرٌ),2026-10-01 14:31:57 +0000,3095
deferred/field-experiments/bench/distributed/coordinator.ts,deferred,bf614ed4,docs: DEC-33 — إعادةُ جولةِ تحقُّقٍ (فشلُ متصفّحٍ عابرٌ),2026-10-01 14:31:57 +0000,12679
deferred/field-experiments/bench/distributed/generator.ts,deferred,bf614ed4,docs: DEC-33 — إعادةُ جولةِ تحقُّقٍ (فشلُ متصفّحٍ عابرٌ),2026-10-01 14:31:57 +0000,6177
deferred/field-experiments/bench/distributed/run-distributed-load.ts,deferred,bf614ed4,docs: DEC-33 — إعادةُ جولةِ تحقُّقٍ (فشلُ متصفّحٍ عابرٌ),2026-10-01 14:31:57 +0000,11694
deferred/field-experiments/bench/distributed/target-gateway.ts,deferred,bf614ed4,docs: DEC-33 — إعادةُ جولةِ تحقُّقٍ (فشلُ متصفّحٍ عابرٌ),2026-10-01 14:31:57 +0000,4249
deferred/field-experiments/bench/isolation.ts,deferred,bf614ed4,docs: DEC-33 — إعادةُ جولةِ تحقُّقٍ (فشلُ متصفّحٍ عابرٌ),2026-10-01 14:31:57 +0000,10248
deferred/field-experiments/bench/negative-control.ts,deferred,bf614ed4,docs: DEC-33 — إعادةُ جولةِ تحقُّقٍ (فشلُ متصفّحٍ عابرٌ),2026-10-01 14:31:57 +0000,8023
deferred/field-experiments/bench/open-loop.ts,deferred,bf614ed4,docs: DEC-33 — إعادةُ جولةِ تحقُّقٍ (فشلُ متصفّحٍ عابرٌ),2026-10-01 14:31:57 +0000,8267
deferred/field-experiments/bench/provision.ts,deferred,bf614ed4,docs: DEC-33 — إعادةُ جولةِ تحقُّقٍ (فشلُ متصفّحٍ عابرٌ),2026-10-01 14:31:57 +0000,4310
deferred/field-experiments/bench/reset.ts,deferred,bf614ed4,docs: DEC-33 — إعادةُ جولةِ تحقُّقٍ (فشلُ متصفّحٍ عابرٌ),2026-10-01 14:31:57 +0000,6636
deferred/field-experiments/bench/run-distributed.ts,deferred,bf614ed4,docs: DEC-33 — إعادةُ جولةِ تحقُّقٍ (فشلُ متصفّحٍ عابرٌ),2026-10-01 14:31:57 +0000,11962
deferred/field-experiments/bench/run-open-loop.ts,deferred,bf614ed4,docs: DEC-33 — إعادةُ جولةِ تحقُّقٍ (فشلُ متصفّحٍ عابرٌ),2026-10-01 14:31:57 +0000,9466
deferred/field-experiments/bench/run-scenarios.ts,deferred,bf614ed4,docs: DEC-33 — إعادةُ جولةِ تحقُّقٍ (فشلُ متصفّحٍ عابرٌ),2026-10-01 14:31:57 +0000,6396
deferred/field-experiments/bench/scenarios/catalog/contended-accept.ts,deferred,bf614ed4,docs: DEC-33 — إعادةُ جولةِ تحقُّقٍ (فشلُ متصفّحٍ عابرٌ),2026-10-01 14:31:57 +0000,21662
deferred/field-experiments/bench/scenarios/catalog/driver-onboarding.ts,deferred,bf614ed4,docs: DEC-33 — إعادةُ جولةِ تحقُّقٍ (فشلُ متصفّحٍ عابرٌ),2026-10-01 14:31:57 +0000,20039
deferred/field-experiments/bench/scenarios/catalog/ride-dispatch.ts,deferred,bf614ed4,docs: DEC-33 — إعادةُ جولةِ تحقُّقٍ (فشلُ متصفّحٍ عابرٌ),2026-10-01 14:31:57 +0000,21354
deferred/field-experiments/bench/scenarios/catalog/support.ts,deferred,bf614ed4,docs: DEC-33 — إعادةُ جولةِ تحقُّقٍ (فشلُ متصفّحٍ عابرٌ),2026-10-01 14:31:57 +0000,5428
deferred/field-experiments/bench/scenarios/contract.ts,deferred,bf614ed4,docs: DEC-33 — إعادةُ جولةِ تحقُّقٍ (فشلُ متصفّحٍ عابرٌ),2026-10-01 14:31:57 +0000,11735
deferred/field-experiments/bench/scenarios/env.ts,deferred,bf614ed4,docs: DEC-33 — إعادةُ جولةِ تحقُّقٍ (فشلُ متصفّحٍ عابرٌ),2026-10-01 14:31:57 +0000,3643
deferred/field-experiments/bench/scenarios/harness.ts,deferred,bf614ed4,docs: DEC-33 — إعادةُ جولةِ تحقُّقٍ (فشلُ متصفّحٍ عابرٌ),2026-10-01 14:31:57 +0000,13609
deferred/field-experiments/bench/scenarios/metrics-text.ts,deferred,bf614ed4,docs: DEC-33 — إعادةُ جولةِ تحقُّقٍ (فشلُ متصفّحٍ عابرٌ),2026-10-01 14:31:57 +0000,1889
deferred/field-experiments/bench/scenarios/recorder.ts,deferred,bf614ed4,docs: DEC-33 — إعادةُ جولةِ تحقُّقٍ (فشلُ متصفّحٍ عابرٌ),2026-10-01 14:31:57 +0000,2264
deferred/field-experiments/bench/scenarios/runner.ts,deferred,bf614ed4,docs: DEC-33 — إعادةُ جولةِ تحقُّقٍ (فشلُ متصفّحٍ عابرٌ),2026-10-01 14:31:57 +0000,18652
deferred/field-experiments/bench/scenarios/updates.ts,deferred,bf614ed4,docs: DEC-33 — إعادةُ جولةِ تحقُّقٍ (فشلُ متصفّحٍ عابرٌ),2026-10-01 14:31:57 +0000,2457
deferred/field-experiments/bench/schema.ts,deferred,bf614ed4,docs: DEC-33 — إعادةُ جولةِ تحقُّقٍ (فشلُ متصفّحٍ عابرٌ),2026-10-01 14:31:57 +0000,6139
deferred/field-experiments/bench/seed.ts,deferred,bf614ed4,docs: DEC-33 — إعادةُ جولةِ تحقُّقٍ (فشلُ متصفّحٍ عابرٌ),2026-10-01 14:31:57 +0000,9143
deferred/field-experiments/bench/state.ts,deferred,bf614ed4,docs: DEC-33 — إعادةُ جولةِ تحقُّقٍ (فشلُ متصفّحٍ عابرٌ),2026-10-01 14:31:57 +0000,9495
deferred/field-experiments/bench/topology/cluster.ts,deferred,bf614ed4,docs: DEC-33 — إعادةُ جولةِ تحقُّقٍ (فشلُ متصفّحٍ عابرٌ),2026-10-01 14:31:57 +0000,23240
deferred/field-experiments/bench/topology/gateway-process.ts,deferred,bf614ed4,docs: DEC-33 — إعادةُ جولةِ تحقُّقٍ (فشلُ متصفّحٍ عابرٌ),2026-10-01 14:31:57 +0000,12363
deferred/field-experiments/bench/topology/probes.ts,deferred,bf614ed4,docs: DEC-33 — إعادةُ جولةِ تحقُّقٍ (فشلُ متصفّحٍ عابرٌ),2026-10-01 14:31:57 +0000,5065
deferred/field-experiments/bench/topology/redis-shim.ts,deferred,bf614ed4,docs: DEC-33 — إعادةُ جولةِ تحقُّقٍ (فشلُ متصفّحٍ عابرٌ),2026-10-01 14:31:57 +0000,9346
deferred/field-experiments/bench/topology/scenarios/cross-process-replay.ts,deferred,bf614ed4,docs: DEC-33 — إعادةُ جولةِ تحقُّقٍ (فشلُ متصفّحٍ عابرٌ),2026-10-01 14:31:57 +0000,23515
deferred/field-experiments/bench/topology/scenarios/gateway-death.ts,deferred,bf614ed4,docs: DEC-33 — إعادةُ جولةِ تحقُّقٍ (فشلُ متصفّحٍ عابرٌ),2026-10-01 14:31:57 +0000,16285
deferred/field-experiments/bench/topology/serialize.ts,deferred,bf614ed4,docs: DEC-33 — إعادةُ جولةِ تحقُّقٍ (فشلُ متصفّحٍ عابرٌ),2026-10-01 14:31:57 +0000,2197
deferred/field-experiments/bench/topology/worker-duel.ts,deferred,bf614ed4,docs: DEC-33 — إعادةُ جولةِ تحقُّقٍ (فشلُ متصفّحٍ عابرٌ),2026-10-01 14:31:57 +0000,14775
deferred/field-experiments/bench/topology/worker-process.ts,deferred,bf614ed4,docs: DEC-33 — إعادةُ جولةِ تحقُّقٍ (فشلُ متصفّحٍ عابرٌ),2026-10-01 14:31:57 +0000,8554
deferred/field-experiments/bench/verify-foundation.ts,deferred,bf614ed4,docs: DEC-33 — إعادةُ جولةِ تحقُّقٍ (فشلُ متصفّحٍ عابرٌ),2026-10-01 14:31:57 +0000,12953
deferred/field-experiments/probe/dec-06-socketio/DEVICE-TEST-PROTOCOL.md,deferred,bf614ed4,docs: DEC-33 — إعادةُ جولةِ تحقُّقٍ (فشلُ متصفّحٍ عابرٌ),2026-10-01 14:31:57 +0000,16341
deferred/field-experiments/probe/dec-06-socketio/README.md,deferred,bf614ed4,docs: DEC-33 — إعادةُ جولةِ تحقُّقٍ (فشلُ متصفّحٍ عابرٌ),2026-10-01 14:31:57 +0000,22535
deferred/field-experiments/probe/dec-06-socketio/index.html,deferred,bf614ed4,docs: DEC-33 — إعادةُ جولةِ تحقُّقٍ (فشلُ متصفّحٍ عابرٌ),2026-10-01 14:31:57 +0000,38081
deferred/field-experiments/probe/dec-06-socketio/local-selftest-20260827.txt,deferred,bf614ed4,docs: DEC-33 — إعادةُ جولةِ تحقُّقٍ (فشلُ متصفّحٍ عابرٌ),2026-10-01 14:31:57 +0000,10811
deferred/field-experiments/probe/dec-06-socketio/selftest.mjs,deferred,bf614ed4,docs: DEC-33 — إعادةُ جولةِ تحقُّقٍ (فشلُ متصفّحٍ عابرٌ),2026-10-01 14:31:57 +0000,28552
deferred/field-experiments/probe/dec-06-socketio/server.mjs,deferred,bf614ed4,docs: DEC-33 — إعادةُ جولةِ تحقُّقٍ (فشلُ متصفّحٍ عابرٌ),2026-10-01 14:31:57 +0000,20228
deferred/field-experiments/probe/dec-06-sse/DEVICE-TEST-PROTOCOL.md,deferred,bf614ed4,docs: DEC-33 — إعادةُ جولةِ تحقُّقٍ (فشلُ متصفّحٍ عابرٌ),2026-10-01 14:31:57 +0000,9706
deferred/field-experiments/probe/dec-06-sse/README.md,deferred,bf614ed4,docs: DEC-33 — إعادةُ جولةِ تحقُّقٍ (فشلُ متصفّحٍ عابرٌ),2026-10-01 14:31:57 +0000,9402
deferred/field-experiments/probe/dec-06-sse/index.html,deferred,bf614ed4,docs: DEC-33 — إعادةُ جولةِ تحقُّقٍ (فشلُ متصفّحٍ عابرٌ),2026-10-01 14:31:57 +0000,19483
deferred/field-experiments/probe/dec-06-sse/local-selftest-20260827.txt,deferred,bf614ed4,docs: DEC-33 — إعادةُ جولةِ تحقُّقٍ (فشلُ متصفّحٍ عابرٌ),2026-10-01 14:31:57 +0000,4171
deferred/field-experiments/probe/dec-06-sse/selftest.mjs,deferred,bf614ed4,docs: DEC-33 — إعادةُ جولةِ تحقُّقٍ (فشلُ متصفّحٍ عابرٌ),2026-10-01 14:31:57 +0000,10277
deferred/field-experiments/probe/dec-06-sse/server.mjs,deferred,bf614ed4,docs: DEC-33 — إعادةُ جولةِ تحقُّقٍ (فشلُ متصفّحٍ عابرٌ),2026-10-01 14:31:57 +0000,7954
deferred/field-experiments/probe/dec-06-ws/DEVICE-TEST-PROTOCOL.md,deferred,bf614ed4,docs: DEC-33 — إعادةُ جولةِ تحقُّقٍ (فشلُ متصفّحٍ عابرٌ),2026-10-01 14:31:57 +0000,13092
deferred/field-experiments/probe/dec-06-ws/README.md,deferred,bf614ed4,docs: DEC-33 — إعادةُ جولةِ تحقُّقٍ (فشلُ متصفّحٍ عابرٌ),2026-10-01 14:31:57 +0000,12998
deferred/field-experiments/probe/dec-06-ws/index.html,deferred,bf614ed4,docs: DEC-33 — إعادةُ جولةِ تحقُّقٍ (فشلُ متصفّحٍ عابرٌ),2026-10-01 14:31:57 +0000,26478
deferred/field-experiments/probe/dec-06-ws/local-selftest-20260827.txt,deferred,bf614ed4,docs: DEC-33 — إعادةُ جولةِ تحقُّقٍ (فشلُ متصفّحٍ عابرٌ),2026-10-01 14:31:57 +0000,6539
deferred/field-experiments/probe/dec-06-ws/selftest.mjs,deferred,bf614ed4,docs: DEC-33 — إعادةُ جولةِ تحقُّقٍ (فشلُ متصفّحٍ عابرٌ),2026-10-01 14:31:57 +0000,20618
deferred/field-experiments/probe/dec-06-ws/server.mjs,deferred,bf614ed4,docs: DEC-33 — إعادةُ جولةِ تحقُّقٍ (فشلُ متصفّحٍ عابرٌ),2026-10-01 14:31:57 +0000,17808
deferred/field-experiments/tests/bench-isolation.test.ts,deferred,bf614ed4,docs: DEC-33 — إعادةُ جولةِ تحقُّقٍ (فشلُ متصفّحٍ عابرٌ),2026-10-01 14:31:57 +0000,12515
deferred/field-experiments/tests/bench-open-loop-cli.test.ts,deferred,bf614ed4,docs: DEC-33 — إعادةُ جولةِ تحقُّقٍ (فشلُ متصفّحٍ عابرٌ),2026-10-01 14:31:57 +0000,2657
deferred/field-experiments/tests/bench-open-loop.test.ts,deferred,bf614ed4,docs: DEC-33 — إعادةُ جولةِ تحقُّقٍ (فشلُ متصفّحٍ عابرٌ),2026-10-01 14:31:57 +0000,3825
deferred/field-experiments/tests/bench-reset-seed.test.ts,deferred,bf614ed4,docs: DEC-33 — إعادةُ جولةِ تحقُّقٍ (فشلُ متصفّحٍ عابرٌ),2026-10-01 14:31:57 +0000,8326
deferred/field-experiments/tests/bench-scenario-contract.test.ts,deferred,bf614ed4,docs: DEC-33 — إعادةُ جولةِ تحقُّقٍ (فشلُ متصفّحٍ عابرٌ),2026-10-01 14:31:57 +0000,10027
deferred/field-experiments/tests/bench-topology-contract.test.ts,deferred,bf614ed4,docs: DEC-33 — إعادةُ جولةِ تحقُّقٍ (فشلُ متصفّحٍ عابرٌ),2026-10-01 14:31:57 +0000,9867
deploy/staging/render.staging.yaml,config,bf614ed4,docs: DEC-33 — إعادةُ جولةِ تحقُّقٍ (فشلُ متصفّحٍ عابرٌ),2026-10-01 14:31:57 +0000,42810
docker-compose.f5-06.yml,config,bf614ed4,docs: DEC-33 — إعادةُ جولةِ تحقُّقٍ (فشلُ متصفّحٍ عابرٌ),2026-10-01 14:31:57 +0000,7045
docker/Dockerfile.admin,config,bf614ed4,docs: DEC-33 — إعادةُ جولةِ تحقُّقٍ (فشلُ متصفّحٍ عابرٌ),2026-10-01 14:31:57 +0000,2789
docker/Dockerfile.gateway,config,bf614ed4,docs: DEC-33 — إعادةُ جولةِ تحقُّقٍ (فشلُ متصفّحٍ عابرٌ),2026-10-01 14:31:57 +0000,2256
docker/Dockerfile.worker,config,bf614ed4,docs: DEC-33 — إعادةُ جولةِ تحقُّقٍ (فشلُ متصفّحٍ عابرٌ),2026-10-01 14:31:57 +0000,1512
docker/haproxy/haproxy.cfg,config,bf614ed4,docs: DEC-33 — إعادةُ جولةِ تحقُّقٍ (فشلُ متصفّحٍ عابرٌ),2026-10-01 14:31:57 +0000,1583
docker/upstash-rest-shim/Dockerfile,config,bf614ed4,docs: DEC-33 — إعادةُ جولةِ تحقُّقٍ (فشلُ متصفّحٍ عابرٌ),2026-10-01 14:31:57 +0000,466
docker/upstash-rest-shim/package.json,config,bf614ed4,docs: DEC-33 — إعادةُ جولةِ تحقُّقٍ (فشلُ متصفّحٍ عابرٌ),2026-10-01 14:31:57 +0000,144
docker/upstash-rest-shim/shim.ts,config,bf614ed4,docs: DEC-33 — إعادةُ جولةِ تحقُّقٍ (فشلُ متصفّحٍ عابرٌ),2026-10-01 14:31:57 +0000,4287
docs/MASTER_DIRECTIVE.md,doc,bf614ed4,docs: DEC-33 — إعادةُ جولةِ تحقُّقٍ (فشلُ متصفّحٍ عابرٌ),2026-10-01 14:31:57 +0000,38300
docs/REMAINING-WORK-MAP-20260908.md,doc,bf614ed4,docs: DEC-33 — إعادةُ جولةِ تحقُّقٍ (فشلُ متصفّحٍ عابرٌ),2026-10-01 14:31:57 +0000,43838
docs/ROADMAP-MASTER.md,doc,440202e9,feat: DEC-43 ticket threads + DEC-41 emergency contact + DEC-42 notification pre,2026-10-02 12:20:41 +0300,1280884
docs/ROADMAP-PRODUCT-DEBT.md,doc,bf614ed4,docs: DEC-33 — إعادةُ جولةِ تحقُّقٍ (فشلُ متصفّحٍ عابرٌ),2026-10-01 14:31:57 +0000,58525
docs/SYSTEM_STATE.md,doc,6c594d78,feat: DEC-37 deduction trace — GET /v1/driver/deductions from wallet ledger (#36,2026-10-02 10:19:23 +0300,1034068
docs/adr/0001-record-architecture-decisions.md,doc,bf614ed4,docs: DEC-33 — إعادةُ جولةِ تحقُّقٍ (فشلُ متصفّحٍ عابرٌ),2026-10-01 14:31:57 +0000,650
docs/adr/0002-modular-monolith-and-result-pattern.md,doc,bf614ed4,docs: DEC-33 — إعادةُ جولةِ تحقُّقٍ (فشلُ متصفّحٍ عابرٌ),2026-10-01 14:31:57 +0000,745
docs/adr/0003-city-id-on-every-table.md,doc,bf614ed4,docs: DEC-33 — إعادةُ جولةِ تحقُّقٍ (فشلُ متصفّحٍ عابرٌ),2026-10-01 14:31:57 +0000,812
docs/adr/0004-ports-live-in-application.md,doc,bf614ed4,docs: DEC-33 — إعادةُ جولةِ تحقُّقٍ (فشلُ متصفّحٍ عابرٌ),2026-10-01 14:31:57 +0000,2432
docs/adr/0005-i18n-extracted-early.md,doc,bf614ed4,docs: DEC-33 — إعادةُ جولةِ تحقُّقٍ (فشلُ متصفّحٍ عابرٌ),2026-10-01 14:31:57 +0000,3111
docs/adr/0006-rls-bypassed-by-direct-connection.md,doc,bf614ed4,docs: DEC-33 — إعادةُ جولةِ تحقُّقٍ (فشلُ متصفّحٍ عابرٌ),2026-10-01 14:31:57 +0000,7140
docs/adr/0007-admin-dashboard-is-server-rendered-html.md,doc,bf614ed4,docs: DEC-33 — إعادةُ جولةِ تحقُّقٍ (فشلُ متصفّحٍ عابرٌ),2026-10-01 14:31:57 +0000,9472
docs/adr/0008-bootstrap-admin.md,doc,bf614ed4,docs: DEC-33 — إعادةُ جولةِ تحقُّقٍ (فشلُ متصفّحٍ عابرٌ),2026-10-01 14:31:57 +0000,5081
docs/adr/0009-distributed-lock-for-scheduled-jobs.md,doc,bf614ed4,docs: DEC-33 — إعادةُ جولةِ تحقُّقٍ (فشلُ متصفّحٍ عابرٌ),2026-10-01 14:31:57 +0000,10576
docs/adr/0010-translation-is-optional-not-required.md,doc,bf614ed4,docs: DEC-33 — إعادةُ جولةِ تحقُّقٍ (فشلُ متصفّحٍ عابرٌ),2026-10-01 14:31:57 +0000,6033
docs/adr/0011-sessions-move-to-redis-by-configuration.md,doc,bf614ed4,docs: DEC-33 — إعادةُ جولةِ تحقُّقٍ (فشلُ متصفّحٍ عابرٌ),2026-10-01 14:31:57 +0000,8204
docs/adr/0012-isolated-agent-core-layer.md,doc,bf614ed4,docs: DEC-33 — إعادةُ جولةِ تحقُّقٍ (فشلُ متصفّحٍ عابرٌ),2026-10-01 14:31:57 +0000,11733
docs/adr/0013-measurement-lives-in-the-database.md,doc,bf614ed4,docs: DEC-33 — إعادةُ جولةِ تحقُّقٍ (فشلُ متصفّحٍ عابرٌ),2026-10-01 14:31:57 +0000,5756
docs/adr/0014-postgrest-surface-was-open.md,doc,bf614ed4,docs: DEC-33 — إعادةُ جولةِ تحقُّقٍ (فشلُ متصفّحٍ عابرٌ),2026-10-01 14:31:57 +0000,5890
docs/adr/0015-canonical-driver-location.md,doc,bf614ed4,docs: DEC-33 — إعادةُ جولةِ تحقُّقٍ (فشلُ متصفّحٍ عابرٌ),2026-10-01 14:31:57 +0000,4913
docs/adr/0016-realtime-transport.md,doc,bf614ed4,docs: DEC-33 — إعادةُ جولةِ تحقُّقٍ (فشلُ متصفّحٍ عابرٌ),2026-10-01 14:31:57 +0000,8487
docs/adr/0017-driver-location-freshness-in-dispatch.md,doc,bf614ed4,docs: DEC-33 — إعادةُ جولةِ تحقُّقٍ (فشلُ متصفّحٍ عابرٌ),2026-10-01 14:31:57 +0000,8419
docs/adr/0018-routing-failures-are-classified.md,doc,bf614ed4,docs: DEC-33 — إعادةُ جولةِ تحقُّقٍ (فشلُ متصفّحٍ عابرٌ),2026-10-01 14:31:57 +0000,8149
docs/adr/0019-maplibre-from-pinned-cdn-under-csp-nonce.md,doc,bf614ed4,docs: DEC-33 — إعادةُ جولةِ تحقُّقٍ (فشلُ متصفّحٍ عابرٌ),2026-10-01 14:31:57 +0000,10499
docs/adr/0020-customer-live-map-closes-by-data-not-by-timeout.md,doc,bf614ed4,docs: DEC-33 — إعادةُ جولةِ تحقُّقٍ (فشلُ متصفّحٍ عابرٌ),2026-10-01 14:31:57 +0000,10329
docs/adr/0021-driver-map-is-telegram-native.md,doc,bf614ed4,docs: DEC-33 — إعادةُ جولةِ تحقُّقٍ (فشلُ متصفّحٍ عابرٌ),2026-10-01 14:31:57 +0000,12739
docs/adr/0022-operations-statuses-are-derived-not-stored.md,doc,bf614ed4,docs: DEC-33 — إعادةُ جولةِ تحقُّقٍ (فشلُ متصفّحٍ عابرٌ),2026-10-01 14:31:57 +0000,11758
docs/adr/0023-dispatch-is-re-entrant-and-silence-is-not-refusal.md,doc,bf614ed4,docs: DEC-33 — إعادةُ جولةِ تحقُّقٍ (فشلُ متصفّحٍ عابرٌ),2026-10-01 14:31:57 +0000,11580
docs/adr/0024-eta-is-routing-duration-or-nothing.md,doc,bf614ed4,docs: DEC-33 — إعادةُ جولةِ تحقُّقٍ (فشلُ متصفّحٍ عابرٌ),2026-10-01 14:31:57 +0000,9842
docs/adr/0025-map-matching-is-out-of-release-scope.md,doc,bf614ed4,docs: DEC-33 — إعادةُ جولةِ تحقُّقٍ (فشلُ متصفّحٍ عابرٌ),2026-10-01 14:31:57 +0000,15693
docs/adr/0026-declared-env-vars-must-be-read.md,doc,bf614ed4,docs: DEC-33 — إعادةُ جولةِ تحقُّقٍ (فشلُ متصفّحٍ عابرٌ),2026-10-01 14:31:57 +0000,10967
docs/adr/0027-commercial-scope-is-driver-subscription-only.md,doc,bf614ed4,docs: DEC-33 — إعادةُ جولةِ تحقُّقٍ (فشلُ متصفّحٍ عابرٌ),2026-10-01 14:31:57 +0000,4402
docs/adr/0028-miniapp-is-the-product-bot-is-the-gateway.md,doc,bf614ed4,docs: DEC-33 — إعادةُ جولةِ تحقُّقٍ (فشلُ متصفّحٍ عابرٌ),2026-10-01 14:31:57 +0000,6201
docs/adr/0029-concurrent-user-definition-and-capacity-profile.md,doc,bf614ed4,docs: DEC-33 — إعادةُ جولةِ تحقُّقٍ (فشلُ متصفّحٍ عابرٌ),2026-10-01 14:31:57 +0000,6582
docs/adr/0030-slos-are-binding-with-owner-and-error-budget.md,doc,bf614ed4,docs: DEC-33 — إعادةُ جولةِ تحقُّقٍ (فشلُ متصفّحٍ عابرٌ),2026-10-01 14:31:57 +0000,3765
docs/adr/0031-telegram-is-not-an-existential-dependency.md,doc,bf614ed4,docs: DEC-33 — إعادةُ جولةِ تحقُّقٍ (فشلُ متصفّحٍ عابرٌ),2026-10-01 14:31:57 +0000,5414
docs/adr/0032-roadmap-master-v1_1-corrections.md,doc,bf614ed4,docs: DEC-33 — إعادةُ جولةِ تحقُّقٍ (فشلُ متصفّحٍ عابرٌ),2026-10-01 14:31:57 +0000,6815
docs/adr/0033-launch-gate-splits-capacity-from-commercial-demand.md,doc,bf614ed4,docs: DEC-33 — إعادةُ جولةِ تحقُّقٍ (فشلُ متصفّحٍ عابرٌ),2026-10-01 14:31:57 +0000,4249
docs/adr/0034-capacity-target-versus-expected-commercial-load.md,doc,bf614ed4,docs: DEC-33 — إعادةُ جولةِ تحقُّقٍ (فشلُ متصفّحٍ عابرٌ),2026-10-01 14:31:57 +0000,2898
docs/adr/0035-f1-contract-miniapp-holds-no-business-state.md,doc,bf614ed4,docs: DEC-33 — إعادةُ جولةِ تحقُّقٍ (فشلُ متصفّحٍ عابرٌ),2026-10-01 14:31:57 +0000,5649
docs/adr/0036-subscription-wallet-ledger-source-of-truth.md,doc,bf614ed4,docs: DEC-33 — إعادةُ جولةِ تحقُّقٍ (فشلُ متصفّحٍ عابرٌ),2026-10-01 14:31:57 +0000,1918
docs/adr/0037-load-mix-structural-equality-and-unmeasured-baseline.md,doc,bf614ed4,docs: DEC-33 — إعادةُ جولةِ تحقُّقٍ (فشلُ متصفّحٍ عابرٌ),2026-10-01 14:31:57 +0000,4039
docs/adr/0038-adr-numbers-are-unique-and-enforced.md,doc,bf614ed4,docs: DEC-33 — إعادةُ جولةِ تحقُّقٍ (فشلُ متصفّحٍ عابرٌ),2026-10-01 14:31:57 +0000,4418
docs/adr/0039-fare-mechanism-is-blocked-pending-regulatory-decision.md,doc,bf614ed4,docs: DEC-33 — إعادةُ جولةِ تحقُّقٍ (فشلُ متصفّحٍ عابرٌ),2026-10-01 14:31:57 +0000,7874
docs/adr/0040-regulatory-integration-is-critical-architecture.md,doc,bf614ed4,docs: DEC-33 — إعادةُ جولةِ تحقُّقٍ (فشلُ متصفّحٍ عابرٌ),2026-10-01 14:31:57 +0000,5394
docs/adr/0041-f0-gate-is-no-go-and-f1-foundation-scope.md,doc,bf614ed4,docs: DEC-33 — إعادةُ جولةِ تحقُّقٍ (فشلُ متصفّحٍ عابرٌ),2026-10-01 14:31:57 +0000,6144
docs/adr/0042-miniapp-realtime-transport-is-socketio.md,doc,bf614ed4,docs: DEC-33 — إعادةُ جولةِ تحقُّقٍ (فشلُ متصفّحٍ عابرٌ),2026-10-01 14:31:57 +0000,15942
docs/adr/0043-request-id-is-server-generated-and-telemetry-stays-on-device.md,doc,bf614ed4,docs: DEC-33 — إعادةُ جولةِ تحقُّقٍ (فشلُ متصفّحٍ عابرٌ),2026-10-01 14:31:57 +0000,8968
docs/adr/0044-performance-budget-is-gated-from-build-output.md,doc,bf614ed4,docs: DEC-33 — إعادةُ جولةِ تحقُّقٍ (فشلُ متصفّحٍ عابرٌ),2026-10-01 14:31:57 +0000,13440
docs/adr/0045-content-security-policy-is-hash-based-in-a-meta-tag.md,doc,bf614ed4,docs: DEC-33 — إعادةُ جولةِ تحقُّقٍ (فشلُ متصفّحٍ عابرٌ),2026-10-01 14:31:57 +0000,18035
docs/adr/0046-every-skipped-test-is-classified-and-runs-somewhere.md,doc,bf614ed4,docs: DEC-33 — إعادةُ جولةِ تحقُّقٍ (فشلُ متصفّحٍ عابرٌ),2026-10-01 14:31:57 +0000,17446
docs/adr/0047-every-schema-narrowing-declares-its-rollback-path.md,doc,bf614ed4,docs: DEC-33 — إعادةُ جولةِ تحقُّقٍ (فشلُ متصفّحٍ عابرٌ),2026-10-01 14:31:57 +0000,16935
docs/adr/0048-critical-path-coverage-is-gated-from-measured-floors.md,doc,bf614ed4,docs: DEC-33 — إعادةُ جولةِ تحقُّقٍ (فشلُ متصفّحٍ عابرٌ),2026-10-01 14:31:57 +0000,12797
docs/adr/0049-real-redis-in-ci-is-proven-by-a-redacted-artifact.md,doc,bf614ed4,docs: DEC-33 — إعادةُ جولةِ تحقُّقٍ (فشلُ متصفّحٍ عابرٌ),2026-10-01 14:31:57 +0000,11378
docs/adr/0050-single-instance-is-a-correctness-invariant-not-a-comment.md,doc,bf614ed4,docs: DEC-33 — إعادةُ جولةِ تحقُّقٍ (فشلُ متصفّحٍ عابرٌ),2026-10-01 14:31:57 +0000,25427
docs/adr/0051-process-topology-is-declared-not-inferred-from-session-store.md,doc,bf614ed4,docs: DEC-33 — إعادةُ جولةِ تحقُّقٍ (فشلُ متصفّحٍ عابرٌ),2026-10-01 14:31:57 +0000,14621
docs/adr/0052-tracking-service-is-deleted-not-merged.md,doc,bf614ed4,docs: DEC-33 — إعادةُ جولةِ تحقُّقٍ (فشلُ متصفّحٍ عابرٌ),2026-10-01 14:31:57 +0000,18862
docs/adr/0053-tracking-order-is-a-server-sequence-per-session.md,doc,bf614ed4,docs: DEC-33 — إعادةُ جولةِ تحقُّقٍ (فشلُ متصفّحٍ عابرٌ),2026-10-01 14:31:57 +0000,32822
docs/adr/0054-telegram-webhook-durable-ingest-and-dedup.md,doc,bf614ed4,docs: DEC-33 — إعادةُ جولةِ تحقُّقٍ (فشلُ متصفّحٍ عابرٌ),2026-10-01 14:31:57 +0000,33590
docs/adr/0055-redis-rate-limit-is-atomic-lua-and-fails-open.md,doc,bf614ed4,docs: DEC-33 — إعادةُ جولةِ تحقُّقٍ (فشلُ متصفّحٍ عابرٌ),2026-10-01 14:31:57 +0000,12349
docs/adr/0056-supabase-transaction-pooler-and-prepared-statements.md,doc,bf614ed4,docs: DEC-33 — إعادةُ جولةِ تحقُّقٍ (فشلُ متصفّحٍ عابرٌ),2026-10-01 14:31:57 +0000,11280
docs/adr/0057-telegram-ingress-bound-payload-carrier-and-worker.md,doc,bf614ed4,docs: DEC-33 — إعادةُ جولةِ تحقُّقٍ (فشلُ متصفّحٍ عابرٌ),2026-10-01 14:31:57 +0000,27263
docs/adr/0058-tracking-event-carrier-is-redis-streams.md,doc,bf614ed4,docs: DEC-33 — إعادةُ جولةِ تحقُّقٍ (فشلُ متصفّحٍ عابرٌ),2026-10-01 14:31:57 +0000,8287
docs/adr/0059-scl-001-postgres-durable-dedup.md,doc,bf614ed4,docs: DEC-33 — إعادةُ جولةِ تحقُّقٍ (فشلُ متصفّحٍ عابرٌ),2026-10-01 14:31:57 +0000,6697
docs/adr/0060-scl-005-redis-shared-broadcast-store.md,doc,bf614ed4,docs: DEC-33 — إعادةُ جولةِ تحقُّقٍ (فشلُ متصفّحٍ عابرٌ),2026-10-01 14:31:57 +0000,7364
docs/adr/0061-unified-transactional-outbox.md,doc,bf614ed4,docs: DEC-33 — إعادةُ جولةِ تحقُّقٍ (فشلُ متصفّحٍ عابرٌ),2026-10-01 14:31:57 +0000,14439
docs/adr/0062-central-metrics-aggregation.md,doc,bf614ed4,docs: DEC-33 — إعادةُ جولةِ تحقُّقٍ (فشلُ متصفّحٍ عابرٌ),2026-10-01 14:31:57 +0000,17641
docs/adr/0063-worker-service-separation.md,doc,bf614ed4,docs: DEC-33 — إعادةُ جولةِ تحقُّقٍ (فشلُ متصفّحٍ عابرٌ),2026-10-01 14:31:57 +0000,12091
docs/adr/0064-admin-service-separation.md,doc,bf614ed4,docs: DEC-33 — إعادةُ جولةِ تحقُّقٍ (فشلُ متصفّحٍ عابرٌ),2026-10-01 14:31:57 +0000,14960
docs/adr/0065-notification-classification-and-in-app-center.md,doc,bf614ed4,docs: DEC-33 — إعادةُ جولةِ تحقُّقٍ (فشلُ متصفّحٍ عابرٌ),2026-10-01 14:31:57 +0000,17378
docs/adr/0066-queue-backpressure-is-a-declared-limit-per-dimension.md,doc,bf614ed4,docs: DEC-33 — إعادةُ جولةِ تحقُّقٍ (فشلُ متصفّحٍ عابرٌ),2026-10-01 14:31:57 +0000,12608
docs/adr/0067-driver-location-intake-surface.md,doc,bf614ed4,docs: DEC-33 — إعادةُ جولةِ تحقُّقٍ (فشلُ متصفّحٍ عابرٌ),2026-10-01 14:31:57 +0000,11636
docs/adr/0068-safe-migration-tooling.md,doc,bf614ed4,docs: DEC-33 — إعادةُ جولةِ تحقُّقٍ (فشلُ متصفّحٍ عابرٌ),2026-10-01 14:31:57 +0000,17964
docs/adr/0069-hot-query-index-review.md,doc,bf614ed4,docs: DEC-33 — إعادةُ جولةِ تحقُّقٍ (فشلُ متصفّحٍ عابرٌ),2026-10-01 14:31:57 +0000,11011
docs/adr/0070-f5-06-ci-measures-refusal-until-a-distribution-mechanism-is-decided.md,doc,bf614ed4,docs: DEC-33 — إعادةُ جولةِ تحقُّقٍ (فشلُ متصفّحٍ عابرٌ),2026-10-01 14:31:57 +0000,9375
docs/adr/0071-traffic-priority-classes.md,doc,bf614ed4,docs: DEC-33 — إعادةُ جولةِ تحقُّقٍ (فشلُ متصفّحٍ عابرٌ),2026-10-01 14:31:57 +0000,19718
docs/adr/0072-hot-driver-location-state-and-batched-persistence.md,doc,bf614ed4,docs: DEC-33 — إعادةُ جولةِ تحقُّقٍ (فشلُ متصفّحٍ عابرٌ),2026-10-01 14:31:57 +0000,19673
docs/adr/0073-connection-budget-is-computed-not-narrated.md,doc,bf614ed4,docs: DEC-33 — إعادةُ جولةِ تحقُّقٍ (فشلُ متصفّحٍ عابرٌ),2026-10-01 14:31:57 +0000,10771
docs/adr/0074-driver-location-history-is-a-time-partitioned-append-log.md,doc,bf614ed4,docs: DEC-33 — إعادةُ جولةِ تحقُّقٍ (فشلُ متصفّحٍ عابرٌ),2026-10-01 14:31:57 +0000,14087
docs/adr/0075-location-retention-archive-then-drop.md,doc,bf614ed4,docs: DEC-33 — إعادةُ جولةِ تحقُّقٍ (فشلُ متصفّحٍ عابرٌ),2026-10-01 14:31:57 +0000,12810
docs/adr/0076-last-location-at-is-acceptance-time.md,doc,bf614ed4,docs: DEC-33 — إعادةُ جولةِ تحقُّقٍ (فشلُ متصفّحٍ عابرٌ),2026-10-01 14:31:57 +0000,13342
docs/adr/0077-sos-intake-resolves-its-own-order.md,doc,bf614ed4,docs: DEC-33 — إعادةُ جولةِ تحقُّقٍ (فشلُ متصفّحٍ عابرٌ),2026-10-01 14:31:57 +0000,16136
docs/adr/0078-structured-logs-without-personal-data.md,doc,bf614ed4,docs: DEC-33 — إعادةُ جولةِ تحقُّقٍ (فشلُ متصفّحٍ عابرٌ),2026-10-01 14:31:57 +0000,29345
docs/adr/0079-dependency-resilience-budgets-and-breakers.md,doc,bf614ed4,docs: DEC-33 — إعادةُ جولةِ تحقُّقٍ (فشلُ متصفّحٍ عابرٌ),2026-10-01 14:31:57 +0000,16889
docs/adr/0080-boundary-audit-is-a-checked-registry.md,doc,bf614ed4,docs: DEC-33 — إعادةُ جولةِ تحقُّقٍ (فشلُ متصفّحٍ عابرٌ),2026-10-01 14:31:57 +0000,12326
docs/adr/0081-operational-job-and-core-event-boundary.md,doc,bf614ed4,docs: DEC-33 — إعادةُ جولةِ تحقُّقٍ (فشلُ متصفّحٍ عابرٌ),2026-10-01 14:31:57 +0000,14861
docs/adr/0082-core-event-transport-both-directions.md,doc,bf614ed4,docs: DEC-33 — إعادةُ جولةِ تحقُّقٍ (فشلُ متصفّحٍ عابرٌ),2026-10-01 14:31:57 +0000,12546
docs/adr/0083-migration-matrix-registry.md,doc,bf614ed4,docs: DEC-33 — إعادةُ جولةِ تحقُّقٍ (فشلُ متصفّحٍ عابرٌ),2026-10-01 14:31:57 +0000,8942
docs/adr/0084-egress-boundary-registry.md,doc,bf614ed4,docs: DEC-33 — إعادةُ جولةِ تحقُّقٍ (فشلُ متصفّحٍ عابرٌ),2026-10-01 14:31:57 +0000,8096
docs/adr/0085-migration-dry-run-and-reconciliation.md,doc,bf614ed4,docs: DEC-33 — إعادةُ جولةِ تحقُّقٍ (فشلُ متصفّحٍ عابرٌ),2026-10-01 14:31:57 +0000,6631
docs/adr/0086-runtime-egress-gate.md,doc,bf614ed4,docs: DEC-33 — إعادةُ جولةِ تحقُّقٍ (فشلُ متصفّحٍ عابرٌ),2026-10-01 14:31:57 +0000,9876
docs/adr/0087-blocker-registry-and-unforgeable-attestation.md,doc,bf614ed4,docs: DEC-33 — إعادةُ جولةِ تحقُّقٍ (فشلُ متصفّحٍ عابرٌ),2026-10-01 14:31:57 +0000,6891
docs/adr/0088-cutover-plan-derived-and-rehearsal-refused-by-construction.md,doc,bf614ed4,docs: DEC-33 — إعادةُ جولةِ تحقُّقٍ (فشلُ متصفّحٍ عابرٌ),2026-10-01 14:31:57 +0000,8020
docs/adr/0089-cancellation-contract-re-vendored-and-foreign-blocker-namespace.md,doc,bf614ed4,docs: DEC-33 — إعادةُ جولةِ تحقُّقٍ (فشلُ متصفّحٍ عابرٌ),2026-10-01 14:31:57 +0000,9823
docs/adr/0090-vendored-contract-pins-and-semantic-freshness.md,doc,bf614ed4,docs: DEC-33 — إعادةُ جولةِ تحقُّقٍ (فشلُ متصفّحٍ عابرٌ),2026-10-01 14:31:57 +0000,11957
docs/adr/0091-a-re-vendored-contract-must-carry-its-pin.md,doc,bf614ed4,docs: DEC-33 — إعادةُ جولةِ تحقُّقٍ (فشلُ متصفّحٍ عابرٌ),2026-10-01 14:31:57 +0000,6574
docs/adr/0092-consent-is-a-versioned-record-not-a-boolean.md,doc,bf614ed4,docs: DEC-33 — إعادةُ جولةِ تحقُّقٍ (فشلُ متصفّحٍ عابرٌ),2026-10-01 14:31:57 +0000,7255
docs/adr/0093-permission-at-the-moment-of-need-wins-over-the-screen-list.md,doc,bf614ed4,docs: DEC-33 — إعادةُ جولةِ تحقُّقٍ (فشلُ متصفّحٍ عابرٌ),2026-10-01 14:31:57 +0000,7393
docs/adr/0094-move-is-a-standalone-commercial-product.md,doc,bf614ed4,docs: DEC-33 — إعادةُ جولةِ تحقُّقٍ (فشلُ متصفّحٍ عابرٌ),2026-10-01 14:31:57 +0000,8380
docs/adr/0095-deferred-area-for-core-integration.md,doc,bf614ed4,docs: DEC-33 — إعادةُ جولةِ تحقُّقٍ (فشلُ متصفّحٍ عابرٌ),2026-10-01 14:31:57 +0000,6854
docs/adr/0096-self-hosted-real-redis-in-ci.md,doc,bf614ed4,docs: DEC-33 — إعادةُ جولةِ تحقُّقٍ (فشلُ متصفّحٍ عابرٌ),2026-10-01 14:31:57 +0000,5829
docs/adr/0097-docs-budget-ratchet-and-field-experiment-quarantine.md,doc,bf614ed4,docs: DEC-33 — إعادةُ جولةِ تحقُّقٍ (فشلُ متصفّحٍ عابرٌ),2026-10-01 14:31:57 +0000,8226
docs/adr/0098-external-database-readiness-and-the-limit-of-measuring-from-here.md,doc,bf614ed4,docs: DEC-33 — إعادةُ جولةِ تحقُّقٍ (فشلُ متصفّحٍ عابرٌ),2026-10-01 14:31:57 +0000,6272
docs/adr/0099-latency-is-one-network-round-trip-not-a-test-timeout.md,doc,bf614ed4,docs: DEC-33 — إعادةُ جولةِ تحقُّقٍ (فشلُ متصفّحٍ عابرٌ),2026-10-01 14:31:57 +0000,6744
docs/adr/0100-a-test-port-is-asked-of-the-system-not-computed.md,doc,bf614ed4,docs: DEC-33 — إعادةُ جولةِ تحقُّقٍ (فشلُ متصفّحٍ عابرٌ),2026-10-01 14:31:57 +0000,6448
docs/adr/0101-a-saved-place-is-a-users-datum-and-a-recent-destination-is-a-read.md,doc,bf614ed4,docs: DEC-33 — إعادةُ جولةِ تحقُّقٍ (فشلُ متصفّحٍ عابرٌ),2026-10-01 14:31:57 +0000,6527
docs/adr/0102-destination-selection-without-a-geocoder.md,doc,bf614ed4,docs: DEC-33 — إعادةُ جولةِ تحقُّقٍ (فشلُ متصفّحٍ عابرٌ),2026-10-01 14:31:57 +0000,15851
docs/adr/0103-a-quote-without-a-price-is-not-half-a-feature.md,doc,bf614ed4,docs: DEC-33 — إعادةُ جولةِ تحقُّقٍ (فشلُ متصفّحٍ عابرٌ),2026-10-01 14:31:57 +0000,10252
docs/adr/0104-an-idempotency-key-is-a-schema-constraint-not-an-application-agreement.md,doc,bf614ed4,docs: DEC-33 — إعادةُ جولةِ تحقُّقٍ (فشلُ متصفّحٍ عابرٌ),2026-10-01 14:31:57 +0000,9925
docs/adr/0105-a-class-with-no-rule-is-a-defect-only-a-human-can-see.md,doc,bf614ed4,docs: DEC-33 — إعادةُ جولةِ تحقُّقٍ (فشلُ متصفّحٍ عابرٌ),2026-10-01 14:31:57 +0000,7964
docs/adr/0106-a-position-without-its-age-is-a-false-witness.md,doc,bf614ed4,docs: DEC-33 — إعادةُ جولةِ تحقُّقٍ (فشلُ متصفّحٍ عابرٌ),2026-10-01 14:31:57 +0000,9598
docs/adr/0107-a-rating-window-and-a-tag-vocabulary-belong-to-the-database-clock-and-its-constraint.md,doc,bf614ed4,docs: DEC-33 — إعادةُ جولةِ تحقُّقٍ (فشلُ متصفّحٍ عابرٌ),2026-10-01 14:31:57 +0000,12817
docs/adr/0108-a-history-page-is-a-keyset-and-a-named-timezone-not-an-offset-and-a-device-clock.md,doc,bf614ed4,docs: DEC-33 — إعادةُ جولةِ تحقُّقٍ (فشلُ متصفّحٍ عابرٌ),2026-10-01 14:31:57 +0000,12960
docs/adr/0109-one-judge-for-the-owner-and-the-stranger-and-a-preview-that-is-the-recipients-own-bytes.md,doc,bf614ed4,docs: DEC-33 — إعادةُ جولةِ تحقُّقٍ (فشلُ متصفّحٍ عابرٌ),2026-10-01 14:31:57 +0000,10302
docs/adr/0110-a-parameter-is-never-bound-to-jsonb-because-the-driver-encodes-it-twice.md,doc,bf614ed4,docs: DEC-33 — إعادةُ جولةِ تحقُّقٍ (فشلُ متصفّحٍ عابرٌ),2026-10-01 14:31:57 +0000,6153
docs/adr/0111-sos-surface-is-a-judged-card-not-a-button.md,doc,bf614ed4,docs: DEC-33 — إعادةُ جولةِ تحقُّقٍ (فشلُ متصفّحٍ عابرٌ),2026-10-01 14:31:57 +0000,10307
docs/adr/0112-erasure-is-a-per-table-judgement-not-a-delete.md,doc,bf614ed4,docs: DEC-33 — إعادةُ جولةِ تحقُّقٍ (فشلُ متصفّحٍ عابرٌ),2026-10-01 14:31:57 +0000,16924
docs/adr/0113-the-bar-survives-erasure.md,doc,bf614ed4,docs: DEC-33 — إعادةُ جولةِ تحقُّقٍ (فشلُ متصفّحٍ عابرٌ),2026-10-01 14:31:57 +0000,15921
docs/adr/0114-a-support-ticket-is-a-spoken-reference-not-a-uuid.md,doc,bf614ed4,docs: DEC-33 — إعادةُ جولةِ تحقُّقٍ (فشلُ متصفّحٍ عابرٌ),2026-10-01 14:31:57 +0000,12579
docs/adr/0115-a-document-expires-so-the-block-is-a-clock-not-a-flag.md,doc,bf614ed4,docs: DEC-33 — إعادةُ جولةِ تحقُّقٍ (فشلُ متصفّحٍ عابرٌ),2026-10-01 14:31:57 +0000,20083
docs/adr/0116-a-borrowed-precondition-is-a-lie-the-suite-tells-itself.md,doc,bf614ed4,docs: DEC-33 — إعادةُ جولةِ تحقُّقٍ (فشلُ متصفّحٍ عابرٌ),2026-10-01 14:31:57 +0000,13369
docs/adr/0117-a-countdown-is-a-server-fact-and-an-acceptance-has-one-writer.md,doc,bf614ed4,docs: DEC-33 — إعادةُ جولةِ تحقُّقٍ (فشلُ متصفّحٍ عابرٌ),2026-10-01 14:31:57 +0000,18626
docs/adr/0118-a-phase-is-a-human-stamp-not-a-distance-inference.md,doc,bf614ed4,docs: DEC-33 — إعادةُ جولةِ تحقُّقٍ (فشلُ متصفّحٍ عابرٌ),2026-10-01 14:31:57 +0000,17198
docs/adr/0119-a-heartbeat-needs-a-published-reason.md,doc,bf614ed4,docs: DEC-33 — إعادةُ جولةِ تحقُّقٍ (فشلُ متصفّحٍ عابرٌ),2026-10-01 14:31:57 +0000,10060
docs/adr/0120-transparency-is-a-denominator-not-a-slogan.md,doc,bf614ed4,docs: DEC-33 — إعادةُ جولةِ تحقُّقٍ (فشلُ متصفّحٍ عابرٌ),2026-10-01 14:31:57 +0000,13410
docs/adr/0121-a-bare-date-crosses-the-boundary-as-text.md,doc,bf614ed4,docs: DEC-33 — إعادةُ جولةِ تحقُّقٍ (فشلُ متصفّحٍ عابرٌ),2026-10-01 14:31:57 +0000,4896
docs/adr/0122-a-deferred-query-is-not-a-promise.md,doc,bf614ed4,docs: DEC-33 — إعادةُ جولةِ تحقُّقٍ (فشلُ متصفّحٍ عابرٌ),2026-10-01 14:31:57 +0000,6454
docs/adr/0123-a-local-window-is-not-the-wall-clock.md,doc,bf614ed4,docs: DEC-33 — إعادةُ جولةِ تحقُّقٍ (فشلُ متصفّحٍ عابرٌ),2026-10-01 14:31:57 +0000,5971
docs/adr/0124-a-read-scope-is-wider-than-a-write-scope.md,doc,bf614ed4,docs: DEC-33 — إعادةُ جولةِ تحقُّقٍ (فشلُ متصفّحٍ عابرٌ),2026-10-01 14:31:57 +0000,4358
docs/adr/0125-a-drivers-erasure-stops-at-money-not-at-role.md,doc,bf614ed4,docs: DEC-33 — إعادةُ جولةِ تحقُّقٍ (فشلُ متصفّحٍ عابرٌ),2026-10-01 14:31:57 +0000,8570
docs/adr/0126-one-account-core-two-roles.md,doc,bf614ed4,docs: DEC-33 — إعادةُ جولةِ تحقُّقٍ (فشلُ متصفّحٍ عابرٌ),2026-10-01 14:31:57 +0000,11720
docs/adr/0127-simplified-tax-invoice.md,doc,bf614ed4,docs: DEC-33 — إعادةُ جولةِ تحقُّقٍ (فشلُ متصفّحٍ عابرٌ),2026-10-01 14:31:57 +0000,22329
docs/adr/0128-an-aggregate-without-its-age-is-a-lie.md,doc,bf614ed4,docs: DEC-33 — إعادةُ جولةِ تحقُّقٍ (فشلُ متصفّحٍ عابرٌ),2026-10-01 14:31:57 +0000,14752
docs/adr/0129-one-id-from-the-edge-to-the-row.md,doc,bf614ed4,docs: DEC-33 — إعادةُ جولةِ تحقُّقٍ (فشلُ متصفّحٍ عابرٌ),2026-10-01 14:31:57 +0000,15463
docs/adr/0130-degradation-is-measured-in-work-not-in-clock-time.md,doc,bf614ed4,docs: DEC-33 — إعادةُ جولةِ تحقُّقٍ (فشلُ متصفّحٍ عابرٌ),2026-10-01 14:31:57 +0000,12596
docs/adr/0131-a-published-metric-is-a-contract-not-a-comment.md,doc,bf614ed4,docs: DEC-33 — إعادةُ جولةِ تحقُّقٍ (فشلُ متصفّحٍ عابرٌ),2026-10-01 14:31:57 +0000,10358
docs/adr/0132-ownership-is-a-query-predicate-not-a-layer.md,doc,bf614ed4,docs: DEC-33 — إعادةُ جولةِ تحقُّقٍ (فشلُ متصفّحٍ عابرٌ),2026-10-01 14:31:57 +0000,9836
docs/adr/0133-a-count-without-a-list-is-not-a-closure-criterion.md,doc,bf614ed4,docs: DEC-33 — إعادةُ جولةِ تحقُّقٍ (فشلُ متصفّحٍ عابرٌ),2026-10-01 14:31:57 +0000,8347
docs/adr/0134-a-mounted-guard-is-not-a-closed-guard.md,doc,bf614ed4,docs: DEC-33 — إعادةُ جولةِ تحقُّقٍ (فشلُ متصفّحٍ عابرٌ),2026-10-01 14:31:57 +0000,7118
docs/adr/0135-a-guard-that-inspects-what-exists-cannot-find-what-is-missing.md,doc,bf614ed4,docs: DEC-33 — إعادةُ جولةِ تحقُّقٍ (فشلُ متصفّحٍ عابرٌ),2026-10-01 14:31:57 +0000,7073
docs/adr/0136-a-log-that-counts-attempts-as-deeds-accuses-the-innocent.md,doc,bf614ed4,docs: DEC-33 — إعادةُ جولةِ تحقُّقٍ (فشلُ متصفّحٍ عابرٌ),2026-10-01 14:31:57 +0000,11815
docs/adr/0137-a-migration-timestamp-is-a-resume-key-so-it-cannot-repeat.md,doc,bf614ed4,docs: DEC-33 — إعادةُ جولةِ تحقُّقٍ (فشلُ متصفّحٍ عابرٌ),2026-10-01 14:31:57 +0000,6290
docs/adr/0138-payment-lifecycle-phases-are-discovered-not-listed.md,doc,bf614ed4,docs: DEC-33 — إعادةُ جولةِ تحقُّقٍ (فشلُ متصفّحٍ عابرٌ),2026-10-01 14:31:57 +0000,8476
docs/adr/0139-an-unlisted-exposed-route-is-an-unlimited-route.md,doc,bf614ed4,docs: DEC-33 — إعادةُ جولةِ تحقُّقٍ (فشلُ متصفّحٍ عابرٌ),2026-10-01 14:31:57 +0000,9140
docs/adr/0140-an-enabled-row-policy-with-no-measured-effect-is-a-schema-decoration.md,doc,bf614ed4,docs: DEC-33 — إعادةُ جولةِ تحقُّقٍ (فشلُ متصفّحٍ عابرٌ),2026-10-01 14:31:57 +0000,7861
docs/adr/0141-f8-09-gate-definition.md,doc,bf614ed4,docs: DEC-33 — إعادةُ جولةِ تحقُّقٍ (فشلُ متصفّحٍ عابرٌ),2026-10-01 14:31:57 +0000,3240
docs/adr/0142-dependabot-does-not-maintain-a-bun-lockfile.md,doc,bf614ed4,docs: DEC-33 — إعادةُ جولةِ تحقُّقٍ (فشلُ متصفّحٍ عابرٌ),2026-10-01 14:31:57 +0000,10680
docs/adr/0143-a-guard-that-does-not-fail-the-remote-build-is-not-a-guard.md,doc,bf614ed4,docs: DEC-33 — إعادةُ جولةِ تحقُّقٍ (فشلُ متصفّحٍ عابرٌ),2026-10-01 14:31:57 +0000,10467
docs/adr/0144-membership-is-not-validity-a-runner-command-must-be-callable.md,doc,bf614ed4,docs: DEC-33 — إعادةُ جولةِ تحقُّقٍ (فشلُ متصفّحٍ عابرٌ),2026-10-01 14:31:57 +0000,6011
docs/adr/0145-an-emergency-does-not-require-a-ride.md,doc,bf614ed4,docs: DEC-33 — إعادةُ جولةِ تحقُّقٍ (فشلُ متصفّحٍ عابرٌ),2026-10-01 14:31:57 +0000,6129
docs/adr/0146-a-share-link-lives-by-the-ride-not-by-a-cron-job.md,doc,bf614ed4,docs: DEC-33 — إعادةُ جولةِ تحقُّقٍ (فشلُ متصفّحٍ عابرٌ),2026-10-01 14:31:57 +0000,9557
docs/adr/0147-no-delivery-order-witness-in-a-concurrent-test.md,doc,bf614ed4,docs: DEC-33 — إعادةُ جولةِ تحقُّقٍ (فشلُ متصفّحٍ عابرٌ),2026-10-01 14:31:57 +0000,5220
docs/adr/0148-one-judge-and-one-exemption-registry-for-city-activation.md,doc,bf614ed4,docs: DEC-33 — إعادةُ جولةِ تحقُّقٍ (فشلُ متصفّحٍ عابرٌ),2026-10-01 14:31:57 +0000,6929
docs/adr/0149-a-session-data-budget-is-measured-not-declared.md,doc,bf614ed4,docs: DEC-33 — إعادةُ جولةِ تحقُّقٍ (فشلُ متصفّحٍ عابرٌ),2026-10-01 14:31:57 +0000,8838
docs/adr/0150-a-dependency-advisory-is-enforced-not-notified.md,doc,bf614ed4,docs: DEC-33 — إعادةُ جولةِ تحقُّقٍ (فشلُ متصفّحٍ عابرٌ),2026-10-01 14:31:57 +0000,9317
docs/adr/0151-routing-calls-per-ride-are-counted-not-estimated.md,doc,bf614ed4,docs: DEC-33 — إعادةُ جولةِ تحقُّقٍ (فشلُ متصفّحٍ عابرٌ),2026-10-01 14:31:57 +0000,10803
docs/adr/0152-telegram-messages-per-ride-are-counted-not-estimated.md,doc,bf614ed4,docs: DEC-33 — إعادةُ جولةِ تحقُّقٍ (فشلُ متصفّحٍ عابرٌ),2026-10-01 14:31:57 +0000,9655
docs/adr/0153-resource-quantities-per-ride-are-counted-not-estimated.md,doc,bf614ed4,docs: DEC-33 — إعادةُ جولةِ تحقُّقٍ (فشلُ متصفّحٍ عابرٌ),2026-10-01 14:31:57 +0000,4360
docs/adr/0154-eco-001-first-increment-active-user-and-ride-denominators.md,doc,bf614ed4,docs: DEC-33 — إعادةُ جولةِ تحقُّقٍ (فشلُ متصفّحٍ عابرٌ),2026-10-01 14:31:57 +0000,5183
docs/adr/0155-dec-16-analytical-replica-aggregates-only.md,doc,bf614ed4,docs: DEC-33 — إعادةُ جولةِ تحقُّقٍ (فشلُ متصفّحٍ عابرٌ),2026-10-01 14:31:57 +0000,4696
docs/adr/0156-cost-shape-sensitivity-at-10x-volume-is-measured-not-assumed.md,doc,bf614ed4,docs: DEC-33 — إعادةُ جولةِ تحقُّقٍ (فشلُ متصفّحٍ عابرٌ),2026-10-01 14:31:57 +0000,4903
docs/adr/0157-unsubscribed-group-join-gate-is-handled-by-the-driver-bot.md,doc,bf614ed4,docs: DEC-33 — إعادةُ جولةِ تحقُّقٍ (فشلُ متصفّحٍ عابرٌ),2026-10-01 14:31:57 +0000,7873
docs/adr/0158-ride-search-narrative-from-operational-state-and-rounds-hidden.md,doc,bf614ed4,docs: DEC-33 — إعادةُ جولةِ تحقُّقٍ (فشلُ متصفّحٍ عابرٌ),2026-10-01 14:31:57 +0000,6401
docs/adr/0159-safety-channel-entry-delivery-review-and-driver-cannot-complete.md,doc,bf614ed4,docs: DEC-33 — إعادةُ جولةِ تحقُّقٍ (فشلُ متصفّحٍ عابرٌ),2026-10-01 14:31:57 +0000,8071
docs/adr/0160-pd-021-decision-reason.md,doc,bf614ed4,docs: DEC-33 — إعادةُ جولةِ تحقُّقٍ (فشلُ متصفّحٍ عابرٌ),2026-10-01 14:31:57 +0000,2993
docs/adr/0161-pd-041-driver-finance-surface.md,doc,bf614ed4,docs: DEC-33 — إعادةُ جولةِ تحقُّقٍ (فشلُ متصفّحٍ عابرٌ),2026-10-01 14:31:57 +0000,2482
docs/adr/0162-pd-053-ticket-tracking.md,doc,bf614ed4,docs: DEC-33 — إعادةُ جولةِ تحقُّقٍ (فشلُ متصفّحٍ عابرٌ),2026-10-01 14:31:57 +0000,1597
docs/adr/0163-pd-064-miniapp-is-the-product.md,doc,bf614ed4,docs: DEC-33 — إعادةُ جولةِ تحقُّقٍ (فشلُ متصفّحٍ عابرٌ),2026-10-01 14:31:57 +0000,8503
docs/adr/0164-dec-07-telegram-is-the-only-identity-provider-for-launch-one.md,doc,bf614ed4,docs: DEC-33 — إعادةُ جولةِ تحقُّقٍ (فشلُ متصفّحٍ عابرٌ),2026-10-01 14:31:57 +0000,17121
docs/adr/0165-miniapp-static-hosting-and-frame-ancestors.md,doc,bf614ed4,docs: DEC-33 — إعادةُ جولةِ تحقُّقٍ (فشلُ متصفّحٍ عابرٌ),2026-10-01 14:31:57 +0000,16918
docs/adr/0166-back-to-bot-link-is-a-build-time-value-and-a-second-truth-source.md,doc,bf614ed4,docs: DEC-33 — إعادةُ جولةِ تحقُّقٍ (فشلُ متصفّحٍ عابرٌ),2026-10-01 14:31:57 +0000,8294
docs/adr/0167-a-gate-that-passes-where-it-cannot-read-is-not-enforcement.md,doc,bf614ed4,docs: DEC-33 — إعادةُ جولةِ تحقُّقٍ (فشلُ متصفّحٍ عابرٌ),2026-10-01 14:31:57 +0000,8079
docs/adr/0168-city-activation-is-a-door-not-a-description.md,doc,bf614ed4,docs: DEC-33 — إعادةُ جولةِ تحقُّقٍ (فشلُ متصفّحٍ عابرٌ),2026-10-01 14:31:57 +0000,6886
docs/adr/0169-silence-about-payment-before-an-irreversible-tap-is-a-false-impression.md,doc,bf614ed4,docs: DEC-33 — إعادةُ جولةِ تحقُّقٍ (فشلُ متصفّحٍ عابرٌ),2026-10-01 14:31:57 +0000,11022
docs/adr/0170-a-guard-on-one-of-two-doors-is-half-enforcement.md,doc,bf614ed4,docs: DEC-33 — إعادةُ جولةِ تحقُّقٍ (فشلُ متصفّحٍ عابرٌ),2026-10-01 14:31:57 +0000,10396
docs/adr/0171-a-promised-reply-with-no-path-is-a-complaint-that-can-only-be-rejected.md,doc,bf614ed4,docs: DEC-33 — إعادةُ جولةِ تحقُّقٍ (فشلُ متصفّحٍ عابرٌ),2026-10-01 14:31:57 +0000,9469
docs/adr/0172-initdata-replay-is-a-single-use-fingerprint-not-a-lifetime-check.md,doc,bf614ed4,docs: DEC-33 — إعادةُ جولةِ تحقُّقٍ (فشلُ متصفّحٍ عابرٌ),2026-10-01 14:31:57 +0000,5356
docs/adr/0173-session-revocation-is-a-per-jti-blocklist-built-into-the-session-reader.md,doc,bf614ed4,docs: DEC-33 — إعادةُ جولةِ تحقُّقٍ (فشلُ متصفّحٍ عابرٌ),2026-10-01 14:31:57 +0000,6069
docs/adr/0174-an-admin-revokes-a-user-not-a-token-so-revocation-is-a-per-user-not-before-epoch.md,doc,bf614ed4,docs: DEC-33 — إعادةُ جولةِ تحقُّقٍ (فشلُ متصفّحٍ عابرٌ),2026-10-01 14:31:57 +0000,7765
docs/adr/0175-null-is-the-future-representation-of-an-unlinked-identity.md,doc,bf614ed4,docs: DEC-33 — إعادةُ جولةِ تحقُّقٍ (فشلُ متصفّحٍ عابرٌ),2026-10-01 14:31:57 +0000,11211
docs/adr/0176-a-break-glass-door-is-a-second-factor-on-the-internal-identity.md,doc,bf614ed4,docs: DEC-33 — إعادةُ جولةِ تحقُّقٍ (فشلُ متصفّحٍ عابرٌ),2026-10-01 14:31:57 +0000,11726
docs/adr/0177-waslah-is-coordinator-only-not-a-party-to-the-transaction.md,doc,bf614ed4,docs: DEC-33 — إعادةُ جولةِ تحقُّقٍ (فشلُ متصفّحٍ عابرٌ),2026-10-01 14:31:57 +0000,6084
docs/adr/0178-language-source-is-account-with-settings-change.md,doc,bf614ed4,docs: DEC-33 — إعادةُ جولةِ تحقُّقٍ (فشلُ متصفّحٍ عابرٌ),2026-10-01 14:31:57 +0000,3750
docs/adr/0179-support-tickets-per-ride-are-counted-not-estimated.md,doc,bf614ed4,docs: DEC-33 — إعادةُ جولةِ تحقُّقٍ (فشلُ متصفّحٍ عابرٌ),2026-10-01 14:31:57 +0000,3145
docs/adr/0180-eco-006-measures-system-tickets-only-not-support-rate.md,doc,bf614ed4,docs: DEC-33 — إعادةُ جولةِ تحقُّقٍ (فشلُ متصفّحٍ عابرٌ),2026-10-01 14:31:57 +0000,6067
docs/adr/0181-pd-090-identity-order-network-market-service.md,doc,bf614ed4,docs: DEC-33 — إعادةُ جولةِ تحقُّقٍ (فشلُ متصفّحٍ عابرٌ),2026-10-01 14:31:57 +0000,4415
docs/adr/0182-english-brand-spelling-is-wasla.md,doc,bf614ed4,docs: DEC-33 — إعادةُ جولةِ تحقُّقٍ (فشلُ متصفّحٍ عابرٌ),2026-10-01 14:31:57 +0000,2625
docs/adr/0183-the-mini-app-is-opened-by-a-real-browser-in-ci.md,doc,bf614ed4,docs: DEC-33 — إعادةُ جولةِ تحقُّقٍ (فشلُ متصفّحٍ عابرٌ),2026-10-01 14:31:57 +0000,8273
docs/adr/0184-tti-measured-with-full-boot-path-in-ci.md,doc,bf614ed4,docs: DEC-33 — إعادةُ جولةِ تحقُّقٍ (فشلُ متصفّحٍ عابرٌ),2026-10-01 14:31:57 +0000,5089
docs/adr/0185-dec19-slow4g-rider-surface-is-the-performance-criterion.md,doc,bf614ed4,docs: DEC-33 — إعادةُ جولةِ تحقُّقٍ (فشلُ متصفّحٍ عابرٌ),2026-10-01 14:31:57 +0000,10637
docs/adr/0186-non-default-miniapp-dictionaries-load-on-demand.md,doc,bf614ed4,docs: DEC-33 — إعادةُ جولةِ تحقُّقٍ (فشلُ متصفّحٍ عابرٌ),2026-10-01 14:31:57 +0000,3747
docs/adr/0187-warm-rider-home-after-session-exchange.md,doc,bf614ed4,docs: DEC-33 — إعادةُ جولةِ تحقُّقٍ (فشلُ متصفّحٍ عابرٌ),2026-10-01 14:31:57 +0000,3085
docs/adr/0188-arabic-miniapp-dictionary-partitioned-by-bundle.md,doc,bf614ed4,docs: DEC-33 — إعادةُ جولةِ تحقُّقٍ (فشلُ متصفّحٍ عابرٌ),2026-10-01 14:31:57 +0000,3928
docs/adr/0189-warm-rider-home-with-session-request.md,doc,bf614ed4,docs: DEC-33 — إعادةُ جولةِ تحقُّقٍ (فشلُ متصفّحٍ عابرٌ),2026-10-01 14:31:57 +0000,2677
docs/adr/0190-declared-routing-rate-limit-enforced-before-request.md,doc,bf614ed4,docs: DEC-33 — إعادةُ جولةِ تحقُّقٍ (فشلُ متصفّحٍ عابرٌ),2026-10-01 14:31:57 +0000,4407
docs/adr/0191-soak-settle-exceeds-postgres-idle-stats-flush.md,doc,bf614ed4,docs: DEC-33 — إعادةُ جولةِ تحقُّقٍ (فشلُ متصفّحٍ عابرٌ),2026-10-01 14:31:57 +0000,3367
docs/adr/0192-routing-outage-is-injected-on-the-wire.md,doc,bf614ed4,docs: DEC-33 — إعادةُ جولةِ تحقُّقٍ (فشلُ متصفّحٍ عابرٌ),2026-10-01 14:31:57 +0000,4963
docs/adr/0193-redis-loss-is-cut-at-the-client-for-every-command.md,doc,bf614ed4,docs: DEC-33 — إعادةُ جولةِ تحقُّقٍ (فشلُ متصفّحٍ عابرٌ),2026-10-01 14:31:57 +0000,5821
docs/adr/0194-unreadable-session-is-not-absent-session.md,doc,bf614ed4,docs: DEC-33 — إعادةُ جولةِ تحقُّقٍ (فشلُ متصفّحٍ عابرٌ),2026-10-01 14:31:57 +0000,4251
docs/adr/0195-worker-loss-is-a-real-process-kill-and-messages-are-at-least-once.md,doc,bf614ed4,docs: DEC-33 — إعادةُ جولةِ تحقُّقٍ (فشلُ متصفّحٍ عابرٌ),2026-10-01 14:31:57 +0000,4708
docs/adr/0196-outbox-reclaim-timeout-is-the-row-city-setting.md,doc,bf614ed4,docs: DEC-33 — إعادةُ جولةِ تحقُّقٍ (فشلُ متصفّحٍ عابرٌ),2026-10-01 14:31:57 +0000,3105
docs/adr/0197-request-path-query-deadline-is-client-side-and-gated.md,doc,bf614ed4,docs: DEC-33 — إعادةُ جولةِ تحقُّقٍ (فشلُ متصفّحٍ عابرٌ),2026-10-01 14:31:57 +0000,6307
docs/adr/0198-telegram-bot-api-outage-does-not-block-miniapp.md,doc,bf614ed4,docs: DEC-33 — إعادةُ جولةِ تحقُّقٍ (فشلُ متصفّحٍ عابرٌ),2026-10-01 14:31:57 +0000,6194
docs/adr/0199-paid-broadcast-is-gated-by-owner-decision-not-enabled.md,doc,bf614ed4,docs: DEC-33 — إعادةُ جولةِ تحقُّقٍ (فشلُ متصفّحٍ عابرٌ),2026-10-01 14:31:57 +0000,6712
docs/adr/0200-payment-provider-outage-is-pending-recoverable.md,doc,bf614ed4,docs: DEC-33 — إعادةُ جولةِ تحقُّقٍ (فشلُ متصفّحٍ عابرٌ),2026-10-01 14:31:57 +0000,8559
docs/adr/0201-backup-restore-drill-documents-measured-time.md,doc,bf614ed4,docs: DEC-33 — إعادةُ جولةِ تحقُّقٍ (فشلُ متصفّحٍ عابرٌ),2026-10-01 14:31:57 +0000,6190
docs/adr/0202-gateway-loss-measured-by-real-process-kill.md,doc,bf614ed4,docs: DEC-33 — إعادةُ جولةِ تحقُّقٍ (فشلُ متصفّحٍ عابرٌ),2026-10-01 14:31:57 +0000,9252
docs/adr/0203-deploy-swap-continuity-measured-by-real-sigterm.md,doc,bf614ed4,docs: DEC-33 — إعادةُ جولةِ تحقُّقٍ (فشلُ متصفّحٍ عابرٌ),2026-10-01 14:31:57 +0000,11279
docs/adr/0204-mandatory-new-column-without-default-is-a-declared-narrowing.md,doc,bf614ed4,docs: DEC-33 — إعادةُ جولةِ تحقُّقٍ (فشلُ متصفّحٍ عابرٌ),2026-10-01 14:31:57 +0000,8045
docs/adr/0205-distributed-load-generator-is-coordinated-over-http-with-fingerprinted-plans.md,doc,bf614ed4,docs: DEC-33 — إعادةُ جولةِ تحقُّقٍ (فشلُ متصفّحٍ عابرٌ),2026-10-01 14:31:57 +0000,8473
docs/adr/0206-staging-blueprint-is-derived-from-production-not-written-beside-it.md,doc,bf614ed4,docs: DEC-33 — إعادةُ جولةِ تحقُّقٍ (فشلُ متصفّحٍ عابرٌ),2026-10-01 14:31:57 +0000,9993
docs/adr/0207-ride-summary-report-problem-raises-intent-router-carries-the-ride.md,doc,bf614ed4,docs: DEC-33 — إعادةُ جولةِ تحقُّقٍ (فشلُ متصفّحٍ عابرٌ),2026-10-01 14:31:57 +0000,3976
docs/adr/0208-ride-travelled-distance-is-measured-from-the-accepted-trace-inside-the-ride-window.md,doc,bf614ed4,docs: DEC-33 — إعادةُ جولةِ تحقُّقٍ (فشلُ متصفّحٍ عابرٌ),2026-10-01 14:31:57 +0000,15037
docs/adr/0209-deferred-location-pulse-queue-delivers-every-accepted-pulse-to-the-trace.md,doc,bf614ed4,docs: DEC-33 — إعادةُ جولةِ تحقُّقٍ (فشلُ متصفّحٍ عابرٌ),2026-10-01 14:31:57 +0000,9962
docs/adr/0210-session-exchange-embeds-boot-reads-to-drop-a-round-trip.md,doc,bf614ed4,docs: DEC-33 — إعادةُ جولةِ تحقُّقٍ (فشلُ متصفّحٍ عابرٌ),2026-10-01 14:31:57 +0000,5822
docs/adr/0211-phase-f15-monthly-driver-gated-on-live-payment-gateway.md,doc,bf614ed4,docs: DEC-33 — إعادةُ جولةِ تحقُّقٍ (فشلُ متصفّحٍ عابرٌ),2026-10-01 14:31:57 +0000,6088
docs/adr/0212-bootstrap-admin-provisions-its-own-account.md,doc,bf614ed4,docs: DEC-33 — إعادةُ جولةِ تحقُّقٍ (فشلُ متصفّحٍ عابرٌ),2026-10-01 14:31:57 +0000,5825
docs/adr/0213-miniapp-primary-surface-bot-thin-layer.md,doc,bf614ed4,docs: DEC-33 — إعادةُ جولةِ تحقُّقٍ (فشلُ متصفّحٍ عابرٌ),2026-10-01 14:31:57 +0000,9776
docs/adr/0214-three-debts-as-roadmap-items.md,doc,bf614ed4,docs: DEC-33 — إعادةُ جولةِ تحقُّقٍ (فشلُ متصفّحٍ عابرٌ),2026-10-01 14:31:57 +0000,3886
docs/adr/0215-incomplete-documents-block-verification.md,doc,bf614ed4,docs: DEC-33 — إعادةُ جولةِ تحقُّقٍ (فشلُ متصفّحٍ عابرٌ),2026-10-01 14:31:57 +0000,2496
docs/adr/0216-ceiling-exceeded-detector.md,doc,bf614ed4,docs: DEC-33 — إعادةُ جولةِ تحقُّقٍ (فشلُ متصفّحٍ عابرٌ),2026-10-01 14:31:57 +0000,2128
docs/adr/0217-driver-sos-second-channel.md,doc,bf614ed4,docs: DEC-33 — إعادةُ جولةِ تحقُّقٍ (فشلُ متصفّحٍ عابرٌ),2026-10-01 14:31:57 +0000,2191
docs/adr/0218-activate-declared-future-modules-as-items.md,doc,bf614ed4,docs: DEC-33 — إعادةُ جولةِ تحقُّقٍ (فشلُ متصفّحٍ عابرٌ),2026-10-01 14:31:57 +0000,3672
docs/adr/0219-reputation-wiring-rating-and-abusive-flagging.md,doc,bf614ed4,docs: DEC-33 — إعادةُ جولةِ تحقُّقٍ (فشلُ متصفّحٍ عابرٌ),2026-10-01 14:31:57 +0000,3365
docs/adr/0220-close-dispute-admin-path.md,doc,bf614ed4,docs: DEC-33 — إعادةُ جولةِ تحقُّقٍ (فشلُ متصفّحٍ عابرٌ),2026-10-01 14:31:57 +0000,2800
docs/adr/0221-admin-tracking-revocation.md,doc,bf614ed4,docs: DEC-33 — إعادةُ جولةِ تحقُّقٍ (فشلُ متصفّحٍ عابرٌ),2026-10-01 14:31:57 +0000,2632
docs/adr/0222-admin-document-read-url.md,doc,bf614ed4,docs: DEC-33 — إعادةُ جولةِ تحقُّقٍ (فشلُ متصفّحٍ عابرٌ),2026-10-01 14:31:57 +0000,3305
docs/adr/0223-support-ticket-api-card-publishing.md,doc,bf614ed4,docs: DEC-33 — إعادةُ جولةِ تحقُّقٍ (فشلُ متصفّحٍ عابرٌ),2026-10-01 14:31:57 +0000,2154
docs/adr/0224-document-expiry-notification.md,doc,bf614ed4,docs: DEC-33 — إعادةُ جولةِ تحقُّقٍ (فشلُ متصفّحٍ عابرٌ),2026-10-01 14:31:57 +0000,3749
docs/adr/0225-document-upload-progress.md,doc,bf614ed4,docs: DEC-33 — إعادةُ جولةِ تحقُّقٍ (فشلُ متصفّحٍ عابرٌ),2026-10-01 14:31:57 +0000,2281
docs/adr/0226-driver-sos-button.md,doc,bf614ed4,docs: DEC-33 — إعادةُ جولةِ تحقُّقٍ (فشلُ متصفّحٍ عابرٌ),2026-10-01 14:31:57 +0000,2242
docs/adr/0227-object-existence-check.md,doc,bf614ed4,docs: DEC-33 — إعادةُ جولةِ تحقُّقٍ (فشلُ متصفّحٍ عابرٌ),2026-10-01 14:31:57 +0000,2143
docs/adr/0228-driver-document-read-url.md,doc,bf614ed4,docs: DEC-33 — إعادةُ جولةِ تحقُّقٍ (فشلُ متصفّحٍ عابرٌ),2026-10-01 14:31:57 +0000,2426
docs/adr/0229-driver-offers-realtime.md,doc,bf614ed4,docs: DEC-33 — إعادةُ جولةِ تحقُّقٍ (فشلُ متصفّحٍ عابرٌ),2026-10-01 14:31:57 +0000,2987
docs/adr/0230-documents-in-app-camera.md,doc,bf614ed4,docs: DEC-33 — إعادةُ جولةِ تحقُّقٍ (فشلُ متصفّحٍ عابرٌ),2026-10-01 14:31:57 +0000,3884
docs/adversarial-test-report.md,doc,bf614ed4,docs: DEC-33 — إعادةُ جولةِ تحقُّقٍ (فشلُ متصفّحٍ عابرٌ),2026-10-01 14:31:57 +0000,13856
docs/agent-core-activation.md,doc,bf614ed4,docs: DEC-33 — إعادةُ جولةِ تحقُّقٍ (فشلُ متصفّحٍ عابرٌ),2026-10-01 14:31:57 +0000,9866
docs/api.md,doc,bf614ed4,docs: DEC-33 — إعادةُ جولةِ تحقُّقٍ (فشلُ متصفّحٍ عابرٌ),2026-10-01 14:31:57 +0000,9887
docs/audits/09-final-unified-audit-20260921.md,doc,bf614ed4,docs: DEC-33 — إعادةُ جولةِ تحقُّقٍ (فشلُ متصفّحٍ عابرٌ),2026-10-01 14:31:57 +0000,32147
docs/audits/10-exhaustive-project-audit-20260921.md,doc,bf614ed4,docs: DEC-33 — إعادةُ جولةِ تحقُّقٍ (فشلُ متصفّحٍ عابرٌ),2026-10-01 14:31:57 +0000,16839
docs/audits/11-unwired-exports-audit-20260930.md,doc,bf614ed4,docs: DEC-33 — إعادةُ جولةِ تحقُّقٍ (فشلُ متصفّحٍ عابرٌ),2026-10-01 14:31:57 +0000,4116
docs/capacity/capacity-profile-v2-market.md,doc,bf614ed4,docs: DEC-33 — إعادةُ جولةِ تحقُّقٍ (فشلُ متصفّحٍ عابرٌ),2026-10-01 14:31:57 +0000,5758
docs/capacity/capacity-profile-v2.md,doc,bf614ed4,docs: DEC-33 — إعادةُ جولةِ تحقُّقٍ (فشلُ متصفّحٍ عابرٌ),2026-10-01 14:31:57 +0000,5846
docs/contracts/core/PROVENANCE.md,doc,bf614ed4,docs: DEC-33 — إعادةُ جولةِ تحقُّقٍ (فشلُ متصفّحٍ عابرٌ),2026-10-01 14:31:57 +0000,17274
docs/contracts/core/core.fulfillment.cancelled.v1.schema.json,other,bf614ed4,docs: DEC-33 — إعادةُ جولةِ تحقُّقٍ (فشلُ متصفّحٍ عابرٌ),2026-10-01 14:31:57 +0000,4512
docs/contracts/core/core.fulfillment.created.v1.schema.json,other,bf614ed4,docs: DEC-33 — إعادةُ جولةِ تحقُّقٍ (فشلُ متصفّحٍ عابرٌ),2026-10-01 14:31:57 +0000,901
docs/contracts/core/envelope.schema.json,other,bf614ed4,docs: DEC-33 — إعادةُ جولةِ تحقُّقٍ (فشلُ متصفّحٍ عابرٌ),2026-10-01 14:31:57 +0000,1147
docs/contracts/core/move.job.accepted.v1.schema.json,other,bf614ed4,docs: DEC-33 — إعادةُ جولةِ تحقُّقٍ (فشلُ متصفّحٍ عابرٌ),2026-10-01 14:31:57 +0000,810
docs/contracts/core/move.job.completed.v1.schema.json,other,bf614ed4,docs: DEC-33 — إعادةُ جولةِ تحقُّقٍ (فشلُ متصفّحٍ عابرٌ),2026-10-01 14:31:57 +0000,846
docs/contracts/core/move.job.rejected.v1.schema.json,other,bf614ed4,docs: DEC-33 — إعادةُ جولةِ تحقُّقٍ (فشلُ متصفّحٍ عابرٌ),2026-10-01 14:31:57 +0000,811
docs/contracts/core/transport/core-v1.yaml,other,bf614ed4,docs: DEC-33 — إعادةُ جولةِ تحقُّقٍ (فشلُ متصفّحٍ عابرٌ),2026-10-01 14:31:57 +0000,59392
docs/contracts/core/transport/outbound-delivery.md,doc,bf614ed4,docs: DEC-33 — إعادةُ جولةِ تحقُّقٍ (فشلُ متصفّحٍ عابرٌ),2026-10-01 14:31:57 +0000,7118
docs/decisions/DEC-06-realtime-transport-20260827.md,doc,bf614ed4,docs: DEC-33 — إعادةُ جولةِ تحقُّقٍ (فشلُ متصفّحٍ عابرٌ),2026-10-01 14:31:57 +0000,8756
docs/decisions/DEC-09-11-12-20260826.md,doc,bf614ed4,docs: DEC-33 — إعادةُ جولةِ تحقُّقٍ (فشلُ متصفّحٍ عابرٌ),2026-10-01 14:31:57 +0000,23857
docs/decisions/DEC-11-20260917-owner-fare-policy.md,doc,bf614ed4,docs: DEC-33 — إعادةُ جولةِ تحقُّقٍ (فشلُ متصفّحٍ عابرٌ),2026-10-01 14:31:57 +0000,5710
docs/decisions/DEC-14-single-instance-deferral-20260909.md,doc,bf614ed4,docs: DEC-33 — إعادةُ جولةِ تحقُّقٍ (فشلُ متصفّحٍ عابرٌ),2026-10-01 14:31:57 +0000,5720
docs/decisions/DEC-15-location-retention-20260910.md,doc,bf614ed4,docs: DEC-33 — إعادةُ جولةِ تحقُّقٍ (فشلُ متصفّحٍ عابرٌ),2026-10-01 14:31:57 +0000,3986
docs/decisions/DEC-16-20260917-secrets-deferral.md,doc,bf614ed4,docs: DEC-33 — إعادةُ جولةِ تحقُّقٍ (فشلُ متصفّحٍ عابرٌ),2026-10-01 14:31:57 +0000,2397
docs/decisions/DEC-16-analytical-replica-aggregates-only-20260920.md,doc,bf614ed4,docs: DEC-33 — إعادةُ جولةِ تحقُّقٍ (فشلُ متصفّحٍ عابرٌ),2026-10-01 14:31:57 +0000,2451
docs/decisions/DEC-20-20260928-production-environment.md,doc,bf614ed4,docs: DEC-33 — إعادةُ جولةِ تحقُّقٍ (فشلُ متصفّحٍ عابرٌ),2026-10-01 14:31:57 +0000,5921
docs/decisions/DEC-21-20260928-monthly-driver-and-commission.md,doc,bf614ed4,docs: DEC-33 — إعادةُ جولةِ تحقُّقٍ (فشلُ متصفّحٍ عابرٌ),2026-10-01 14:31:57 +0000,4621
docs/decisions/DEC-22-20260929-miniapp-primary-surface.md,doc,bf614ed4,docs: DEC-33 — إعادةُ جولةِ تحقُّقٍ (فشلُ متصفّحٍ عابرٌ),2026-10-01 14:31:57 +0000,1902
docs/decisions/DEC-23-20260930-three-debts-as-items.md,doc,bf614ed4,docs: DEC-33 — إعادةُ جولةِ تحقُّقٍ (فشلُ متصفّحٍ عابرٌ),2026-10-01 14:31:57 +0000,3131
docs/decisions/DEC-24-20260930-activate-declared-future-modules.md,doc,bf614ed4,docs: DEC-33 — إعادةُ جولةِ تحقُّقٍ (فشلُ متصفّحٍ عابرٌ),2026-10-01 14:31:57 +0000,5415
docs/directive-final-baseline.md,doc,bf614ed4,docs: DEC-33 — إعادةُ جولةِ تحقُّقٍ (فشلُ متصفّحٍ عابرٌ),2026-10-01 14:31:57 +0000,17184
docs/directive-final-report.md,doc,bf614ed4,docs: DEC-33 — إعادةُ جولةِ تحقُّقٍ (فشلُ متصفّحٍ عابرٌ),2026-10-01 14:31:57 +0000,13177
docs/directive-final-section-3-identity-login.md,doc,bf614ed4,docs: DEC-33 — إعادةُ جولةِ تحقُّقٍ (فشلُ متصفّحٍ عابرٌ),2026-10-01 14:31:57 +0000,5358
docs/directive-final-section-4-agent-core-support.md,doc,bf614ed4,docs: DEC-33 — إعادةُ جولةِ تحقُّقٍ (فشلُ متصفّحٍ عابرٌ),2026-10-01 14:31:57 +0000,6586
docs/directive-final-section-6-bounded-improvements.md,doc,bf614ed4,docs: DEC-33 — إعادةُ جولةِ تحقُّقٍ (فشلُ متصفّحٍ عابرٌ),2026-10-01 14:31:57 +0000,6627
docs/directive-final-section-7-plpgsql-audit.md,doc,bf614ed4,docs: DEC-33 — إعادةُ جولةِ تحقُّقٍ (فشلُ متصفّحٍ عابرٌ),2026-10-01 14:31:57 +0000,8446
docs/directive-item-0-live-diagnosis.md,doc,bf614ed4,docs: DEC-33 — إعادةُ جولةِ تحقُّقٍ (فشلُ متصفّحٍ عابرٌ),2026-10-01 14:31:57 +0000,18486
docs/directive-item-1-madinah-activation.md,doc,bf614ed4,docs: DEC-33 — إعادةُ جولةِ تحقُّقٍ (فشلُ متصفّحٍ عابرٌ),2026-10-01 14:31:57 +0000,5999
docs/directive-item-4-worker-live-proof.md,doc,bf614ed4,docs: DEC-33 — إعادةُ جولةِ تحقُّقٍ (فشلُ متصفّحٍ عابرٌ),2026-10-01 14:31:57 +0000,5465
docs/directive-items-2-3-and-3-diagnosis.md,doc,bf614ed4,docs: DEC-33 — إعادةُ جولةِ تحقُّقٍ (فشلُ متصفّحٍ عابرٌ),2026-10-01 14:31:57 +0000,12672
docs/evidence/README.md,evidence,bf614ed4,docs: DEC-33 — إعادةُ جولةِ تحقُّقٍ (فشلُ متصفّحٍ عابرٌ),2026-10-01 14:31:57 +0000,3398
docs/evidence/architecture/.gitkeep.md,evidence,bf614ed4,docs: DEC-33 — إعادةُ جولةِ تحقُّقٍ (فشلُ متصفّحٍ عابرٌ),2026-10-01 14:31:57 +0000,219
docs/evidence/architecture/ADR0213-20260929.md,evidence,bf614ed4,docs: DEC-33 — إعادةُ جولةِ تحقُّقٍ (فشلُ متصفّحٍ عابرٌ),2026-10-01 14:31:57 +0000,5963
docs/evidence/architecture/CAP-002-outbound-rate-aware-sender-20260908.md,evidence,bf614ed4,docs: DEC-33 — إعادةُ جولةِ تحقُّقٍ (فشلُ متصفّحٍ عابرٌ),2026-10-01 14:31:57 +0000,17217
docs/evidence/architecture/CAP-003-20260907.md,evidence,bf614ed4,docs: DEC-33 — إعادةُ جولةِ تحقُّقٍ (فشلُ متصفّحٍ عابرٌ),2026-10-01 14:31:57 +0000,8242
docs/evidence/architecture/D-35-20260925-soak-settle-idle-flush.md,evidence,bf614ed4,docs: DEC-33 — إعادةُ جولةِ تحقُّقٍ (فشلُ متصفّحٍ عابرٌ),2026-10-01 14:31:57 +0000,2053
docs/evidence/architecture/D-36-20260925-unreadable-session.md,evidence,bf614ed4,docs: DEC-33 — إعادةُ جولةِ تحقُّقٍ (فشلُ متصفّحٍ عابرٌ),2026-10-01 14:31:57 +0000,1460
docs/evidence/architecture/D-37-20260925-claim-timeout-per-city.md,evidence,bf614ed4,docs: DEC-33 — إعادةُ جولةِ تحقُّقٍ (فشلُ متصفّحٍ عابرٌ),2026-10-01 14:31:57 +0000,1195
docs/evidence/architecture/D-38-20260928-deferred-trace-append.md,evidence,bf614ed4,docs: DEC-33 — إعادةُ جولةِ تحقُّقٍ (فشلُ متصفّحٍ عابرٌ),2026-10-01 14:31:57 +0000,7799
docs/evidence/architecture/DEC-06-CLOSURE-20260827.md,evidence,bf614ed4,docs: DEC-33 — إعادةُ جولةِ تحقُّقٍ (فشلُ متصفّحٍ عابرٌ),2026-10-01 14:31:57 +0000,9458
docs/evidence/architecture/DEC-06-SOCKETIO-probe-20260827.md,evidence,bf614ed4,docs: DEC-33 — إعادةُ جولةِ تحقُّقٍ (فشلُ متصفّحٍ عابرٌ),2026-10-01 14:31:57 +0000,19323
docs/evidence/architecture/DEC-06-WS-probe-20260827.md,evidence,bf614ed4,docs: DEC-33 — إعادةُ جولةِ تحقُّقٍ (فشلُ متصفّحٍ عابرٌ),2026-10-01 14:31:57 +0000,15773
docs/evidence/architecture/DEC-06-probe-20260827.md,evidence,bf614ed4,docs: DEC-33 — إعادةُ جولةِ تحقُّقٍ (فشلُ متصفّحٍ عابرٌ),2026-10-01 14:31:57 +0000,10712
docs/evidence/architecture/DEC-07-TELEGRAM-ONLY-IDENTITY-20260921.md,evidence,bf614ed4,docs: DEC-33 — إعادةُ جولةِ تحقُّقٍ (فشلُ متصفّحٍ عابرٌ),2026-10-01 14:31:57 +0000,9028
docs/evidence/architecture/DEC-10-DEC-13-F1-CONTRACT-20260826.md,evidence,bf614ed4,docs: DEC-33 — إعادةُ جولةِ تحقُّقٍ (فشلُ متصفّحٍ عابرٌ),2026-10-01 14:31:57 +0000,4579
docs/evidence/architecture/DEC-16-20260920.md,evidence,bf614ed4,docs: DEC-33 — إعادةُ جولةِ تحقُّقٍ (فشلُ متصفّحٍ عابرٌ),2026-10-01 14:31:57 +0000,2898
docs/evidence/architecture/DELIVERY-LIFECYCLE-INVENTORY-20260930.md,evidence,bf614ed4,docs: DEC-33 — إعادةُ جولةِ تحقُّقٍ (فشلُ متصفّحٍ عابرٌ),2026-10-01 14:31:57 +0000,9102
docs/evidence/architecture/DEP-CORE-005-20260912.md,evidence,bf614ed4,docs: DEC-33 — إعادةُ جولةِ تحقُّقٍ (فشلُ متصفّحٍ عابرٌ),2026-10-01 14:31:57 +0000,37905
docs/evidence/architecture/ECO-002-ROUTING-CALLS-20260920.md,evidence,bf614ed4,docs: DEC-33 — إعادةُ جولةِ تحقُّقٍ (فشلُ متصفّحٍ عابرٌ),2026-10-01 14:31:57 +0000,14965
docs/evidence/architecture/ECO-003-TELEGRAM-MESSAGES-20260920.md,evidence,bf614ed4,docs: DEC-33 — إعادةُ جولةِ تحقُّقٍ (فشلُ متصفّحٍ عابرٌ),2026-10-01 14:31:57 +0000,11941
docs/evidence/architecture/ECO-004-RESOURCE-USAGE-20260920.md,evidence,bf614ed4,docs: DEC-33 — إعادةُ جولةِ تحقُّقٍ (فشلُ متصفّحٍ عابرٌ),2026-10-01 14:31:57 +0000,9068
docs/evidence/architecture/ECO-006-20260923.md,evidence,bf614ed4,docs: DEC-33 — إعادةُ جولةِ تحقُّقٍ (فشلُ متصفّحٍ عابرٌ),2026-10-01 14:31:57 +0000,7999
docs/evidence/architecture/ECO-008-COST-SENSITIVITY-20260920.md,evidence,bf614ed4,docs: DEC-33 — إعادةُ جولةِ تحقُّقٍ (فشلُ متصفّحٍ عابرٌ),2026-10-01 14:31:57 +0000,10578
docs/evidence/architecture/F0-01-to-F0-05-20260826.md,evidence,bf614ed4,docs: DEC-33 — إعادةُ جولةِ تحقُّقٍ (فشلُ متصفّحٍ عابرٌ),2026-10-01 14:31:57 +0000,11014
docs/evidence/architecture/F0-06-20260826.md,evidence,bf614ed4,docs: DEC-33 — إعادةُ جولةِ تحقُّقٍ (فشلُ متصفّحٍ عابرٌ),2026-10-01 14:31:57 +0000,2981
docs/evidence/architecture/F0-GATE-DECISION-20260826.md,evidence,bf614ed4,docs: DEC-33 — إعادةُ جولةِ تحقُّقٍ (فشلُ متصفّحٍ عابرٌ),2026-10-01 14:31:57 +0000,6813
docs/evidence/architecture/F1-01-20260827.md,evidence,bf614ed4,docs: DEC-33 — إعادةُ جولةِ تحقُّقٍ (فشلُ متصفّحٍ عابرٌ),2026-10-01 14:31:57 +0000,2535
docs/evidence/architecture/F1-01-CLOSURE-20260827.md,evidence,bf614ed4,docs: DEC-33 — إعادةُ جولةِ تحقُّقٍ (فشلُ متصفّحٍ عابرٌ),2026-10-01 14:31:57 +0000,15686
docs/evidence/architecture/F1-02-20260827.md,evidence,bf614ed4,docs: DEC-33 — إعادةُ جولةِ تحقُّقٍ (فشلُ متصفّحٍ عابرٌ),2026-10-01 14:31:57 +0000,18560
docs/evidence/architecture/F1-03-20260827.md,evidence,bf614ed4,docs: DEC-33 — إعادةُ جولةِ تحقُّقٍ (فشلُ متصفّحٍ عابرٌ),2026-10-01 14:31:57 +0000,36500
docs/evidence/architecture/F1-04-20260828.md,evidence,bf614ed4,docs: DEC-33 — إعادةُ جولةِ تحقُّقٍ (فشلُ متصفّحٍ عابرٌ),2026-10-01 14:31:57 +0000,23190
docs/evidence/architecture/F1-05-20260828.md,evidence,bf614ed4,docs: DEC-33 — إعادةُ جولةِ تحقُّقٍ (فشلُ متصفّحٍ عابرٌ),2026-10-01 14:31:57 +0000,27450
docs/evidence/architecture/F1-06-20260828.md,evidence,bf614ed4,docs: DEC-33 — إعادةُ جولةِ تحقُّقٍ (فشلُ متصفّحٍ عابرٌ),2026-10-01 14:31:57 +0000,29841
docs/evidence/architecture/F1-07-20260828.md,evidence,bf614ed4,docs: DEC-33 — إعادةُ جولةِ تحقُّقٍ (فشلُ متصفّحٍ عابرٌ),2026-10-01 14:31:57 +0000,29384
docs/evidence/architecture/F1-08-20260829.md,evidence,bf614ed4,docs: DEC-33 — إعادةُ جولةِ تحقُّقٍ (فشلُ متصفّحٍ عابرٌ),2026-10-01 14:31:57 +0000,22570
docs/evidence/architecture/F1-09-20260829.md,evidence,bf614ed4,docs: DEC-33 — إعادةُ جولةِ تحقُّقٍ (فشلُ متصفّحٍ عابرٌ),2026-10-01 14:31:57 +0000,15832
docs/evidence/architecture/F1-09-20260920.md,evidence,bf614ed4,docs: DEC-33 — إعادةُ جولةِ تحقُّقٍ (فشلُ متصفّحٍ عابرٌ),2026-10-01 14:31:57 +0000,12588
docs/evidence/architecture/F1-09-20260924-critical-path.md,evidence,bf614ed4,docs: DEC-33 — إعادةُ جولةِ تحقُّقٍ (فشلُ متصفّحٍ عابرٌ),2026-10-01 14:31:57 +0000,5472
docs/evidence/architecture/F1-09-20260924-dec19-comparison.md,evidence,bf614ed4,docs: DEC-33 — إعادةُ جولةِ تحقُّقٍ (فشلُ متصفّحٍ عابرٌ),2026-10-01 14:31:57 +0000,11205
docs/evidence/architecture/F1-09-20260924-dec19-decision.md,evidence,bf614ed4,docs: DEC-33 — إعادةُ جولةِ تحقُّقٍ (فشلُ متصفّحٍ عابرٌ),2026-10-01 14:31:57 +0000,8169
docs/evidence/architecture/F1-09-20260924-fcp-diagnostic.md,evidence,bf614ed4,docs: DEC-33 — إعادةُ جولةِ تحقُّقٍ (فشلُ متصفّحٍ عابرٌ),2026-10-01 14:31:57 +0000,20087
docs/evidence/architecture/F1-09-20260924-tti.md,evidence,bf614ed4,docs: DEC-33 — إعادةُ جولةِ تحقُّقٍ (فشلُ متصفّحٍ عابرٌ),2026-10-01 14:31:57 +0000,6159
docs/evidence/architecture/F1-09-20260924.md,evidence,bf614ed4,docs: DEC-33 — إعادةُ جولةِ تحقُّقٍ (فشلُ متصفّحٍ عابرٌ),2026-10-01 14:31:57 +0000,5511
docs/evidence/architecture/F1-09-20260925-first-surface-within-limits.md,evidence,bf614ed4,docs: DEC-33 — إعادةُ جولةِ تحقُّقٍ (فشلُ متصفّحٍ عابرٌ),2026-10-01 14:31:57 +0000,4134
docs/evidence/architecture/F1-09-20260925-lazy-dictionaries.md,evidence,bf614ed4,docs: DEC-33 — إعادةُ جولةِ تحقُّقٍ (فشلُ متصفّحٍ عابرٌ),2026-10-01 14:31:57 +0000,2899
docs/evidence/architecture/F1-09-20260925-preboot-classic.md,evidence,bf614ed4,docs: DEC-33 — إعادةُ جولةِ تحقُّقٍ (فشلُ متصفّحٍ عابرٌ),2026-10-01 14:31:57 +0000,4891
docs/evidence/architecture/F1-09-20260925-rider-bundle-split.md,evidence,bf614ed4,docs: DEC-33 — إعادةُ جولةِ تحقُّقٍ (فشلُ متصفّحٍ عابرٌ),2026-10-01 14:31:57 +0000,3776
docs/evidence/architecture/F1-09-20260925-warm-rider-home.md,evidence,bf614ed4,docs: DEC-33 — إعادةُ جولةِ تحقُّقٍ (فشلُ متصفّحٍ عابرٌ),2026-10-01 14:31:57 +0000,2172
docs/evidence/architecture/F1-10-20260829.md,evidence,bf614ed4,docs: DEC-33 — إعادةُ جولةِ تحقُّقٍ (فشلُ متصفّحٍ عابرٌ),2026-10-01 14:31:57 +0000,14507
docs/evidence/architecture/F1-10-MINIAPP-STATIC-HOSTING-20260921.md,evidence,bf614ed4,docs: DEC-33 — إعادةُ جولةِ تحقُّقٍ (فشلُ متصفّحٍ عابرٌ),2026-10-01 14:31:57 +0000,7999
docs/evidence/architecture/F1-10-TG-005-CLOSURE-20260928.md,evidence,bf614ed4,docs: DEC-33 — إعادةُ جولةِ تحقُّقٍ (فشلُ متصفّحٍ عابرٌ),2026-10-01 14:31:57 +0000,3324
docs/evidence/architecture/F11-02-20260925-worker-loss-reclaim.md,evidence,bf614ed4,docs: DEC-33 — إعادةُ جولةِ تحقُّقٍ (فشلُ متصفّحٍ عابرٌ),2026-10-01 14:31:57 +0000,1690
docs/evidence/architecture/F11-03-20260925-redis-loss-commercial-state.md,evidence,bf614ed4,docs: DEC-33 — إعادةُ جولةِ تحقُّقٍ (فشلُ متصفّحٍ عابرٌ),2026-10-01 14:31:57 +0000,2459
docs/evidence/architecture/F11-04-20260925-pg-brownout.md,evidence,bf614ed4,docs: DEC-33 — إعادةُ جولةِ تحقُّقٍ (فشلُ متصفّحٍ عابرٌ),2026-10-01 14:31:57 +0000,3823
docs/evidence/architecture/F11-05-20260926-telegram-outage-miniapp.md,evidence,bf614ed4,docs: DEC-33 — إعادةُ جولةِ تحقُّقٍ (فشلُ متصفّحٍ عابرٌ),2026-10-01 14:31:57 +0000,3310
docs/evidence/architecture/F11-06-20260925-routing-outage.md,evidence,bf614ed4,docs: DEC-33 — إعادةُ جولةِ تحقُّقٍ (فشلُ متصفّحٍ عابرٌ),2026-10-01 14:31:57 +0000,3058
docs/evidence/architecture/F11-07-20260927-payment-provider-outage.md,evidence,bf614ed4,docs: DEC-33 — إعادةُ جولةِ تحقُّقٍ (فشلُ متصفّحٍ عابرٌ),2026-10-01 14:31:57 +0000,6233
docs/evidence/architecture/F12-03-20260918.md,evidence,bf614ed4,docs: DEC-33 — إعادةُ جولةِ تحقُّقٍ (فشلُ متصفّحٍ عابرٌ),2026-10-01 14:31:57 +0000,10220
docs/evidence/architecture/F12-04-20260918.md,evidence,bf614ed4,docs: DEC-33 — إعادةُ جولةِ تحقُّقٍ (فشلُ متصفّحٍ عابرٌ),2026-10-01 14:31:57 +0000,11307
docs/evidence/architecture/F12-05-20260918.md,evidence,bf614ed4,docs: DEC-33 — إعادةُ جولةِ تحقُّقٍ (فشلُ متصفّحٍ عابرٌ),2026-10-01 14:31:57 +0000,7618
docs/evidence/architecture/F12-06-20260918.md,evidence,bf614ed4,docs: DEC-33 — إعادةُ جولةِ تحقُّقٍ (فشلُ متصفّحٍ عابرٌ),2026-10-01 14:31:57 +0000,3551
docs/evidence/architecture/F12-07-20260918.md,evidence,bf614ed4,docs: DEC-33 — إعادةُ جولةِ تحقُّقٍ (فشلُ متصفّحٍ عابرٌ),2026-10-01 14:31:57 +0000,12445
docs/evidence/architecture/F12-08-20260918.md,evidence,bf614ed4,docs: DEC-33 — إعادةُ جولةِ تحقُّقٍ (فشلُ متصفّحٍ عابرٌ),2026-10-01 14:31:57 +0000,5890
docs/evidence/architecture/F12-09-20260918.md,evidence,bf614ed4,docs: DEC-33 — إعادةُ جولةِ تحقُّقٍ (فشلُ متصفّحٍ عابرٌ),2026-10-01 14:31:57 +0000,4466
docs/evidence/architecture/F12-10-20260918.md,evidence,bf614ed4,docs: DEC-33 — إعادةُ جولةِ تحقُّقٍ (فشلُ متصفّحٍ عابرٌ),2026-10-01 14:31:57 +0000,5488
docs/evidence/architecture/F12-12-20260918.md,evidence,bf614ed4,docs: DEC-33 — إعادةُ جولةِ تحقُّقٍ (فشلُ متصفّحٍ عابرٌ),2026-10-01 14:31:57 +0000,4823
docs/evidence/architecture/F12-batch-closeout-20260918.md,evidence,bf614ed4,docs: DEC-33 — إعادةُ جولةِ تحقُّقٍ (فشلُ متصفّحٍ عابرٌ),2026-10-01 14:31:57 +0000,2159
docs/evidence/architecture/F2-01-CLOSURE-20260913.md,evidence,bf614ed4,docs: DEC-33 — إعادةُ جولةِ تحقُّقٍ (فشلُ متصفّحٍ عابرٌ),2026-10-01 14:31:57 +0000,10900
docs/evidence/architecture/F2-01-CONSENT-20260912.md,evidence,bf614ed4,docs: DEC-33 — إعادةُ جولةِ تحقُّقٍ (فشلُ متصفّحٍ عابرٌ),2026-10-01 14:31:57 +0000,22314
docs/evidence/architecture/F2-02-CLOSURE-20260913.md,evidence,bf614ed4,docs: DEC-33 — إعادةُ جولةِ تحقُّقٍ (فشلُ متصفّحٍ عابرٌ),2026-10-01 14:31:57 +0000,15693
docs/evidence/architecture/F2-03-CLOSURE-20260913.md,evidence,bf614ed4,docs: DEC-33 — إعادةُ جولةِ تحقُّقٍ (فشلُ متصفّحٍ عابرٌ),2026-10-01 14:31:57 +0000,23432
docs/evidence/architecture/F2-04-CLOSURE-20260913.md,evidence,bf614ed4,docs: DEC-33 — إعادةُ جولةِ تحقُّقٍ (فشلُ متصفّحٍ عابرٌ),2026-10-01 14:31:57 +0000,16104
docs/evidence/architecture/F2-05-CLOSURE-20260913.md,evidence,bf614ed4,docs: DEC-33 — إعادةُ جولةِ تحقُّقٍ (فشلُ متصفّحٍ عابرٌ),2026-10-01 14:31:57 +0000,19186
docs/evidence/architecture/F2-06-20260916.md,evidence,bf614ed4,docs: DEC-33 — إعادةُ جولةِ تحقُّقٍ (فشلُ متصفّحٍ عابرٌ),2026-10-01 14:31:57 +0000,5742
docs/evidence/architecture/F2-06-20260919.md,evidence,bf614ed4,docs: DEC-33 — إعادةُ جولةِ تحقُّقٍ (فشلُ متصفّحٍ عابرٌ),2026-10-01 14:31:57 +0000,8264
docs/evidence/architecture/F2-06-CLOSURE-20260913.md,evidence,bf614ed4,docs: DEC-33 — إعادةُ جولةِ تحقُّقٍ (فشلُ متصفّحٍ عابرٌ),2026-10-01 14:31:57 +0000,17522
docs/evidence/architecture/F2-07-20260928-summary-report-problem.md,evidence,bf614ed4,docs: DEC-33 — إعادةُ جولةِ تحقُّقٍ (فشلُ متصفّحٍ عابرٌ),2026-10-01 14:31:57 +0000,4500
docs/evidence/architecture/F2-07-20260928-travelled-distance-implementation.md,evidence,bf614ed4,docs: DEC-33 — إعادةُ جولةِ تحقُّقٍ (فشلُ متصفّحٍ عابرٌ),2026-10-01 14:31:57 +0000,7338
docs/evidence/architecture/F2-07-20260928-travelled-distance-source-audit.md,evidence,bf614ed4,docs: DEC-33 — إعادةُ جولةِ تحقُّقٍ (فشلُ متصفّحٍ عابرٌ),2026-10-01 14:31:57 +0000,2584
docs/evidence/architecture/F2-07-CLOSURE-20260913.md,evidence,bf614ed4,docs: DEC-33 — إعادةُ جولةِ تحقُّقٍ (فشلُ متصفّحٍ عابرٌ),2026-10-01 14:31:57 +0000,23893
docs/evidence/architecture/F2-08-CLOSURE-20260914.md,evidence,bf614ed4,docs: DEC-33 — إعادةُ جولةِ تحقُّقٍ (فشلُ متصفّحٍ عابرٌ),2026-10-01 14:31:57 +0000,17589
docs/evidence/architecture/F2-09-CLOSURE-20260914.md,evidence,bf614ed4,docs: DEC-33 — إعادةُ جولةِ تحقُّقٍ (فشلُ متصفّحٍ عابرٌ),2026-10-01 14:31:57 +0000,16643
docs/evidence/architecture/F2-10-sos-surface-20260914.md,evidence,bf614ed4,docs: DEC-33 — إعادةُ جولةِ تحقُّقٍ (فشلُ متصفّحٍ عابرٌ),2026-10-01 14:31:57 +0000,7986
docs/evidence/architecture/F2-11-account-and-data-rights-20260914.md,evidence,bf614ed4,docs: DEC-33 — إعادةُ جولةِ تحقُّقٍ (فشلُ متصفّحٍ عابرٌ),2026-10-01 14:31:57 +0000,16270
docs/evidence/architecture/F3-06-subscription-screen-20260915.md,evidence,bf614ed4,docs: DEC-33 — إعادةُ جولةِ تحقُّقٍ (فشلُ متصفّحٍ عابرٌ),2026-10-01 14:31:57 +0000,6588
docs/evidence/architecture/F3-07-vehicle-screen-20260915.md,evidence,bf614ed4,docs: DEC-33 — إعادةُ جولةِ تحقُّقٍ (فشلُ متصفّحٍ عابرٌ),2026-10-01 14:31:57 +0000,10651
docs/evidence/architecture/F3-08-driver-support-20260916.md,evidence,bf614ed4,docs: DEC-33 — إعادةُ جولةِ تحقُّقٍ (فشلُ متصفّحٍ عابرٌ),2026-10-01 14:31:57 +0000,4394
docs/evidence/architecture/F3-09-simplified-tax-invoice-2026-09-16.md,evidence,bf614ed4,docs: DEC-33 — إعادةُ جولةِ تحقُّقٍ (فشلُ متصفّحٍ عابرٌ),2026-10-01 14:31:57 +0000,28512
docs/evidence/architecture/F4-02-20260909.md,evidence,bf614ed4,docs: DEC-33 — إعادةُ جولةِ تحقُّقٍ (فشلُ متصفّحٍ عابرٌ),2026-10-01 14:31:57 +0000,27251
docs/evidence/architecture/F4-03-20260910.md,evidence,bf614ed4,docs: DEC-33 — إعادةُ جولةِ تحقُّقٍ (فشلُ متصفّحٍ عابرٌ),2026-10-01 14:31:57 +0000,17947
docs/evidence/architecture/F4-04-20260916.md,evidence,bf614ed4,docs: DEC-33 — إعادةُ جولةِ تحقُّقٍ (فشلُ متصفّحٍ عابرٌ),2026-10-01 14:31:57 +0000,5624
docs/evidence/architecture/F4-05-20260910.md,evidence,bf614ed4,docs: DEC-33 — إعادةُ جولةِ تحقُّقٍ (فشلُ متصفّحٍ عابرٌ),2026-10-01 14:31:57 +0000,15378
docs/evidence/architecture/F4-05-20260916.md,evidence,bf614ed4,docs: DEC-33 — إعادةُ جولةِ تحقُّقٍ (فشلُ متصفّحٍ عابرٌ),2026-10-01 14:31:57 +0000,3290
docs/evidence/architecture/F4-06-20260916.md,evidence,bf614ed4,docs: DEC-33 — إعادةُ جولةِ تحقُّقٍ (فشلُ متصفّحٍ عابرٌ),2026-10-01 14:31:57 +0000,5210
docs/evidence/architecture/F4-07-20260916.md,evidence,bf614ed4,docs: DEC-33 — إعادةُ جولةِ تحقُّقٍ (فشلُ متصفّحٍ عابرٌ),2026-10-01 14:31:57 +0000,2110
docs/evidence/architecture/F6-03-20260908.md,evidence,bf614ed4,docs: DEC-33 — إعادةُ جولةِ تحقُّقٍ (فشلُ متصفّحٍ عابرٌ),2026-10-01 14:31:57 +0000,9665
docs/evidence/architecture/F6-06-20260909.md,evidence,bf614ed4,docs: DEC-33 — إعادةُ جولةِ تحقُّقٍ (فشلُ متصفّحٍ عابرٌ),2026-10-01 14:31:57 +0000,18038
docs/evidence/architecture/F6-07-20260909.md,evidence,bf614ed4,docs: DEC-33 — إعادةُ جولةِ تحقُّقٍ (فشلُ متصفّحٍ عابرٌ),2026-10-01 14:31:57 +0000,18281
docs/evidence/architecture/F7-01-CAP-003-20260908.md,evidence,bf614ed4,docs: DEC-33 — إعادةُ جولةِ تحقُّقٍ (فشلُ متصفّحٍ عابرٌ),2026-10-01 14:31:57 +0000,8547
docs/evidence/architecture/F7-02-20260909.md,evidence,bf614ed4,docs: DEC-33 — إعادةُ جولةِ تحقُّقٍ (فشلُ متصفّحٍ عابرٌ),2026-10-01 14:31:57 +0000,15605
docs/evidence/architecture/F7-04-20260910.md,evidence,bf614ed4,docs: DEC-33 — إعادةُ جولةِ تحقُّقٍ (فشلُ متصفّحٍ عابرٌ),2026-10-01 14:31:57 +0000,11193
docs/evidence/architecture/F7-07-20260909.md,evidence,bf614ed4,docs: DEC-33 — إعادةُ جولةِ تحقُّقٍ (فشلُ متصفّحٍ عابرٌ),2026-10-01 14:31:57 +0000,18252
docs/evidence/architecture/F7-08-20260916.md,evidence,bf614ed4,docs: DEC-33 — إعادةُ جولةِ تحقُّقٍ (فشلُ متصفّحٍ عابرٌ),2026-10-01 14:31:57 +0000,11065
docs/evidence/architecture/F8-01-20260916.md,evidence,bf614ed4,docs: DEC-33 — إعادةُ جولةِ تحقُّقٍ (فشلُ متصفّحٍ عابرٌ),2026-10-01 14:31:57 +0000,14401
docs/evidence/architecture/F8-02-20260916.md,evidence,bf614ed4,docs: DEC-33 — إعادةُ جولةِ تحقُّقٍ (فشلُ متصفّحٍ عابرٌ),2026-10-01 14:31:57 +0000,9119
docs/evidence/architecture/F9-02-20260918.md,evidence,bf614ed4,docs: DEC-33 — إعادةُ جولةِ تحقُّقٍ (فشلُ متصفّحٍ عابرٌ),2026-10-01 14:31:57 +0000,2346
docs/evidence/architecture/F9-04-20260918.md,evidence,bf614ed4,docs: DEC-33 — إعادةُ جولةِ تحقُّقٍ (فشلُ متصفّحٍ عابرٌ),2026-10-01 14:31:57 +0000,2616
docs/evidence/architecture/F9-05-20260918.md,evidence,bf614ed4,docs: DEC-33 — إعادةُ جولةِ تحقُّقٍ (فشلُ متصفّحٍ عابرٌ),2026-10-01 14:31:57 +0000,2886
docs/evidence/architecture/F9-06-20260919.md,evidence,bf614ed4,docs: DEC-33 — إعادةُ جولةِ تحقُّقٍ (فشلُ متصفّحٍ عابرٌ),2026-10-01 14:31:57 +0000,11767
docs/evidence/architecture/PD-001-GROUP-JOIN-GATE-20260920.md,evidence,bf614ed4,docs: DEC-33 — إعادةُ جولةِ تحقُّقٍ (فشلُ متصفّحٍ عابرٌ),2026-10-01 14:31:57 +0000,12685
docs/evidence/architecture/PD-020-SAFETY-CHANNEL-20260920.md,evidence,bf614ed4,docs: DEC-33 — إعادةُ جولةِ تحقُّقٍ (فشلُ متصفّحٍ عابرٌ),2026-10-01 14:31:57 +0000,9696
docs/evidence/architecture/PD-021-DECISION-REASON-20260921.md,evidence,bf614ed4,docs: DEC-33 — إعادةُ جولةِ تحقُّقٍ (فشلُ متصفّحٍ عابرٌ),2026-10-01 14:31:57 +0000,3896
docs/evidence/architecture/PD-041-20260930-WIRING-FIX.md,evidence,bf614ed4,docs: DEC-33 — إعادةُ جولةِ تحقُّقٍ (فشلُ متصفّحٍ عابرٌ),2026-10-01 14:31:57 +0000,5595
docs/evidence/architecture/PD-041-DRIVER-FINANCE-SURFACE-20260921.md,evidence,bf614ed4,docs: DEC-33 — إعادةُ جولةِ تحقُّقٍ (فشلُ متصفّحٍ عابرٌ),2026-10-01 14:31:57 +0000,2843
docs/evidence/architecture/PD-050-RIDE-SEARCH-NARRATIVE-20260920.md,evidence,bf614ed4,docs: DEC-33 — إعادةُ جولةِ تحقُّقٍ (فشلُ متصفّحٍ عابرٌ),2026-10-01 14:31:57 +0000,6365
docs/evidence/architecture/PD-053-TICKET-TRACKING-20260921.md,evidence,bf614ed4,docs: DEC-33 — إعادةُ جولةِ تحقُّقٍ (فشلُ متصفّحٍ عابرٌ),2026-10-01 14:31:57 +0000,2221
docs/evidence/architecture/PD-062-CANONICAL-OWNERSHIP-20260921.md,evidence,bf614ed4,docs: DEC-33 — إعادةُ جولةِ تحقُّقٍ (فشلُ متصفّحٍ عابرٌ),2026-10-01 14:31:57 +0000,1697
docs/evidence/architecture/PD-064-MINIAPP-IS-THE-PRODUCT-20260921.md,evidence,bf614ed4,docs: DEC-33 — إعادةُ جولةِ تحقُّقٍ (فشلُ متصفّحٍ عابرٌ),2026-10-01 14:31:57 +0000,6406
docs/evidence/architecture/PD-080-TICKET-TYPE-ENUM-PARITY-20260921.md,evidence,bf614ed4,docs: DEC-33 — إعادةُ جولةِ تحقُّقٍ (فشلُ متصفّحٍ عابرٌ),2026-10-01 14:31:57 +0000,2143
docs/evidence/architecture/PD-081-BLOCK-REASON-FIX-ACTION-20260921.md,evidence,bf614ed4,docs: DEC-33 — إعادةُ جولةِ تحقُّقٍ (فشلُ متصفّحٍ عابرٌ),2026-10-01 14:31:57 +0000,2528
docs/evidence/architecture/PD-082-DISPUTE-RESOLUTION-VISIBILITY-20260921.md,evidence,bf614ed4,docs: DEC-33 — إعادةُ جولةِ تحقُّقٍ (فشلُ متصفّحٍ عابرٌ),2026-10-01 14:31:57 +0000,2038
docs/evidence/architecture/R-16-TRACKING-SERVICE-DELETION-20260902.md,evidence,bf614ed4,docs: DEC-33 — إعادةُ جولةِ تحقُّقٍ (فشلُ متصفّحٍ عابرٌ),2026-10-01 14:31:57 +0000,16717
docs/evidence/architecture/R-17-CORRECTION-20260901.md,evidence,bf614ed4,docs: DEC-33 — إعادةُ جولةِ تحقُّقٍ (فشلُ متصفّحٍ عابرٌ),2026-10-01 14:31:57 +0000,16066
docs/evidence/architecture/R-17-ENFORCEMENT-20260831.md,evidence,bf614ed4,docs: DEC-33 — إعادةُ جولةِ تحقُّقٍ (فشلُ متصفّحٍ عابرٌ),2026-10-01 14:31:57 +0000,18503
docs/evidence/architecture/REQ-09-20260925-declared-routing-quota.md,evidence,bf614ed4,docs: DEC-33 — إعادةُ جولةِ تحقُّقٍ (فشلُ متصفّحٍ عابرٌ),2026-10-01 14:31:57 +0000,2142
docs/evidence/architecture/S-1-INDEPENDENCE-20260913.md,evidence,bf614ed4,docs: DEC-33 — إعادةُ جولةِ تحقُّقٍ (فشلُ متصفّحٍ عابرٌ),2026-10-01 14:31:57 +0000,10574
docs/evidence/architecture/S-2-DEFERRED-CORE-20260913.md,evidence,bf614ed4,docs: DEC-33 — إعادةُ جولةِ تحقُّقٍ (فشلُ متصفّحٍ عابرٌ),2026-10-01 14:31:57 +0000,8311
docs/evidence/architecture/S-3-REAL-REDIS-20260913.md,evidence,bf614ed4,docs: DEC-33 — إعادةُ جولةِ تحقُّقٍ (فشلُ متصفّحٍ عابرٌ),2026-10-01 14:31:57 +0000,5351
docs/evidence/architecture/S-4-DOCS-BUDGET-20260913.md,evidence,bf614ed4,docs: DEC-33 — إعادةُ جولةِ تحقُّقٍ (فشلُ متصفّحٍ عابرٌ),2026-10-01 14:31:57 +0000,8483
docs/evidence/architecture/S-5-DB-READINESS-20260913.md,evidence,bf614ed4,docs: DEC-33 — إعادةُ جولةِ تحقُّقٍ (فشلُ متصفّحٍ عابرٌ),2026-10-01 14:31:57 +0000,13555
docs/evidence/architecture/SD-12-driver-account-2026-09-16.md,evidence,bf614ed4,docs: DEC-33 — إعادةُ جولةِ تحقُّقٍ (فشلُ متصفّحٍ عابرٌ),2026-10-01 14:31:57 +0000,15035
docs/evidence/architecture/STEP6-BACK-TO-BOT-BUTTON-20260921.md,evidence,bf614ed4,docs: DEC-33 — إعادةُ جولةِ تحقُّقٍ (فشلُ متصفّحٍ عابرٌ),2026-10-01 14:31:57 +0000,9164
docs/evidence/architecture/TG-003-20260926-paid-broadcast-gated.md,evidence,bf614ed4,docs: DEC-33 — إعادةُ جولةِ تحقُّقٍ (فشلُ متصفّحٍ عابرٌ),2026-10-01 14:31:57 +0000,2907
docs/evidence/architecture/UX-021-CLOSURE-20260913.md,evidence,bf614ed4,docs: DEC-33 — إعادةُ جولةِ تحقُّقٍ (فشلُ متصفّحٍ عابرٌ),2026-10-01 14:31:57 +0000,10308
docs/evidence/architecture/W-1-20260911.md,evidence,bf614ed4,docs: DEC-33 — إعادةُ جولةِ تحقُّقٍ (فشلُ متصفّحٍ عابرٌ),2026-10-01 14:31:57 +0000,16176
docs/evidence/architecture/W-2-20260912.md,evidence,bf614ed4,docs: DEC-33 — إعادةُ جولةِ تحقُّقٍ (فشلُ متصفّحٍ عابرٌ),2026-10-01 14:31:57 +0000,19649
docs/evidence/architecture/W-4-W-5-20260911.md,evidence,bf614ed4,docs: DEC-33 — إعادةُ جولةِ تحقُّقٍ (فشلُ متصفّحٍ عابرٌ),2026-10-01 14:31:57 +0000,16062
docs/evidence/architecture/W-5-CANCELLATION-20260912.md,evidence,bf614ed4,docs: DEC-33 — إعادةُ جولةِ تحقُّقٍ (فشلُ متصفّحٍ عابرٌ),2026-10-01 14:31:57 +0000,15879
docs/evidence/architecture/W-5-TRANSPORT-20260912.md,evidence,bf614ed4,docs: DEC-33 — إعادةُ جولةِ تحقُّقٍ (فشلُ متصفّحٍ عابرٌ),2026-10-01 14:31:57 +0000,16181
docs/evidence/architecture/W-6-20260912.md,evidence,bf614ed4,docs: DEC-33 — إعادةُ جولةِ تحقُّقٍ (فشلُ متصفّحٍ عابرٌ),2026-10-01 14:31:57 +0000,15418
docs/evidence/architecture/W-6-runtime-20260912.md,evidence,bf614ed4,docs: DEC-33 — إعادةُ جولةِ تحقُّقٍ (فشلُ متصفّحٍ عابرٌ),2026-10-01 14:31:57 +0000,8675
docs/evidence/architecture/W-8-20260912.md,evidence,bf614ed4,docs: DEC-33 — إعادةُ جولةِ تحقُّقٍ (فشلُ متصفّحٍ عابرٌ),2026-10-01 14:31:57 +0000,15006
docs/evidence/architecture/W-8-attestation-20260912.md,evidence,bf614ed4,docs: DEC-33 — إعادةُ جولةِ تحقُّقٍ (فشلُ متصفّحٍ عابرٌ),2026-10-01 14:31:57 +0000,9643
docs/evidence/architecture/W-9-cutover-plan-20260912.md,evidence,bf614ed4,docs: DEC-33 — إعادةُ جولةِ تحقُّقٍ (فشلُ متصفّحٍ عابرٌ),2026-10-01 14:31:57 +0000,8757
docs/evidence/architecture/audit-logs/migration-manifest-20260919.md,evidence,bf614ed4,docs: DEC-33 — إعادةُ جولةِ تحقُّقٍ (فشلُ متصفّحٍ عابرٌ),2026-10-01 14:31:57 +0000,2498
docs/evidence/archive/final-gates-20260810.txt,evidence,bf614ed4,docs: DEC-33 — إعادةُ جولةِ تحقُّقٍ (فشلُ متصفّحٍ عابرٌ),2026-10-01 14:31:57 +0000,108724
docs/evidence/archive/gate-a-c-new-agent-baseline-20260813.txt,evidence,bf614ed4,docs: DEC-33 — إعادةُ جولةِ تحقُّقٍ (فشلُ متصفّحٍ عابرٌ),2026-10-01 14:31:57 +0000,2876
docs/evidence/archive/gate-d-production-schema-alignment-20260812.txt,evidence,bf614ed4,docs: DEC-33 — إعادةُ جولةِ تحقُّقٍ (فشلُ متصفّحٍ عابرٌ),2026-10-01 14:31:57 +0000,9556
docs/evidence/archive/gate-de-city-id-global-tables-20260812.txt,evidence,bf614ed4,docs: DEC-33 — إعادةُ جولةِ تحقُّقٍ (فشلُ متصفّحٍ عابرٌ),2026-10-01 14:31:57 +0000,19609
docs/evidence/archive/gate-l-real-integration-20260812.txt,evidence,bf614ed4,docs: DEC-33 — إعادةُ جولةِ تحقُّقٍ (فشلُ متصفّحٍ عابرٌ),2026-10-01 14:31:57 +0000,1332
docs/evidence/archive/gate-subscription-cancel-upgrade-20260812.txt,evidence,bf614ed4,docs: DEC-33 — إعادةُ جولةِ تحقُّقٍ (فشلُ متصفّحٍ عابرٌ),2026-10-01 14:31:57 +0000,14661
docs/evidence/archive/phase2-unit6-20260903-distributed.txt,evidence,bf614ed4,docs: DEC-33 — إعادةُ جولةِ تحقُّقٍ (فشلُ متصفّحٍ عابرٌ),2026-10-01 14:31:57 +0000,5235
docs/evidence/capacity/.gitkeep.md,evidence,bf614ed4,docs: DEC-33 — إعادةُ جولةِ تحقُّقٍ (فشلُ متصفّحٍ عابرٌ),2026-10-01 14:31:57 +0000,215
docs/evidence/capacity/DEC-18-20260916.md,evidence,bf614ed4,docs: DEC-33 — إعادةُ جولةِ تحقُّقٍ (فشلُ متصفّحٍ عابرٌ),2026-10-01 14:31:57 +0000,8763
docs/evidence/chaos/.gitkeep.md,evidence,bf614ed4,docs: DEC-33 — إعادةُ جولةِ تحقُّقٍ (فشلُ متصفّحٍ عابرٌ),2026-10-01 14:31:57 +0000,212
docs/evidence/chaos/F11-01-20260927-gateway-loss-continuity.md,evidence,bf614ed4,docs: DEC-33 — إعادةُ جولةِ تحقُّقٍ (فشلُ متصفّحٍ عابرٌ),2026-10-01 14:31:57 +0000,8253
docs/evidence/chaos/F11-08-20260927-deploy-swap-continuity.md,evidence,bf614ed4,docs: DEC-33 — إعادةُ جولةِ تحقُّقٍ (فشلُ متصفّحٍ عابرٌ),2026-10-01 14:31:57 +0000,14192
docs/evidence/chaos/F11-09-20260927-rollback-mandatory-column-blindspot.md,evidence,bf614ed4,docs: DEC-33 — إعادةُ جولةِ تحقُّقٍ (فشلُ متصفّحٍ عابرٌ),2026-10-01 14:31:57 +0000,9923
docs/evidence/compliance/.gitkeep.md,evidence,bf614ed4,docs: DEC-33 — إعادةُ جولةِ تحقُّقٍ (فشلُ متصفّحٍ عابرٌ),2026-10-01 14:31:57 +0000,217
docs/evidence/compliance/F12-22-20260930-CLOSURE.md,evidence,bf614ed4,docs: DEC-33 — إعادةُ جولةِ تحقُّقٍ (فشلُ متصفّحٍ عابرٌ),2026-10-01 14:31:57 +0000,3310
docs/evidence/compliance/F7-06-20260910.md,evidence,bf614ed4,docs: DEC-33 — إعادةُ جولةِ تحقُّقٍ (فشلُ متصفّحٍ عابرٌ),2026-10-01 14:31:57 +0000,19174
docs/evidence/coordinator-doc-corrections-20260813.txt,evidence,bf614ed4,docs: DEC-33 — إعادةُ جولةِ تحقُّقٍ (فشلُ متصفّحٍ عابرٌ),2026-10-01 14:31:57 +0000,4816
docs/evidence/correctness/.gitkeep.md,evidence,bf614ed4,docs: DEC-33 — إعادةُ جولةِ تحقُّقٍ (فشلُ متصفّحٍ عابرٌ),2026-10-01 14:31:57 +0000,218
docs/evidence/correctness/BUG-001-20260902.md,evidence,bf614ed4,docs: DEC-33 — إعادةُ جولةِ تحقُّقٍ (فشلُ متصفّحٍ عابرٌ),2026-10-01 14:31:57 +0000,23704
docs/evidence/correctness/BUG-002-20260904.md,evidence,bf614ed4,docs: DEC-33 — إعادةُ جولةِ تحقُّقٍ (فشلُ متصفّحٍ عابرٌ),2026-10-01 14:31:57 +0000,22937
docs/evidence/correctness/BUG-002-20260907.md,evidence,bf614ed4,docs: DEC-33 — إعادةُ جولةِ تحقُّقٍ (فشلُ متصفّحٍ عابرٌ),2026-10-01 14:31:57 +0000,16847
docs/evidence/correctness/BUG-003-20260905.md,evidence,bf614ed4,docs: DEC-33 — إعادةُ جولةِ تحقُّقٍ (فشلُ متصفّحٍ عابرٌ),2026-10-01 14:31:57 +0000,16547
docs/evidence/correctness/BUG-004-20260906-complete.md,evidence,bf614ed4,docs: DEC-33 — إعادةُ جولةِ تحقُّقٍ (فشلُ متصفّحٍ عابرٌ),2026-10-01 14:31:57 +0000,12691
docs/evidence/correctness/BUG-004-20260906.md,evidence,bf614ed4,docs: DEC-33 — إعادةُ جولةِ تحقُّقٍ (فشلُ متصفّحٍ عابرٌ),2026-10-01 14:31:57 +0000,10164
docs/evidence/correctness/BUG-005-20260903.md,evidence,bf614ed4,docs: DEC-33 — إعادةُ جولةِ تحقُّقٍ (فشلُ متصفّحٍ عابرٌ),2026-10-01 14:31:57 +0000,18253
docs/evidence/correctness/BUG-006-20260906.md,evidence,bf614ed4,docs: DEC-33 — إعادةُ جولةِ تحقُّقٍ (فشلُ متصفّحٍ عابرٌ),2026-10-01 14:31:57 +0000,6806
docs/evidence/correctness/BUG-007-20260906.md,evidence,bf614ed4,docs: DEC-33 — إعادةُ جولةِ تحقُّقٍ (فشلُ متصفّحٍ عابرٌ),2026-10-01 14:31:57 +0000,13122
docs/evidence/correctness/BUG-008-20260903.md,evidence,bf614ed4,docs: DEC-33 — إعادةُ جولةِ تحقُّقٍ (فشلُ متصفّحٍ عابرٌ),2026-10-01 14:31:57 +0000,23814
docs/evidence/correctness/BUG-009-20260902.md,evidence,bf614ed4,docs: DEC-33 — إعادةُ جولةِ تحقُّقٍ (فشلُ متصفّحٍ عابرٌ),2026-10-01 14:31:57 +0000,23253
docs/evidence/correctness/BUG-010-20260903.md,evidence,bf614ed4,docs: DEC-33 — إعادةُ جولةِ تحقُّقٍ (فشلُ متصفّحٍ عابرٌ),2026-10-01 14:31:57 +0000,13833
docs/evidence/correctness/BUG-016-20260919.md,evidence,bf614ed4,docs: DEC-33 — إعادةُ جولةِ تحقُّقٍ (فشلُ متصفّحٍ عابرٌ),2026-10-01 14:31:57 +0000,10178
docs/evidence/correctness/BUG-017-20260919.md,evidence,bf614ed4,docs: DEC-33 — إعادةُ جولةِ تحقُّقٍ (فشلُ متصفّحٍ عابرٌ),2026-10-01 14:31:57 +0000,7981
docs/evidence/correctness/CAP-002-20260908.md,evidence,bf614ed4,docs: DEC-33 — إعادةُ جولةِ تحقُّقٍ (فشلُ متصفّحٍ عابرٌ),2026-10-01 14:31:57 +0000,14975
docs/evidence/correctness/CAP-004-20260907.md,evidence,bf614ed4,docs: DEC-33 — إعادةُ جولةِ تحقُّقٍ (فشلُ متصفّحٍ عابرٌ),2026-10-01 14:31:57 +0000,10614
docs/evidence/correctness/F12-04-20260919.md,evidence,bf614ed4,docs: DEC-33 — إعادةُ جولةِ تحقُّقٍ (فشلُ متصفّحٍ عابرٌ),2026-10-01 14:31:57 +0000,20333
docs/evidence/correctness/F12-20-20260930-CLOSURE.md,evidence,bf614ed4,docs: DEC-33 — إعادةُ جولةِ تحقُّقٍ (فشلُ متصفّحٍ عابرٌ),2026-10-01 14:31:57 +0000,3816
docs/evidence/correctness/F16-01-20260930-IMPLEMENTATION.md,evidence,bf614ed4,docs: DEC-33 — إعادةُ جولةِ تحقُّقٍ (فشلُ متصفّحٍ عابرٌ),2026-10-01 14:31:57 +0000,6885
docs/evidence/correctness/F16-02-20260930-IMPLEMENTATION.md,evidence,bf614ed4,docs: DEC-33 — إعادةُ جولةِ تحقُّقٍ (فشلُ متصفّحٍ عابرٌ),2026-10-01 14:31:57 +0000,5400
docs/evidence/correctness/F16-03-20260930-IMPLEMENTATION.md,evidence,bf614ed4,docs: DEC-33 — إعادةُ جولةِ تحقُّقٍ (فشلُ متصفّحٍ عابرٌ),2026-10-01 14:31:57 +0000,5512
docs/evidence/correctness/F4-01-20260909.md,evidence,bf614ed4,docs: DEC-33 — إعادةُ جولةِ تحقُّقٍ (فشلُ متصفّحٍ عابرٌ),2026-10-01 14:31:57 +0000,16023
docs/evidence/correctness/F4-08-20260910.md,evidence,bf614ed4,docs: DEC-33 — إعادةُ جولةِ تحقُّقٍ (فشلُ متصفّحٍ عابرٌ),2026-10-01 14:31:57 +0000,12825
docs/evidence/correctness/F5-01-20260908.md,evidence,bf614ed4,docs: DEC-33 — إعادةُ جولةِ تحقُّقٍ (فشلُ متصفّحٍ عابرٌ),2026-10-01 14:31:57 +0000,13879
docs/evidence/correctness/F5-02-20260908.md,evidence,bf614ed4,docs: DEC-33 — إعادةُ جولةِ تحقُّقٍ (فشلُ متصفّحٍ عابرٌ),2026-10-01 14:31:57 +0000,16761
docs/evidence/correctness/F5-03-20260907.md,evidence,bf614ed4,docs: DEC-33 — إعادةُ جولةِ تحقُّقٍ (فشلُ متصفّحٍ عابرٌ),2026-10-01 14:31:57 +0000,6721
docs/evidence/correctness/F5-05-20260907.md,evidence,bf614ed4,docs: DEC-33 — إعادةُ جولةِ تحقُّقٍ (فشلُ متصفّحٍ عابرٌ),2026-10-01 14:31:57 +0000,12307
docs/evidence/correctness/F6-01-CAP-001-20260907.md,evidence,bf614ed4,docs: DEC-33 — إعادةُ جولةِ تحقُّقٍ (فشلُ متصفّحٍ عابرٌ),2026-10-01 14:31:57 +0000,15494
docs/evidence/correctness/F6-03-broadcast-unification-20260908.md,evidence,bf614ed4,docs: DEC-33 — إعادةُ جولةِ تحقُّقٍ (فشلُ متصفّحٍ عابرٌ),2026-10-01 14:31:57 +0000,6348
docs/evidence/correctness/F6-03-safety-unification-20260908.md,evidence,bf614ed4,docs: DEC-33 — إعادةُ جولةِ تحقُّقٍ (فشلُ متصفّحٍ عابرٌ),2026-10-01 14:31:57 +0000,7472
docs/evidence/correctness/F6-03-subscription-unification-20260908.md,evidence,bf614ed4,docs: DEC-33 — إعادةُ جولةِ تحقُّقٍ (فشلُ متصفّحٍ عابرٌ),2026-10-01 14:31:57 +0000,7755
docs/evidence/correctness/F7-03-20260910.md,evidence,bf614ed4,docs: DEC-33 — إعادةُ جولةِ تحقُّقٍ (فشلُ متصفّحٍ عابرٌ),2026-10-01 14:31:57 +0000,14023
docs/evidence/correctness/F7-06-20260910.md,evidence,bf614ed4,docs: DEC-33 — إعادةُ جولةِ تحقُّقٍ (فشلُ متصفّحٍ عابرٌ),2026-10-01 14:31:57 +0000,8597
docs/evidence/correctness/F8-03-20260910.md,evidence,bf614ed4,docs: DEC-33 — إعادةُ جولةِ تحقُّقٍ (فشلُ متصفّحٍ عابرٌ),2026-10-01 14:31:57 +0000,24155
docs/evidence/correctness/F8-04-20260910.md,evidence,bf614ed4,docs: DEC-33 — إعادةُ جولةِ تحقُّقٍ (فشلُ متصفّحٍ عابرٌ),2026-10-01 14:31:57 +0000,12678
docs/evidence/correctness/F8-05-20260910.md,evidence,bf614ed4,docs: DEC-33 — إعادةُ جولةِ تحقُّقٍ (فشلُ متصفّحٍ عابرٌ),2026-10-01 14:31:57 +0000,19431
docs/evidence/correctness/F8-09-20260917.md,evidence,bf614ed4,docs: DEC-33 — إعادةُ جولةِ تحقُّقٍ (فشلُ متصفّحٍ عابرٌ),2026-10-01 14:31:57 +0000,5726
docs/evidence/correctness/LINT-CLEANUP-20260921.md,evidence,bf614ed4,docs: DEC-33 — إعادةُ جولةِ تحقُّقٍ (فشلُ متصفّحٍ عابرٌ),2026-10-01 14:31:57 +0000,2611
docs/evidence/correctness/OPS-005-20260830.md,evidence,bf614ed4,docs: DEC-33 — إعادةُ جولةِ تحقُّقٍ (فشلُ متصفّحٍ عابرٌ),2026-10-01 14:31:57 +0000,14350
docs/evidence/correctness/OPS-006-20260830.md,evidence,bf614ed4,docs: DEC-33 — إعادةُ جولةِ تحقُّقٍ (فشلُ متصفّحٍ عابرٌ),2026-10-01 14:31:57 +0000,10618
docs/evidence/correctness/OPS-009-20260829.md,evidence,bf614ed4,docs: DEC-33 — إعادةُ جولةِ تحقُّقٍ (فشلُ متصفّحٍ عابرٌ),2026-10-01 14:31:57 +0000,16220
docs/evidence/correctness/OPS-010-20260830.md,evidence,bf614ed4,docs: DEC-33 — إعادةُ جولةِ تحقُّقٍ (فشلُ متصفّحٍ عابرٌ),2026-10-01 14:31:57 +0000,17198
docs/evidence/correctness/OPS-011-20260911.md,evidence,bf614ed4,docs: DEC-33 — إعادةُ جولةِ تحقُّقٍ (فشلُ متصفّحٍ عابرٌ),2026-10-01 14:31:57 +0000,11906
docs/evidence/correctness/OPS-017-20260919.md,evidence,bf614ed4,docs: DEC-33 — إعادةُ جولةِ تحقُّقٍ (فشلُ متصفّحٍ عابرٌ),2026-10-01 14:31:57 +0000,12824
docs/evidence/correctness/OPS-020-20260920.md,evidence,bf614ed4,docs: DEC-33 — إعادةُ جولةِ تحقُّقٍ (فشلُ متصفّحٍ عابرٌ),2026-10-01 14:31:57 +0000,13566
docs/evidence/correctness/OPS-ROADMAP-GATE-20260921.md,evidence,bf614ed4,docs: DEC-33 — إعادةُ جولةِ تحقُّقٍ (فشلُ متصفّحٍ عابرٌ),2026-10-01 14:31:57 +0000,8387
docs/evidence/correctness/SCL-002-20260906.md,evidence,bf614ed4,docs: DEC-33 — إعادةُ جولةِ تحقُّقٍ (فشلُ متصفّحٍ عابرٌ),2026-10-01 14:31:57 +0000,8272
docs/evidence/correctness/SCL-003-20260906.md,evidence,bf614ed4,docs: DEC-33 — إعادةُ جولةِ تحقُّقٍ (فشلُ متصفّحٍ عابرٌ),2026-10-01 14:31:57 +0000,8639
docs/evidence/correctness/STEP10-SUPPORT-ANSWER-20260921.md,evidence,bf614ed4,docs: DEC-33 — إعادةُ جولةِ تحقُّقٍ (فشلُ متصفّحٍ عابرٌ),2026-10-01 14:31:57 +0000,13820
docs/evidence/correctness/STEP8-CITY-ACTIVE-GATE-20260921.md,evidence,bf614ed4,docs: DEC-33 — إعادةُ جولةِ تحقُّقٍ (فشلُ متصفّحٍ عابرٌ),2026-10-01 14:31:57 +0000,8308
docs/evidence/correctness/STEP9-BOT-PAYMENT-DISCLOSURE-20260921.md,evidence,bf614ed4,docs: DEC-33 — إعادةُ جولةِ تحقُّقٍ (فشلُ متصفّحٍ عابرٌ),2026-10-01 14:31:57 +0000,8577
docs/evidence/correctness/STEP9-PAYMENT-DISCLOSURE-20260921.md,evidence,bf614ed4,docs: DEC-33 — إعادةُ جولةِ تحقُّقٍ (فشلُ متصفّحٍ عابرٌ),2026-10-01 14:31:57 +0000,6740
docs/evidence/correctness/graceful-shutdown-test-determinism-20260908.md,evidence,bf614ed4,docs: DEC-33 — إعادةُ جولةِ تحقُّقٍ (فشلُ متصفّحٍ عابرٌ),2026-10-01 14:31:57 +0000,15350
docs/evidence/correctness/postgis-plan-test-determinism-20260908.md,evidence,bf614ed4,docs: DEC-33 — إعادةُ جولةِ تحقُّقٍ (فشلُ متصفّحٍ عابرٌ),2026-10-01 14:31:57 +0000,5285
docs/evidence/correctness/webhook-invalid-update-guard-20260908.md,evidence,bf614ed4,docs: DEC-33 — إعادةُ جولةِ تحقُّقٍ (فشلُ متصفّحٍ عابرٌ),2026-10-01 14:31:57 +0000,7387
docs/evidence/distributed/.gitkeep.md,evidence,bf614ed4,docs: DEC-33 — إعادةُ جولةِ تحقُّقٍ (فشلُ متصفّحٍ عابرٌ),2026-10-01 14:31:57 +0000,218
docs/evidence/distributed/F5-04-20260909.md,evidence,bf614ed4,docs: DEC-33 — إعادةُ جولةِ تحقُّقٍ (فشلُ متصفّحٍ عابرٌ),2026-10-01 14:31:57 +0000,14935
docs/evidence/distributed/F5-06-20260909.md,evidence,bf614ed4,docs: DEC-33 — إعادةُ جولةِ تحقُّقٍ (فشلُ متصفّحٍ عابرٌ),2026-10-01 14:31:57 +0000,24094
docs/evidence/distributed/F5-07-20260909.md,evidence,bf614ed4,docs: DEC-33 — إعادةُ جولةِ تحقُّقٍ (فشلُ متصفّحٍ عابرٌ),2026-10-01 14:31:57 +0000,12358
docs/evidence/distributed/F5-08-20260909.md,evidence,bf614ed4,docs: DEC-33 — إعادةُ جولةِ تحقُّقٍ (فشلُ متصفّحٍ عابرٌ),2026-10-01 14:31:57 +0000,21675
docs/evidence/distributed/F9-03-20260928-distributed-load-generator.md,evidence,bf614ed4,docs: DEC-33 — إعادةُ جولةِ تحقُّقٍ (فشلُ متصفّحٍ عابرٌ),2026-10-01 14:31:57 +0000,8690
docs/evidence/distributed/SCL-001-20260908.md,evidence,bf614ed4,docs: DEC-33 — إعادةُ جولةِ تحقُّقٍ (فشلُ متصفّحٍ عابرٌ),2026-10-01 14:31:57 +0000,6948
docs/evidence/distributed/SCL-004-20260908.md,evidence,bf614ed4,docs: DEC-33 — إعادةُ جولةِ تحقُّقٍ (فشلُ متصفّحٍ عابرٌ),2026-10-01 14:31:57 +0000,6062
docs/evidence/distributed/SCL-005-20260908.md,evidence,bf614ed4,docs: DEC-33 — إعادةُ جولةِ تحقُّقٍ (فشلُ متصفّحٍ عابرٌ),2026-10-01 14:31:57 +0000,6053
docs/evidence/f6-05-notification-classification-20260909.md,evidence,bf614ed4,docs: DEC-33 — إعادةُ جولةِ تحقُّقٍ (فشلُ متصفّحٍ عابرٌ),2026-10-01 14:31:57 +0000,13008
docs/evidence/financial-20260813.txt,evidence,bf614ed4,docs: DEC-33 — إعادةُ جولةِ تحقُّقٍ (فشلُ متصفّحٍ عابرٌ),2026-10-01 14:31:57 +0000,4752
docs/evidence/financial-classification-delta-20260813.md,evidence,bf614ed4,docs: DEC-33 — إعادةُ جولةِ تحقُّقٍ (فشلُ متصفّحٍ عابرٌ),2026-10-01 14:31:57 +0000,989
docs/evidence/financial/F8-06-20260917.md,evidence,bf614ed4,docs: DEC-33 — إعادةُ جولةِ تحقُّقٍ (فشلُ متصفّحٍ عابرٌ),2026-10-01 14:31:57 +0000,6522
docs/evidence/gate-a-baseline-20260812.txt,evidence,bf614ed4,docs: DEC-33 — إعادةُ جولةِ تحقُّقٍ (فشلُ متصفّحٍ عابرٌ),2026-10-01 14:31:57 +0000,586
docs/evidence/gate-b-forensic-inventory-20260812.txt,evidence,bf614ed4,docs: DEC-33 — إعادةُ جولةِ تحقُّقٍ (فشلُ متصفّحٍ عابرٌ),2026-10-01 14:31:57 +0000,8510
docs/evidence/gate-c-lint-typecheck-test-20260812.txt,evidence,bf614ed4,docs: DEC-33 — إعادةُ جولةِ تحقُّقٍ (فشلُ متصفّحٍ عابرٌ),2026-10-01 14:31:57 +0000,3355
docs/evidence/gate-d-rating-race-20260813.txt,evidence,bf614ed4,docs: DEC-33 — إعادةُ جولةِ تحقُّقٍ (فشلُ متصفّحٍ عابرٌ),2026-10-01 14:31:57 +0000,16356
docs/evidence/gate-de-real-database-20260812.txt,evidence,bf614ed4,docs: DEC-33 — إعادةُ جولةِ تحقُّقٍ (فشلُ متصفّحٍ عابرٌ),2026-10-01 14:31:57 +0000,4258
docs/evidence/infrastructure/ADR0212-20260929-production-rollout.md,evidence,bf614ed4,docs: DEC-33 — إعادةُ جولةِ تحقُّقٍ (فشلُ متصفّحٍ عابرٌ),2026-10-01 14:31:57 +0000,1462
docs/evidence/infrastructure/CITY-ACTIVATION-20260929.md,evidence,bf614ed4,docs: DEC-33 — إعادةُ جولةِ تحقُّقٍ (فشلُ متصفّحٍ عابرٌ),2026-10-01 14:31:57 +0000,3061
docs/evidence/infrastructure/DEC-20-20260928-first-production-deployment.md,evidence,bf614ed4,docs: DEC-33 — إعادةُ جولةِ تحقُّقٍ (فشلُ متصفّحٍ عابرٌ),2026-10-01 14:31:57 +0000,11233
docs/evidence/infrastructure/F9-01-20260928-staging-blueprint-as-code.md,evidence,bf614ed4,docs: DEC-33 — إعادةُ جولةِ تحقُّقٍ (فشلُ متصفّحٍ عابرٌ),2026-10-01 14:31:57 +0000,6460
docs/evidence/infrastructure/PR310-CI-VERDICT-20260928.md,evidence,bf614ed4,docs: DEC-33 — إعادةُ جولةِ تحقُّقٍ (فشلُ متصفّحٍ عابرٌ),2026-10-01 14:31:57 +0000,2005
docs/evidence/infrastructure/TEST-DB-LAG-20260919.md,evidence,bf614ed4,docs: DEC-33 — إعادةُ جولةِ تحقُّقٍ (فشلُ متصفّحٍ عابرٌ),2026-10-01 14:31:57 +0000,10130
docs/evidence/launch-hardening-section4-20260813.md,evidence,bf614ed4,docs: DEC-33 — إعادةُ جولةِ تحقُّقٍ (فشلُ متصفّحٍ عابرٌ),2026-10-01 14:31:57 +0000,11019
docs/evidence/phase2-merge-20260819-checks.txt,evidence,bf614ed4,docs: DEC-33 — إعادةُ جولةِ تحقُّقٍ (فشلُ متصفّحٍ عابرٌ),2026-10-01 14:31:57 +0000,1063
docs/evidence/phase2-merge2-20260819-checks.txt,evidence,bf614ed4,docs: DEC-33 — إعادةُ جولةِ تحقُّقٍ (فشلُ متصفّحٍ عابرٌ),2026-10-01 14:31:57 +0000,2084
docs/evidence/phase2-pr1-20260819-checks.txt,evidence,bf614ed4,docs: DEC-33 — إعادةُ جولةِ تحقُّقٍ (فشلُ متصفّحٍ عابرٌ),2026-10-01 14:31:57 +0000,1003
docs/evidence/phase2-unit1-20260818-lint.txt,evidence,bf614ed4,docs: DEC-33 — إعادةُ جولةِ تحقُّقٍ (فشلُ متصفّحٍ عابرٌ),2026-10-01 14:31:57 +0000,21179
docs/evidence/phase2-unit1-20260818-load-test-PASS.txt,evidence,bf614ed4,docs: DEC-33 — إعادةُ جولةِ تحقُّقٍ (فشلُ متصفّحٍ عابرٌ),2026-10-01 14:31:57 +0000,2080
docs/evidence/phase2-unit1-20260818-race-subscriptions.txt,evidence,bf614ed4,docs: DEC-33 — إعادةُ جولةِ تحقُّقٍ (فشلُ متصفّحٍ عابرٌ),2026-10-01 14:31:57 +0000,1159
docs/evidence/phase2-unit1-20260818-tests.txt,evidence,bf614ed4,docs: DEC-33 — إعادةُ جولةِ تحقُّقٍ (فشلُ متصفّحٍ عابرٌ),2026-10-01 14:31:57 +0000,280284
docs/evidence/phase2-unit1-20260818-typecheck.txt,evidence,bf614ed4,docs: DEC-33 — إعادةُ جولةِ تحقُّقٍ (فشلُ متصفّحٍ عابرٌ),2026-10-01 14:31:57 +0000,15
docs/evidence/phase2-unit2-20260819-lint.txt,evidence,bf614ed4,docs: DEC-33 — إعادةُ جولةِ تحقُّقٍ (فشلُ متصفّحٍ عابرٌ),2026-10-01 14:31:57 +0000,44533
docs/evidence/phase2-unit2-20260819-tests.txt,evidence,bf614ed4,docs: DEC-33 — إعادةُ جولةِ تحقُّقٍ (فشلُ متصفّحٍ عابرٌ),2026-10-01 14:31:57 +0000,280299
docs/evidence/phase2-unit2-20260819-typecheck.txt,evidence,bf614ed4,docs: DEC-33 — إعادةُ جولةِ تحقُّقٍ (فشلُ متصفّحٍ عابرٌ),2026-10-01 14:31:57 +0000,32
docs/evidence/phase2-unit3-20260819-tests.txt,evidence,bf614ed4,docs: DEC-33 — إعادةُ جولةِ تحقُّقٍ (فشلُ متصفّحٍ عابرٌ),2026-10-01 14:31:57 +0000,281760
docs/evidence/phase2-unit3-20260826-checks.txt,evidence,bf614ed4,docs: DEC-33 — إعادةُ جولةِ تحقُّقٍ (فشلُ متصفّحٍ عابرٌ),2026-10-01 14:31:57 +0000,411605
docs/evidence/phase2-unit4-20260819-foundation-run1.txt,evidence,bf614ed4,docs: DEC-33 — إعادةُ جولةِ تحقُّقٍ (فشلُ متصفّحٍ عابرٌ),2026-10-01 14:31:57 +0000,3190
docs/evidence/phase2-unit4-20260819-foundation-run2.txt,evidence,bf614ed4,docs: DEC-33 — إعادةُ جولةِ تحقُّقٍ (فشلُ متصفّحٍ عابرٌ),2026-10-01 14:31:57 +0000,3190
docs/evidence/phase2-unit4-20260819-guards.txt,evidence,bf614ed4,docs: DEC-33 — إعادةُ جولةِ تحقُّقٍ (فشلُ متصفّحٍ عابرٌ),2026-10-01 14:31:57 +0000,1790
docs/evidence/phase2-unit4-20260819-tests.txt,evidence,bf614ed4,docs: DEC-33 — إعادةُ جولةِ تحقُّقٍ (فشلُ متصفّحٍ عابرٌ),2026-10-01 14:31:57 +0000,286563
docs/evidence/phase2-unit41-20260819-foundation-db1.txt,evidence,bf614ed4,docs: DEC-33 — إعادةُ جولةِ تحقُّقٍ (فشلُ متصفّحٍ عابرٌ),2026-10-01 14:31:57 +0000,3613
docs/evidence/phase2-unit41-20260819-foundation-db2-rebuilt.txt,evidence,bf614ed4,docs: DEC-33 — إعادةُ جولةِ تحقُّقٍ (فشلُ متصفّحٍ عابرٌ),2026-10-01 14:31:57 +0000,3613
docs/evidence/phase2-unit41-20260819-portability.txt,evidence,bf614ed4,docs: DEC-33 — إعادةُ جولةِ تحقُّقٍ (فشلُ متصفّحٍ عابرٌ),2026-10-01 14:31:57 +0000,3886
docs/evidence/phase2-unit41-20260819-tests.txt,evidence,bf614ed4,docs: DEC-33 — إعادةُ جولةِ تحقُّقٍ (فشلُ متصفّحٍ عابرٌ),2026-10-01 14:31:57 +0000,287448
docs/evidence/phase2-unit5-20260819-checks.txt,evidence,bf614ed4,docs: DEC-33 — إعادةُ جولةِ تحقُّقٍ (فشلُ متصفّحٍ عابرٌ),2026-10-01 14:31:57 +0000,1357
docs/evidence/phase2-unit5-20260819-negative-control.txt,evidence,bf614ed4,docs: DEC-33 — إعادةُ جولةِ تحقُّقٍ (فشلُ متصفّحٍ عابرٌ),2026-10-01 14:31:57 +0000,11922
docs/evidence/phase2-unit5-20260819-scenarios.json,evidence,bf614ed4,docs: DEC-33 — إعادةُ جولةِ تحقُّقٍ (فشلُ متصفّحٍ عابرٌ),2026-10-01 14:31:57 +0000,45023
docs/evidence/phase2-unit5-20260819-scenarios.txt,evidence,bf614ed4,docs: DEC-33 — إعادةُ جولةِ تحقُّقٍ (فشلُ متصفّحٍ عابرٌ),2026-10-01 14:31:57 +0000,11471
docs/evidence/phase2-unit6-20260819-checks.txt,evidence,bf614ed4,docs: DEC-33 — إعادةُ جولةِ تحقُّقٍ (فشلُ متصفّحٍ عابرٌ),2026-10-01 14:31:57 +0000,968
docs/evidence/phase2-unit6-20260819-distributed.json,evidence,bf614ed4,docs: DEC-33 — إعادةُ جولةِ تحقُّقٍ (فشلُ متصفّحٍ عابرٌ),2026-10-01 14:31:57 +0000,108839
docs/evidence/phase2-unit6-20260819-distributed.txt,evidence,bf614ed4,docs: DEC-33 — إعادةُ جولةِ تحقُّقٍ (فشلُ متصفّحٍ عابرٌ),2026-10-01 14:31:57 +0000,44575
docs/evidence/phase2-unit6-20260819-findings.md,evidence,bf614ed4,docs: DEC-33 — إعادةُ جولةِ تحقُّقٍ (فشلُ متصفّحٍ عابرٌ),2026-10-01 14:31:57 +0000,7795
docs/evidence/phase2-unit6-20260903-distributed.json,evidence,bf614ed4,docs: DEC-33 — إعادةُ جولةِ تحقُّقٍ (فشلُ متصفّحٍ عابرٌ),2026-10-01 14:31:57 +0000,19075
docs/evidence/pilot-activation-script.txt,evidence,bf614ed4,docs: DEC-33 — إعادةُ جولةِ تحقُّقٍ (فشلُ متصفّحٍ عابرٌ),2026-10-01 14:31:57 +0000,1021
docs/evidence/pilot-city-constraint-psql.txt,evidence,bf614ed4,docs: DEC-33 — إعادةُ جولةِ تحقُّقٍ (فشلُ متصفّحٍ عابرٌ),2026-10-01 14:31:57 +0000,790
docs/evidence/recovery/.gitkeep.md,evidence,bf614ed4,docs: DEC-33 — إعادةُ جولةِ تحقُّقٍ (فشلُ متصفّحٍ عابرٌ),2026-10-01 14:31:57 +0000,215
docs/evidence/recovery/F11-10-20260927-restore-drill-timing.md,evidence,bf614ed4,docs: DEC-33 — إعادةُ جولةِ تحقُّقٍ (فشلُ متصفّحٍ عابرٌ),2026-10-01 14:31:57 +0000,5248
docs/evidence/release/.gitkeep.md,evidence,bf614ed4,docs: DEC-33 — إعادةُ جولةِ تحقُّقٍ (فشلُ متصفّحٍ عابرٌ),2026-10-01 14:31:57 +0000,214
docs/evidence/repo/GUARD-ENFORCEMENT-20260917.md,evidence,bf614ed4,docs: DEC-33 — إعادةُ جولةِ تحقُّقٍ (فشلُ متصفّحٍ عابرٌ),2026-10-01 14:31:57 +0000,8889
docs/evidence/repo/RUNNER-COMMAND-VALIDITY-20260917.md,evidence,bf614ed4,docs: DEC-33 — إعادةُ جولةِ تحقُّقٍ (فشلُ متصفّحٍ عابرٌ),2026-10-01 14:31:57 +0000,4952
docs/evidence/repo/stale-branches-reconciliation-20260914.md,evidence,bf614ed4,docs: DEC-33 — إعادةُ جولةِ تحقُّقٍ (فشلُ متصفّحٍ عابرٌ),2026-10-01 14:31:57 +0000,16671
docs/evidence/safety-20260813.txt,evidence,bf614ed4,docs: DEC-33 — إعادةُ جولةِ تحقُّقٍ (فشلُ متصفّحٍ عابرٌ),2026-10-01 14:31:57 +0000,4211
docs/evidence/safety-classification-delta-20260813.md,evidence,bf614ed4,docs: DEC-33 — إعادةُ جولةِ تحقُّقٍ (فشلُ متصفّحٍ عابرٌ),2026-10-01 14:31:57 +0000,1316
docs/evidence/security/.gitkeep.md,evidence,bf614ed4,docs: DEC-33 — إعادةُ جولةِ تحقُّقٍ (فشلُ متصفّحٍ عابرٌ),2026-10-01 14:31:57 +0000,215
docs/evidence/security/F12-21-20260930-CLOSURE.md,evidence,bf614ed4,docs: DEC-33 — إعادةُ جولةِ تحقُّقٍ (فشلُ متصفّحٍ عابرٌ),2026-10-01 14:31:57 +0000,3061
docs/evidence/security/F12-21-20260930-incomplete-documents-block-verification.md,evidence,bf614ed4,docs: DEC-33 — إعادةُ جولةِ تحقُّقٍ (فشلُ متصفّحٍ عابرٌ),2026-10-01 14:31:57 +0000,1564
docs/evidence/security/F8-08-20260916.md,evidence,bf614ed4,docs: DEC-33 — إعادةُ جولةِ تحقُّقٍ (فشلُ متصفّحٍ عابرٌ),2026-10-01 14:31:57 +0000,12995
docs/evidence/security/F8-08-REGISTRY-20260916.md,evidence,bf614ed4,docs: DEC-33 — إعادةُ جولةِ تحقُّقٍ (فشلُ متصفّحٍ عابرٌ),2026-10-01 14:31:57 +0000,8307
docs/evidence/security/SEC-06-20260916.md,evidence,bf614ed4,docs: DEC-33 — إعادةُ جولةِ تحقُّقٍ (فشلُ متصفّحٍ عابرٌ),2026-10-01 14:31:57 +0000,10305
docs/evidence/security/SEC-07-20260917.md,evidence,bf614ed4,docs: DEC-33 — إعادةُ جولةِ تحقُّقٍ (فشلُ متصفّحٍ عابرٌ),2026-10-01 14:31:57 +0000,10664
docs/evidence/security/SEC-09-20260916.md,evidence,bf614ed4,docs: DEC-33 — إعادةُ جولةِ تحقُّقٍ (فشلُ متصفّحٍ عابرٌ),2026-10-01 14:31:57 +0000,7718
docs/evidence/security/SEC-10-20260917.md,evidence,bf614ed4,docs: DEC-33 — إعادةُ جولةِ تحقُّقٍ (فشلُ متصفّحٍ عابرٌ),2026-10-01 14:31:57 +0000,14382
docs/evidence/security/SEC-12-20260916.md,evidence,bf614ed4,docs: DEC-33 — إعادةُ جولةِ تحقُّقٍ (فشلُ متصفّحٍ عابرٌ),2026-10-01 14:31:57 +0000,13099
docs/evidence/security/SEC-15-DEPENDENCY-ADVISORIES-20260920.md,evidence,bf614ed4,docs: DEC-33 — إعادةُ جولةِ تحقُّقٍ (فشلُ متصفّحٍ عابرٌ),2026-10-01 14:31:57 +0000,9863
docs/evidence/security/SEC-17-19-telegram-id-identity-key-audit-20260922.md,evidence,bf614ed4,docs: DEC-33 — إعادةُ جولةِ تحقُّقٍ (فشلُ متصفّحٍ عابرٌ),2026-10-01 14:31:57 +0000,30009
docs/evidence/security/SEC-17-initdata-replay-20260921.md,evidence,bf614ed4,docs: DEC-33 — إعادةُ جولةِ تحقُّقٍ (فشلُ متصفّحٍ عابرٌ),2026-10-01 14:31:57 +0000,3825
docs/evidence/security/SEC-18-session-revocation-20260922.md,evidence,bf614ed4,docs: DEC-33 — إعادةُ جولةِ تحقُّقٍ (فشلُ متصفّحٍ عابرٌ),2026-10-01 14:31:57 +0000,13663
docs/evidence/security/SEC-19-drop-telegram-id-not-null-20260922.md,evidence,bf614ed4,docs: DEC-33 — إعادةُ جولةِ تحقُّقٍ (فشلُ متصفّحٍ عابرٌ),2026-10-01 14:31:57 +0000,2165
docs/evidence/security/SEC-19-erase-writes-null-telegram-id-20260922.md,evidence,bf614ed4,docs: DEC-33 — إعادةُ جولةِ تحقُّقٍ (فشلُ متصفّحٍ عابرٌ),2026-10-01 14:31:57 +0000,4872
docs/evidence/security/SEC-19-erasure-constraint-strengthening-20260922.md,evidence,bf614ed4,docs: DEC-33 — إعادةُ جولةِ تحقُّقٍ (فشلُ متصفّحٍ عابرٌ),2026-10-01 14:31:57 +0000,5361
docs/evidence/security/SEC-19-outbox-undeliverable-state-20260922.md,evidence,bf614ed4,docs: DEC-33 — إعادةُ جولةِ تحقُّقٍ (فشلُ متصفّحٍ عابرٌ),2026-10-01 14:31:57 +0000,5478
docs/evidence/security/SEC-19-send-path-classification-20260922.md,evidence,bf614ed4,docs: DEC-33 — إعادةُ جولةِ تحقُّقٍ (فشلُ متصفّحٍ عابرٌ),2026-10-01 14:31:57 +0000,23760
docs/evidence/security/SEC-19-telegram-id-inventory-20260922.md,evidence,bf614ed4,docs: DEC-33 — إعادةُ جولةِ تحقُّقٍ (فشلُ متصفّحٍ عابرٌ),2026-10-01 14:31:57 +0000,20453
docs/evidence/security/SEC-19-tracking-token-owner-binding-20260922.md,evidence,bf614ed4,docs: DEC-33 — إعادةُ جولةِ تحقُّقٍ (فشلُ متصفّحٍ عابرٌ),2026-10-01 14:31:57 +0000,3383
docs/evidence/security/SEC-20-account-recovery-20260922.md,evidence,bf614ed4,docs: DEC-33 — إعادةُ جولةِ تحقُّقٍ (فشلُ متصفّحٍ عابرٌ),2026-10-01 14:31:57 +0000,19533
docs/evidence/security/SEC-21-admin-break-glass-20260923.md,evidence,bf614ed4,docs: DEC-33 — إعادةُ جولةِ تحقُّقٍ (فشلُ متصفّحٍ عابرٌ),2026-10-01 14:31:57 +0000,17148
docs/evidence/security/XFF-TRUST-BOUNDARY-20260919.md,evidence,bf614ed4,docs: DEC-33 — إعادةُ جولةِ تحقُّقٍ (فشلُ متصفّحٍ عابرٌ),2026-10-01 14:31:57 +0000,12525
docs/evidence/state-baseline-20260818-lint.txt,evidence,bf614ed4,docs: DEC-33 — إعادةُ جولةِ تحقُّقٍ (فشلُ متصفّحٍ عابرٌ),2026-10-01 14:31:57 +0000,21179
docs/evidence/state-baseline-20260818-load-test-FAILURE.txt,evidence,bf614ed4,docs: DEC-33 — إعادةُ جولةِ تحقُّقٍ (فشلُ متصفّحٍ عابرٌ),2026-10-01 14:31:57 +0000,698
docs/evidence/state-baseline-20260818-match-race.txt,evidence,bf614ed4,docs: DEC-33 — إعادةُ جولةِ تحقُّقٍ (فشلُ متصفّحٍ عابرٌ),2026-10-01 14:31:57 +0000,1499
docs/evidence/state-baseline-20260818-tests.txt,evidence,bf614ed4,docs: DEC-33 — إعادةُ جولةِ تحقُّقٍ (فشلُ متصفّحٍ عابرٌ),2026-10-01 14:31:57 +0000,280157
docs/evidence/state-baseline-20260818-typecheck.txt,evidence,bf614ed4,docs: DEC-33 — إعادةُ جولةِ تحقُّقٍ (فشلُ متصفّحٍ عابرٌ),2026-10-01 14:31:57 +0000,15
docs/evidence/storage/DEC-027-DOCUMENT-EXPIRY-NOTIFICATION-20261001.md,evidence,bf614ed4,docs: DEC-33 — إعادةُ جولةِ تحقُّقٍ (فشلُ متصفّحٍ عابرٌ),2026-10-01 14:31:57 +0000,3991
docs/evidence/storage/DEC-028-DOCUMENT-UPLOAD-PROGRESS-20261001.md,evidence,bf614ed4,docs: DEC-33 — إعادةُ جولةِ تحقُّقٍ (فشلُ متصفّحٍ عابرٌ),2026-10-01 14:31:57 +0000,1199
docs/evidence/storage/DEC-029-DRIVER-SOS-BUTTON-20261001.md,evidence,bf614ed4,docs: DEC-33 — إعادةُ جولةِ تحقُّقٍ (فشلُ متصفّحٍ عابرٌ),2026-10-01 14:31:57 +0000,1311
docs/evidence/storage/DEC-030-OBJECT-EXISTENCE-CHECK-20261001.md,evidence,bf614ed4,docs: DEC-33 — إعادةُ جولةِ تحقُّقٍ (فشلُ متصفّحٍ عابرٌ),2026-10-01 14:31:57 +0000,1563
docs/evidence/storage/DEC-031-DRIVER-DOCUMENT-READ-URL-20261001.md,evidence,bf614ed4,docs: DEC-33 — إعادةُ جولةِ تحقُّقٍ (فشلُ متصفّحٍ عابرٌ),2026-10-01 14:31:57 +0000,1760
docs/evidence/storage/DEC-0xx-ADMIN-DOCUMENT-READ-URL-20261001.md,evidence,bf614ed4,docs: DEC-33 — إعادةُ جولةِ تحقُّقٍ (فشلُ متصفّحٍ عابرٌ),2026-10-01 14:31:57 +0000,2635
docs/evidence/storage/F3-01-SIGNED-UPLOAD-20260915.md,evidence,bf614ed4,docs: DEC-33 — إعادةُ جولةِ تحقُّقٍ (فشلُ متصفّحٍ عابرٌ),2026-10-01 14:31:57 +0000,7116
docs/evidence/support/DEC-0xx-SUPPORT-TICKET-API-CARD-20261001.md,evidence,bf614ed4,docs: DEC-33 — إعادةُ جولةِ تحقُّقٍ (فشلُ متصفّحٍ عابرٌ),2026-10-01 14:31:57 +0000,2629
docs/evidence/toolchain/D-09-20260917.md,evidence,bf614ed4,docs: DEC-33 — إعادةُ جولةِ تحقُّقٍ (فشلُ متصفّحٍ عابرٌ),2026-10-01 14:31:57 +0000,9602
docs/evidence/toolchain/D-23-20260919.md,evidence,bf614ed4,docs: DEC-33 — إعادةُ جولةِ تحقُّقٍ (فشلُ متصفّحٍ عابرٌ),2026-10-01 14:31:57 +0000,5492
docs/load-test-report.md,doc,bf614ed4,docs: DEC-33 — إعادةُ جولةِ تحقُّقٍ (فشلُ متصفّحٍ عابرٌ),2026-10-01 14:31:57 +0000,14909
docs/migration/dry-run-and-reconciliation.md,doc,bf614ed4,docs: DEC-33 — إعادةُ جولةِ تحقُّقٍ (فشلُ متصفّحٍ عابرٌ),2026-10-01 14:31:57 +0000,9998
docs/migration/matrix.md,doc,440202e9,feat: DEC-43 ticket threads + DEC-41 emergency contact + DEC-42 notification pre,2026-10-02 12:20:41 +0300,50821
docs/phase-0-baseline.md,doc,bf614ed4,docs: DEC-33 — إعادةُ جولةِ تحقُّقٍ (فشلُ متصفّحٍ عابرٌ),2026-10-01 14:31:57 +0000,10956
docs/phase-2.1-requirements.md,doc,bf614ed4,docs: DEC-33 — إعادةُ جولةِ تحقُّقٍ (فشلُ متصفّحٍ عابرٌ),2026-10-01 14:31:57 +0000,14068
docs/phase-2.1-step-01-report.md,doc,bf614ed4,docs: DEC-33 — إعادةُ جولةِ تحقُّقٍ (فشلُ متصفّحٍ عابرٌ),2026-10-01 14:31:57 +0000,5903
docs/phase-2.1-step-02-report.md,doc,bf614ed4,docs: DEC-33 — إعادةُ جولةِ تحقُّقٍ (فشلُ متصفّحٍ عابرٌ),2026-10-01 14:31:57 +0000,8238
docs/phase-2.1-step-03-report.md,doc,bf614ed4,docs: DEC-33 — إعادةُ جولةِ تحقُّقٍ (فشلُ متصفّحٍ عابرٌ),2026-10-01 14:31:57 +0000,6905
docs/phase-2.1-step-04-report.md,doc,bf614ed4,docs: DEC-33 — إعادةُ جولةِ تحقُّقٍ (فشلُ متصفّحٍ عابرٌ),2026-10-01 14:31:57 +0000,4076
docs/phase-2.1-step-05-report.md,doc,bf614ed4,docs: DEC-33 — إعادةُ جولةِ تحقُّقٍ (فشلُ متصفّحٍ عابرٌ),2026-10-01 14:31:57 +0000,5225
docs/phase-2.1-step-06-report.md,doc,bf614ed4,docs: DEC-33 — إعادةُ جولةِ تحقُّقٍ (فشلُ متصفّحٍ عابرٌ),2026-10-01 14:31:57 +0000,10090
docs/phase-2.1-step-07-report.md,doc,bf614ed4,docs: DEC-33 — إعادةُ جولةِ تحقُّقٍ (فشلُ متصفّحٍ عابرٌ),2026-10-01 14:31:57 +0000,7708
docs/phase-2.2-step-01-report.md,doc,bf614ed4,docs: DEC-33 — إعادةُ جولةِ تحقُّقٍ (فشلُ متصفّحٍ عابرٌ),2026-10-01 14:31:57 +0000,13679
docs/phase-2.3-step-01-report.md,doc,bf614ed4,docs: DEC-33 — إعادةُ جولةِ تحقُّقٍ (فشلُ متصفّحٍ عابرٌ),2026-10-01 14:31:57 +0000,13535
docs/phase-2.4-step-01-report.md,doc,bf614ed4,docs: DEC-33 — إعادةُ جولةِ تحقُّقٍ (فشلُ متصفّحٍ عابرٌ),2026-10-01 14:31:57 +0000,11003
docs/phase-2.5-step-01-report.md,doc,bf614ed4,docs: DEC-33 — إعادةُ جولةِ تحقُّقٍ (فشلُ متصفّحٍ عابرٌ),2026-10-01 14:31:57 +0000,16128
docs/phase-2.6-step-01-report.md,doc,bf614ed4,docs: DEC-33 — إعادةُ جولةِ تحقُّقٍ (فشلُ متصفّحٍ عابرٌ),2026-10-01 14:31:57 +0000,14325
docs/phase-2.6-step-02-report.md,doc,bf614ed4,docs: DEC-33 — إعادةُ جولةِ تحقُّقٍ (فشلُ متصفّحٍ عابرٌ),2026-10-01 14:31:57 +0000,16037
docs/product/monthly-driver/addendum.md,doc,bf614ed4,docs: DEC-33 — إعادةُ جولةِ تحقُّقٍ (فشلُ متصفّحٍ عابرٌ),2026-10-01 14:31:57 +0000,15453
docs/product/monthly-driver/spec-part-1.md,doc,bf614ed4,docs: DEC-33 — إعادةُ جولةِ تحقُّقٍ (فشلُ متصفّحٍ عابرٌ),2026-10-01 14:31:57 +0000,12719
docs/product/monthly-driver/spec-part-2.md,doc,bf614ed4,docs: DEC-33 — إعادةُ جولةِ تحقُّقٍ (فشلُ متصفّحٍ عابرٌ),2026-10-01 14:31:57 +0000,10382
docs/product/monthly-driver/spec-part-3.md,doc,bf614ed4,docs: DEC-33 — إعادةُ جولةِ تحقُّقٍ (فشلُ متصفّحٍ عابرٌ),2026-10-01 14:31:57 +0000,8392
docs/product/monthly-driver/spec-part-4.md,doc,bf614ed4,docs: DEC-33 — إعادةُ جولةِ تحقُّقٍ (فشلُ متصفّحٍ عابرٌ),2026-10-01 14:31:57 +0000,8536
docs/product/monthly-driver/spec-part-5.md,doc,bf614ed4,docs: DEC-33 — إعادةُ جولةِ تحقُّقٍ (فشلُ متصفّحٍ عابرٌ),2026-10-01 14:31:57 +0000,3218
docs/production-readiness/PHASE-0-BASELINE.md,doc,bf614ed4,docs: DEC-33 — إعادةُ جولةِ تحقُّقٍ (فشلُ متصفّحٍ عابرٌ),2026-10-01 14:31:57 +0000,22974
docs/production-readiness/PHASE-0.5-REAL-DATABASE.md,doc,bf614ed4,docs: DEC-33 — إعادةُ جولةِ تحقُّقٍ (فشلُ متصفّحٍ عابرٌ),2026-10-01 14:31:57 +0000,10948
docs/production-readiness/PHASE-1-SECURITY-AUDIT.md,doc,bf614ed4,docs: DEC-33 — إعادةُ جولةِ تحقُّقٍ (فشلُ متصفّحٍ عابرٌ),2026-10-01 14:31:57 +0000,17994
docs/production-readiness/PHASE-10-MAPLIBRE.md,doc,bf614ed4,docs: DEC-33 — إعادةُ جولةِ تحقُّقٍ (فشلُ متصفّحٍ عابرٌ),2026-10-01 14:31:57 +0000,21327
docs/production-readiness/PHASE-11-CUSTOMER-LIVE-TRACKING.md,doc,bf614ed4,docs: DEC-33 — إعادةُ جولةِ تحقُّقٍ (فشلُ متصفّحٍ عابرٌ),2026-10-01 14:31:57 +0000,27308
docs/production-readiness/PHASE-12-DRIVER-MAP.md,doc,bf614ed4,docs: DEC-33 — إعادةُ جولةِ تحقُّقٍ (فشلُ متصفّحٍ عابرٌ),2026-10-01 14:31:57 +0000,11409
docs/production-readiness/PHASE-13-OPERATIONS-MAP.md,doc,bf614ed4,docs: DEC-33 — إعادةُ جولةِ تحقُّقٍ (فشلُ متصفّحٍ عابرٌ),2026-10-01 14:31:57 +0000,15137
docs/production-readiness/PHASE-14-DISPATCH-INTEGRATION.md,doc,bf614ed4,docs: DEC-33 — إعادةُ جولةِ تحقُّقٍ (فشلُ متصفّحٍ عابرٌ),2026-10-01 14:31:57 +0000,18490
docs/production-readiness/PHASE-15-ETA.md,doc,bf614ed4,docs: DEC-33 — إعادةُ جولةِ تحقُّقٍ (فشلُ متصفّحٍ عابرٌ),2026-10-01 14:31:57 +0000,17431
docs/production-readiness/PHASE-16-MAP-MATCHING.md,doc,bf614ed4,docs: DEC-33 — إعادةُ جولةِ تحقُّقٍ (فشلُ متصفّحٍ عابرٌ),2026-10-01 14:31:57 +0000,9049
docs/production-readiness/PHASE-2-TRACKING-SECURITY.md,doc,bf614ed4,docs: DEC-33 — إعادةُ جولةِ تحقُّقٍ (فشلُ متصفّحٍ عابرٌ),2026-10-01 14:31:57 +0000,13488
docs/production-readiness/PHASE-3-GPS-VALIDATION.md,doc,bf614ed4,docs: DEC-33 — إعادةُ جولةِ تحقُّقٍ (فشلُ متصفّحٍ عابرٌ),2026-10-01 14:31:57 +0000,13560
docs/production-readiness/PHASE-4-CANONICAL-LOCATION.md,doc,bf614ed4,docs: DEC-33 — إعادةُ جولةِ تحقُّقٍ (فشلُ متصفّحٍ عابرٌ),2026-10-01 14:31:57 +0000,9424
docs/production-readiness/PHASE-5-TRACKING-SESSION.md,doc,bf614ed4,docs: DEC-33 — إعادةُ جولةِ تحقُّقٍ (فشلُ متصفّحٍ عابرٌ),2026-10-01 14:31:57 +0000,11064
docs/production-readiness/PHASE-6-REALTIME.md,doc,bf614ed4,docs: DEC-33 — إعادةُ جولةِ تحقُّقٍ (فشلُ متصفّحٍ عابرٌ),2026-10-01 14:31:57 +0000,21420
docs/production-readiness/PHASE-7-TRACKING-E2E.md,doc,bf614ed4,docs: DEC-33 — إعادةُ جولةِ تحقُّقٍ (فشلُ متصفّحٍ عابرٌ),2026-10-01 14:31:57 +0000,17546
docs/production-readiness/PHASE-8-DRIVER-LOCATOR.md,doc,bf614ed4,docs: DEC-33 — إعادةُ جولةِ تحقُّقٍ (فشلُ متصفّحٍ عابرٌ),2026-10-01 14:31:57 +0000,24536
docs/production-readiness/PHASE-9-OSRM.md,doc,bf614ed4,docs: DEC-33 — إعادةُ جولةِ تحقُّقٍ (فشلُ متصفّحٍ عابرٌ),2026-10-01 14:31:57 +0000,23273
docs/production-readiness/safety-delta-20260813.md,doc,bf614ed4,docs: DEC-33 — إعادةُ جولةِ تحقُّقٍ (فشلُ متصفّحٍ عابرٌ),2026-10-01 14:31:57 +0000,1880
docs/production-readiness/skeleton-classification-20260812.md,doc,bf614ed4,docs: DEC-33 — إعادةُ جولةِ تحقُّقٍ (فشلُ متصفّحٍ عابرٌ),2026-10-01 14:31:57 +0000,40208
docs/production-verification.md,doc,bf614ed4,docs: DEC-33 — إعادةُ جولةِ تحقُّقٍ (فشلُ متصفّحٍ عابرٌ),2026-10-01 14:31:57 +0000,8899
docs/render-deployment-vars.md,doc,bf614ed4,docs: DEC-33 — إعادةُ جولةِ تحقُّقٍ (فشلُ متصفّحٍ عابرٌ),2026-10-01 14:31:57 +0000,43136
docs/repo-manifest.md,doc,bf614ed4,docs: DEC-33 — إعادةُ جولةِ تحقُّقٍ (فشلُ متصفّحٍ عابرٌ),2026-10-01 14:31:57 +0000,6000
docs/reports/MOVE-final-report-20260912.md,doc,bf614ed4,docs: DEC-33 — إعادةُ جولةِ تحقُّقٍ (فشلُ متصفّحٍ عابرٌ),2026-10-01 14:31:57 +0000,30709
docs/roadmap.md,doc,bf614ed4,docs: DEC-33 — إعادةُ جولةِ تحقُّقٍ (فشلُ متصفّحٍ عابرٌ),2026-10-01 14:31:57 +0000,6958
docs/rollback.md,doc,bf614ed4,docs: DEC-33 — إعادةُ جولةِ تحقُّقٍ (فشلُ متصفّحٍ عابرٌ),2026-10-01 14:31:57 +0000,24747
docs/runbook.md,doc,bf614ed4,docs: DEC-33 — إعادةُ جولةِ تحقُّقٍ (فشلُ متصفّحٍ عابرٌ),2026-10-01 14:31:57 +0000,6005
docs/runtime-prerequisites.md,doc,bf614ed4,docs: DEC-33 — إعادةُ جولةِ تحقُّقٍ (فشلُ متصفّحٍ عابرٌ),2026-10-01 14:31:57 +0000,6658
docs/section-0-report.md,doc,bf614ed4,docs: DEC-33 — إعادةُ جولةِ تحقُّقٍ (فشلُ متصفّحٍ عابرٌ),2026-10-01 14:31:57 +0000,12696
docs/section-1-report.md,doc,bf614ed4,docs: DEC-33 — إعادةُ جولةِ تحقُّقٍ (فشلُ متصفّحٍ عابرٌ),2026-10-01 14:31:57 +0000,8102
docs/section-2-report.md,doc,bf614ed4,docs: DEC-33 — إعادةُ جولةِ تحقُّقٍ (فشلُ متصفّحٍ عابرٌ),2026-10-01 14:31:57 +0000,20445
docs/section-3-report.md,doc,bf614ed4,docs: DEC-33 — إعادةُ جولةِ تحقُّقٍ (فشلُ متصفّحٍ عابرٌ),2026-10-01 14:31:57 +0000,12584
docs/section-4-2-tracking-links-report.md,doc,bf614ed4,docs: DEC-33 — إعادةُ جولةِ تحقُّقٍ (فشلُ متصفّحٍ عابرٌ),2026-10-01 14:31:57 +0000,4802
docs/section-4-report.md,doc,bf614ed4,docs: DEC-33 — إعادةُ جولةِ تحقُّقٍ (فشلُ متصفّحٍ عابرٌ),2026-10-01 14:31:57 +0000,8674
docs/section-5-report.md,doc,bf614ed4,docs: DEC-33 — إعادةُ جولةِ تحقُّقٍ (فشلُ متصفّحٍ عابرٌ),2026-10-01 14:31:57 +0000,4740
docs/technical-debt/20260917-audit-debt-registry.md,doc,bf614ed4,docs: DEC-33 — إعادةُ جولةِ تحقُّقٍ (فشلُ متصفّحٍ عابرٌ),2026-10-01 14:31:57 +0000,31915
docs/wasla/blockers.md,doc,bf614ed4,docs: DEC-33 — إعادةُ جولةِ تحقُّقٍ (فشلُ متصفّحٍ عابرٌ),2026-10-01 14:31:57 +0000,5800
docs/wasla/boundary-audit.md,doc,440202e9,feat: DEC-43 ticket threads + DEC-41 emergency contact + DEC-42 notification pre,2026-10-02 12:20:41 +0300,36430
docs/wasla/cutover-plan.md,doc,440202e9,feat: DEC-43 ticket threads + DEC-41 emergency contact + DEC-42 notification pre,2026-10-02 12:20:41 +0300,56310
docs/wasla/egress-boundary.md,doc,bf614ed4,docs: DEC-33 — إعادةُ جولةِ تحقُّقٍ (فشلُ متصفّحٍ عابرٌ),2026-10-01 14:31:57 +0000,9979
package-lock.json,config,bf614ed4,docs: DEC-33 — إعادةُ جولةِ تحقُّقٍ (فشلُ متصفّحٍ عابرٌ),2026-10-01 14:31:57 +0000,61173
package.json,config,bf614ed4,docs: DEC-33 — إعادةُ جولةِ تحقُّقٍ (فشلُ متصفّحٍ عابرٌ),2026-10-01 14:31:57 +0000,11210
packages/agent-core/agents/anomalyAgent.ts,executable,bf614ed4,docs: DEC-33 — إعادةُ جولةِ تحقُّقٍ (فشلُ متصفّحٍ عابرٌ),2026-10-01 14:31:57 +0000,1461
packages/agent-core/agents/fraudAgent.ts,executable,bf614ed4,docs: DEC-33 — إعادةُ جولةِ تحقُّقٍ (فشلُ متصفّحٍ عابرٌ),2026-10-01 14:31:57 +0000,1262
packages/agent-core/agents/growthAgent.ts,executable,bf614ed4,docs: DEC-33 — إعادةُ جولةِ تحقُّقٍ (فشلُ متصفّحٍ عابرٌ),2026-10-01 14:31:57 +0000,1145
packages/agent-core/agents/ids.ts,executable,bf614ed4,docs: DEC-33 — إعادةُ جولةِ تحقُّقٍ (فشلُ متصفّحٍ عابرٌ),2026-10-01 14:31:57 +0000,1088
packages/agent-core/agents/registry.ts,executable,bf614ed4,docs: DEC-33 — إعادةُ جولةِ تحقُّقٍ (فشلُ متصفّحٍ عابرٌ),2026-10-01 14:31:57 +0000,2474
packages/agent-core/agents/supportTicketAgent.ts,executable,bf614ed4,docs: DEC-33 — إعادةُ جولةِ تحقُّقٍ (فشلُ متصفّحٍ عابرٌ),2026-10-01 14:31:57 +0000,12332
packages/agent-core/agents/types.ts,executable,bf614ed4,docs: DEC-33 — إعادةُ جولةِ تحقُّقٍ (فشلُ متصفّحٍ عابرٌ),2026-10-01 14:31:57 +0000,2625
packages/agent-core/brain/escalation.ts,executable,bf614ed4,docs: DEC-33 — إعادةُ جولةِ تحقُّقٍ (فشلُ متصفّحٍ عابرٌ),2026-10-01 14:31:57 +0000,2486
packages/agent-core/brain/priority-map.json,config,bf614ed4,docs: DEC-33 — إعادةُ جولةِ تحقُّقٍ (فشلُ متصفّحٍ عابرٌ),2026-10-01 14:31:57 +0000,1404
packages/agent-core/brain/priority.ts,executable,bf614ed4,docs: DEC-33 — إعادةُ جولةِ تحقُّقٍ (فشلُ متصفّحٍ عابرٌ),2026-10-01 14:31:57 +0000,3922
packages/agent-core/brain/router.ts,executable,bf614ed4,docs: DEC-33 — إعادةُ جولةِ تحقُّقٍ (فشلُ متصفّحٍ عابرٌ),2026-10-01 14:31:57 +0000,3747
packages/agent-core/config.ts,executable,bf614ed4,docs: DEC-33 — إعادةُ جولةِ تحقُّقٍ (فشلُ متصفّحٍ عابرٌ),2026-10-01 14:31:57 +0000,5756
packages/agent-core/core.ts,executable,bf614ed4,docs: DEC-33 — إعادةُ جولةِ تحقُّقٍ (فشلُ متصفّحٍ عابرٌ),2026-10-01 14:31:57 +0000,10358
packages/agent-core/evaluation/evaluator.ts,executable,bf614ed4,docs: DEC-33 — إعادةُ جولةِ تحقُّقٍ (فشلُ متصفّحٍ عابرٌ),2026-10-01 14:31:57 +0000,3468
packages/agent-core/evaluation/regressionChecks.ts,executable,bf614ed4,docs: DEC-33 — إعادةُ جولةِ تحقُّقٍ (فشلُ متصفّحٍ عابرٌ),2026-10-01 14:31:57 +0000,3885
packages/agent-core/evaluation/scoring.ts,executable,bf614ed4,docs: DEC-33 — إعادةُ جولةِ تحقُّقٍ (فشلُ متصفّحٍ عابرٌ),2026-10-01 14:31:57 +0000,4131
packages/agent-core/experience/decisionLog.ts,executable,bf614ed4,docs: DEC-33 — إعادةُ جولةِ تحقُّقٍ (فشلُ متصفّحٍ عابرٌ),2026-10-01 14:31:57 +0000,2426
packages/agent-core/experience/eventStore.ts,executable,bf614ed4,docs: DEC-33 — إعادةُ جولةِ تحقُّقٍ (فشلُ متصفّحٍ عابرٌ),2026-10-01 14:31:57 +0000,2628
packages/agent-core/experience/experienceStore.ts,executable,bf614ed4,docs: DEC-33 — إعادةُ جولةِ تحقُّقٍ (فشلُ متصفّحٍ عابرٌ),2026-10-01 14:31:57 +0000,1924
packages/agent-core/experience/outcomeRecorder.ts,executable,bf614ed4,docs: DEC-33 — إعادةُ جولةِ تحقُّقٍ (فشلُ متصفّحٍ عابرٌ),2026-10-01 14:31:57 +0000,2658
packages/agent-core/fallback.ts,executable,bf614ed4,docs: DEC-33 — إعادةُ جولةِ تحقُّقٍ (فشلُ متصفّحٍ عابرٌ),2026-10-01 14:31:57 +0000,6557
packages/agent-core/gateway.ts,executable,bf614ed4,docs: DEC-33 — إعادةُ جولةِ تحقُّقٍ (فشلُ متصفّحٍ عابرٌ),2026-10-01 14:31:57 +0000,9586
packages/agent-core/guardrails/executionGuard.ts,executable,bf614ed4,docs: DEC-33 — إعادةُ جولةِ تحقُّقٍ (فشلُ متصفّحٍ عابرٌ),2026-10-01 14:31:57 +0000,4216
packages/agent-core/guardrails/inputGuard.ts,executable,bf614ed4,docs: DEC-33 — إعادةُ جولةِ تحقُّقٍ (فشلُ متصفّحٍ عابرٌ),2026-10-01 14:31:57 +0000,7308
packages/agent-core/guardrails/outputGuard.ts,executable,bf614ed4,docs: DEC-33 — إعادةُ جولةِ تحقُّقٍ (فشلُ متصفّحٍ عابرٌ),2026-10-01 14:31:57 +0000,5699
packages/agent-core/index.ts,executable,bf614ed4,docs: DEC-33 — إعادةُ جولةِ تحقُّقٍ (فشلُ متصفّحٍ عابرٌ),2026-10-01 14:31:57 +0000,1567
packages/agent-core/knowledge/knowledgeIndex.ts,executable,bf614ed4,docs: DEC-33 — إعادةُ جولةِ تحقُّقٍ (فشلُ متصفّحٍ عابرٌ),2026-10-01 14:31:57 +0000,3627
packages/agent-core/knowledge/knowledgeLoader.ts,executable,bf614ed4,docs: DEC-33 — إعادةُ جولةِ تحقُّقٍ (فشلُ متصفّحٍ عابرٌ),2026-10-01 14:31:57 +0000,4412
packages/agent-core/knowledge/knowledgeSearch.ts,executable,bf614ed4,docs: DEC-33 — إعادةُ جولةِ تحقُّقٍ (فشلُ متصفّحٍ عابرٌ),2026-10-01 14:31:57 +0000,4730
packages/agent-core/knowledge_base/driver-behavior.md,other,bf614ed4,docs: DEC-33 — إعادةُ جولةِ تحقُّقٍ (فشلُ متصفّحٍ عابرٌ),2026-10-01 14:31:57 +0000,986
packages/agent-core/knowledge_base/how-to-use.md,other,bf614ed4,docs: DEC-33 — إعادةُ جولةِ تحقُّقٍ (فشلُ متصفّحٍ عابرٌ),2026-10-01 14:31:57 +0000,809
packages/agent-core/knowledge_base/payment.md,other,bf614ed4,docs: DEC-33 — إعادةُ جولةِ تحقُّقٍ (فشلُ متصفّحٍ عابرٌ),2026-10-01 14:31:57 +0000,904
packages/agent-core/knowledge_base/registration.md,other,bf614ed4,docs: DEC-33 — إعادةُ جولةِ تحقُّقٍ (فشلُ متصفّحٍ عابرٌ),2026-10-01 14:31:57 +0000,930
packages/agent-core/knowledge_base/ride-cancelled.md,other,bf614ed4,docs: DEC-33 — إعادةُ جولةِ تحقُّقٍ (فشلُ متصفّحٍ عابرٌ),2026-10-01 14:31:57 +0000,796
packages/agent-core/knowledge_base/ride-fare.md,other,bf614ed4,docs: DEC-33 — إعادةُ جولةِ تحقُّقٍ (فشلُ متصفّحٍ عابرٌ),2026-10-01 14:31:57 +0000,902
packages/agent-core/knowledge_base/subscription.md,other,bf614ed4,docs: DEC-33 — إعادةُ جولةِ تحقُّقٍ (فشلُ متصفّحٍ عابرٌ),2026-10-01 14:31:57 +0000,984
packages/agent-core/learning/approvalFlow.ts,executable,bf614ed4,docs: DEC-33 — إعادةُ جولةِ تحقُّقٍ (فشلُ متصفّحٍ عابرٌ),2026-10-01 14:31:57 +0000,5861
packages/agent-core/learning/candidateGenerator.ts,executable,bf614ed4,docs: DEC-33 — إعادةُ جولةِ تحقُّقٍ (فشلُ متصفّحٍ عابرٌ),2026-10-01 14:31:57 +0000,5628
packages/agent-core/learning/candidateStore.ts,test,bf614ed4,docs: DEC-33 — إعادةُ جولةِ تحقُّقٍ (فشلُ متصفّحٍ عابرٌ),2026-10-01 14:31:57 +0000,3384
packages/agent-core/learning/memoryUpdater.ts,executable,bf614ed4,docs: DEC-33 — إعادةُ جولةِ تحقُّقٍ (فشلُ متصفّحٍ عابرٌ),2026-10-01 14:31:57 +0000,3846
packages/agent-core/memory/longTerm.ts,executable,bf614ed4,docs: DEC-33 — إعادةُ جولةِ تحقُّقٍ (فشلُ متصفّحٍ عابرٌ),2026-10-01 14:31:57 +0000,8076
packages/agent-core/memory/mediumTerm.ts,executable,bf614ed4,docs: DEC-33 — إعادةُ جولةِ تحقُّقٍ (فشلُ متصفّحٍ عابرٌ),2026-10-01 14:31:57 +0000,3871
packages/agent-core/memory/shortTerm.ts,executable,bf614ed4,docs: DEC-33 — إعادةُ جولةِ تحقُّقٍ (فشلُ متصفّحٍ عابرٌ),2026-10-01 14:31:57 +0000,3346
packages/agent-core/memory/storage.ts,executable,bf614ed4,docs: DEC-33 — إعادةُ جولةِ تحقُّقٍ (فشلُ متصفّحٍ عابرٌ),2026-10-01 14:31:57 +0000,7322
packages/agent-core/model/modelAdapter.ts,executable,bf614ed4,docs: DEC-33 — إعادةُ جولةِ تحقُّقٍ (فشلُ متصفّحٍ عابرٌ),2026-10-01 14:31:57 +0000,4367
packages/agent-core/model/nullModel.ts,executable,bf614ed4,docs: DEC-33 — إعادةُ جولةِ تحقُّقٍ (فشلُ متصفّحٍ عابرٌ),2026-10-01 14:31:57 +0000,2510
packages/agent-core/planning/missingDataDetector.ts,executable,bf614ed4,docs: DEC-33 — إعادةُ جولةِ تحقُّقٍ (فشلُ متصفّحٍ عابرٌ),2026-10-01 14:31:57 +0000,4153
packages/agent-core/planning/planner.ts,executable,bf614ed4,docs: DEC-33 — إعادةُ جولةِ تحقُّقٍ (فشلُ متصفّحٍ عابرٌ),2026-10-01 14:31:57 +0000,4038
packages/agent-core/planning/taskAnalyzer.ts,executable,bf614ed4,docs: DEC-33 — إعادةُ جولةِ تحقُّقٍ (فشلُ متصفّحٍ عابرٌ),2026-10-01 14:31:57 +0000,4362
packages/agent-core/policies/confidencePolicy.ts,executable,bf614ed4,docs: DEC-33 — إعادةُ جولةِ تحقُّقٍ (فشلُ متصفّحٍ عابرٌ),2026-10-01 14:31:57 +0000,3249
packages/agent-core/policies/decisionPolicy.ts,executable,bf614ed4,docs: DEC-33 — إعادةُ جولةِ تحقُّقٍ (فشلُ متصفّحٍ عابرٌ),2026-10-01 14:31:57 +0000,3177
packages/agent-core/policies/executionPolicy.ts,executable,bf614ed4,docs: DEC-33 — إعادةُ جولةِ تحقُّقٍ (فشلُ متصفّحٍ عابرٌ),2026-10-01 14:31:57 +0000,3293
packages/agent-core/policies/learningPolicy.ts,executable,bf614ed4,docs: DEC-33 — إعادةُ جولةِ تحقُّقٍ (فشلُ متصفّحٍ عابرٌ),2026-10-01 14:31:57 +0000,5407
packages/agent-core/schemas.ts,executable,bf614ed4,docs: DEC-33 — إعادةُ جولةِ تحقُّقٍ (فشلُ متصفّحٍ عابرٌ),2026-10-01 14:31:57 +0000,16531
packages/agent-core/tools/permissions.ts,executable,bf614ed4,docs: DEC-33 — إعادةُ جولةِ تحقُّقٍ (فشلُ متصفّحٍ عابرٌ),2026-10-01 14:31:57 +0000,3369
packages/agent-core/tools/toolContracts.ts,executable,bf614ed4,docs: DEC-33 — إعادةُ جولةِ تحقُّقٍ (فشلُ متصفّحٍ عابرٌ),2026-10-01 14:31:57 +0000,2150
packages/agent-core/tools/toolExecutor.ts,executable,bf614ed4,docs: DEC-33 — إعادةُ جولةِ تحقُّقٍ (فشلُ متصفّحٍ عابرٌ),2026-10-01 14:31:57 +0000,4027
packages/agent-core/tools/toolRegistry.ts,executable,bf614ed4,docs: DEC-33 — إعادةُ جولةِ تحقُّقٍ (فشلُ متصفّحٍ عابرٌ),2026-10-01 14:31:57 +0000,3446
packages/application/admin/metric-snapshot-ports.ts,executable,bf614ed4,docs: DEC-33 — إعادةُ جولةِ تحقُّقٍ (فشلُ متصفّحٍ عابرٌ),2026-10-01 14:31:57 +0000,4399
packages/application/admin/refresh-metric-snapshots.ts,executable,bf614ed4,docs: DEC-33 — إعادةُ جولةِ تحقُّقٍ (فشلُ متصفّحٍ عابرٌ),2026-10-01 14:31:57 +0000,4374
packages/application/analytics/build-city-report.ts,executable,bf614ed4,docs: DEC-33 — إعادةُ جولةِ تحقُّقٍ (فشلُ متصفّحٍ عابرٌ),2026-10-01 14:31:57 +0000,671
packages/application/analytics/build-demand-heatmap.ts,executable,bf614ed4,docs: DEC-33 — إعادةُ جولةِ تحقُّقٍ (فشلُ متصفّحٍ عابرٌ),2026-10-01 14:31:57 +0000,680
packages/application/analytics/build-driver-performance-report.ts,executable,bf614ed4,docs: DEC-33 — إعادةُ جولةِ تحقُّقٍ (فشلُ متصفّحٍ عابرٌ),2026-10-01 14:31:57 +0000,712
packages/application/analytics/export-dataset.ts,executable,bf614ed4,docs: DEC-33 — إعادةُ جولةِ تحقُّقٍ (فشلُ متصفّحٍ عابرٌ),2026-10-01 14:31:57 +0000,663
packages/application/analytics/index.ts,executable,bf614ed4,docs: DEC-33 — إعادةُ جولةِ تحقُّقٍ (فشلُ متصفّحٍ عابرٌ),2026-10-01 14:31:57 +0000,369
packages/application/audit/export-audit-report.ts,executable,bf614ed4,docs: DEC-33 — إعادةُ جولةِ تحقُّقٍ (فشلُ متصفّحٍ عابرٌ),2026-10-01 14:31:57 +0000,737
packages/application/audit/index.ts,executable,bf614ed4,docs: DEC-33 — إعادةُ جولةِ تحقُّقٍ (فشلُ متصفّحٍ عابرٌ),2026-10-01 14:31:57 +0000,404
packages/application/audit/query-audit-trail.ts,executable,bf614ed4,docs: DEC-33 — إعادةُ جولةِ تحقُّقٍ (فشلُ متصفّحٍ عابرٌ),2026-10-01 14:31:57 +0000,731
packages/application/audit/record-audit-event.ts,executable,bf614ed4,docs: DEC-33 — إعادةُ جولةِ تحقُّقٍ (فشلُ متصفّحٍ عابرٌ),2026-10-01 14:31:57 +0000,734
packages/application/bots/driver-dialog.ts,executable,bf614ed4,docs: DEC-33 — إعادةُ جولةِ تحقُّقٍ (فشلُ متصفّحٍ عابرٌ),2026-10-01 14:31:57 +0000,125300
packages/application/bots/driver-trip-reply.ts,executable,bf614ed4,docs: DEC-33 — إعادةُ جولةِ تحقُّقٍ (فشلُ متصفّحٍ عابرٌ),2026-10-01 14:31:57 +0000,7932
packages/application/bots/language-dialog.ts,executable,bf614ed4,docs: DEC-33 — إعادةُ جولةِ تحقُّقٍ (فشلُ متصفّحٍ عابرٌ),2026-10-01 14:31:57 +0000,4211
packages/application/bots/main-menu.ts,executable,bf614ed4,docs: DEC-33 — إعادةُ جولةِ تحقُّقٍ (فشلُ متصفّحٍ عابرٌ),2026-10-01 14:31:57 +0000,13160
packages/application/bots/miniapp-surface.ts,executable,bf614ed4,docs: DEC-33 — إعادةُ جولةِ تحقُّقٍ (فشلُ متصفّحٍ عابرٌ),2026-10-01 14:31:57 +0000,19551
packages/application/bots/name-errors.ts,executable,bf614ed4,docs: DEC-33 — إعادةُ جولةِ تحقُّقٍ (فشلُ متصفّحٍ عابرٌ),2026-10-01 14:31:57 +0000,1274
packages/application/bots/rating-dialog.ts,executable,bf614ed4,docs: DEC-33 — إعادةُ جولةِ تحقُّقٍ (فشلُ متصفّحٍ عابرٌ),2026-10-01 14:31:57 +0000,14941
packages/application/bots/reputation-card.ts,executable,bf614ed4,docs: DEC-33 — إعادةُ جولةِ تحقُّقٍ (فشلُ متصفّحٍ عابرٌ),2026-10-01 14:31:57 +0000,4272
packages/application/bots/rider-dialog.ts,executable,bf614ed4,docs: DEC-33 — إعادةُ جولةِ تحقُّقٍ (فشلُ متصفّحٍ عابرٌ),2026-10-01 14:31:57 +0000,74687
packages/application/bots/session-read.ts,executable,bf614ed4,docs: DEC-33 — إعادةُ جولةِ تحقُّقٍ (فشلُ متصفّحٍ عابرٌ),2026-10-01 14:31:57 +0000,1798
packages/application/bots/support-dialog.ts,executable,bf614ed4,docs: DEC-33 — إعادةُ جولةِ تحقُّقٍ (فشلُ متصفّحٍ عابرٌ),2026-10-01 14:31:57 +0000,21027
packages/application/bots/types.ts,executable,bf614ed4,docs: DEC-33 — إعادةُ جولةِ تحقُّقٍ (فشلُ متصفّحٍ عابرٌ),2026-10-01 14:31:57 +0000,29849
packages/application/bots/waiting-lines.ts,executable,bf614ed4,docs: DEC-33 — إعادةُ جولةِ تحقُّقٍ (فشلُ متصفّحٍ عابرٌ),2026-10-01 14:31:57 +0000,3791
packages/application/broadcast/deliver-broadcast.ts,executable,bf614ed4,docs: DEC-33 — إعادةُ جولةِ تحقُّقٍ (فشلُ متصفّحٍ عابرٌ),2026-10-01 14:31:57 +0000,3697
packages/application/broadcast/ports.ts,executable,bf614ed4,docs: DEC-33 — إعادةُ جولةِ تحقُّقٍ (فشلُ متصفّحٍ عابرٌ),2026-10-01 14:31:57 +0000,4546
packages/application/capability/declare-capability.ts,executable,bf614ed4,docs: DEC-33 — إعادةُ جولةِ تحقُّقٍ (فشلُ متصفّحٍ عابرٌ),2026-10-01 14:31:57 +0000,774
packages/application/capability/index.ts,executable,bf614ed4,docs: DEC-33 — إعادةُ جولةِ تحقُّقٍ (فشلُ متصفّحٍ عابرٌ),2026-10-01 14:31:57 +0000,4801
packages/application/capability/list-capable-drivers.ts,executable,bf614ed4,docs: DEC-33 — إعادةُ جولةِ تحقُّقٍ (فشلُ متصفّحٍ عابرٌ),2026-10-01 14:31:57 +0000,779
packages/application/capability/record-attendance.ts,executable,bf614ed4,docs: DEC-33 — إعادةُ جولةِ تحقُّقٍ (فشلُ متصفّحٍ عابرٌ),2026-10-01 14:31:57 +0000,771
packages/application/capability/toggle-availability.ts,executable,bf614ed4,docs: DEC-33 — إعادةُ جولةِ تحقُّقٍ (فشلُ متصفّحٍ عابرٌ),2026-10-01 14:31:57 +0000,777
packages/application/capability/update-capability.ts,executable,bf614ed4,docs: DEC-33 — إعادةُ جولةِ تحقُّقٍ (فشلُ متصفّحٍ عابرٌ),2026-10-01 14:31:57 +0000,771
packages/application/consent/ports.ts,executable,bf614ed4,docs: DEC-33 — إعادةُ جولةِ تحقُّقٍ (فشلُ متصفّحٍ عابرٌ),2026-10-01 14:31:57 +0000,3910
packages/application/consent/record-consent.ts,executable,bf614ed4,docs: DEC-33 — إعادةُ جولةِ تحقُّقٍ (فشلُ متصفّحٍ عابرٌ),2026-10-01 14:31:57 +0000,7935
packages/application/delivery/cancel-delivery.ts,executable,bf614ed4,docs: DEC-33 — إعادةُ جولةِ تحقُّقٍ (فشلُ متصفّحٍ عابرٌ),2026-10-01 14:31:57 +0000,721
packages/application/delivery/deliver-parcel.ts,executable,bf614ed4,docs: DEC-33 — إعادةُ جولةِ تحقُّقٍ (فشلُ متصفّحٍ عابرٌ),2026-10-01 14:31:57 +0000,718
packages/application/delivery/estimate-delivery-fare.ts,executable,bf614ed4,docs: DEC-33 — إعادةُ جولةِ تحقُّقٍ (فشلُ متصفّحٍ عابرٌ),2026-10-01 14:31:57 +0000,741
packages/application/delivery/get-delivery-status.ts,executable,bf614ed4,docs: DEC-33 — إعادةُ جولةِ تحقُّقٍ (فشلُ متصفّحٍ عابرٌ),2026-10-01 14:31:57 +0000,732
packages/application/delivery/index.ts,executable,bf614ed4,docs: DEC-33 — إعادةُ جولةِ تحقُّقٍ (فشلُ متصفّحٍ عابرٌ),2026-10-01 14:31:57 +0000,717
packages/application/delivery/list-delivery-orders.ts,executable,bf614ed4,docs: DEC-33 — إعادةُ جولةِ تحقُّقٍ (فشلُ متصفّحٍ عابرٌ),2026-10-01 14:31:57 +0000,735
packages/application/delivery/pickup-parcel.ts,executable,bf614ed4,docs: DEC-33 — إعادةُ جولةِ تحقُّقٍ (فشلُ متصفّحٍ عابرٌ),2026-10-01 14:31:57 +0000,715
packages/application/delivery/request-delivery.ts,executable,bf614ed4,docs: DEC-33 — إعادةُ جولةِ تحقُّقٍ (فشلُ متصفّحٍ عابرٌ),2026-10-01 14:31:57 +0000,4872
packages/application/destinations/choose-destination.ts,executable,bf614ed4,docs: DEC-33 — إعادةُ جولةِ تحقُّقٍ (فشلُ متصفّحٍ عابرٌ),2026-10-01 14:31:57 +0000,7070
packages/application/destinations/ports.ts,executable,bf614ed4,docs: DEC-33 — إعادةُ جولةِ تحقُّقٍ (فشلُ متصفّحٍ عابرٌ),2026-10-01 14:31:57 +0000,5204
packages/application/dispatch/broadcast-offer.ts,executable,bf614ed4,docs: DEC-33 — إعادةُ جولةِ تحقُّقٍ (فشلُ متصفّحٍ عابرٌ),2026-10-01 14:31:57 +0000,1063
packages/application/dispatch/broadcast-offers.ts,executable,bf614ed4,docs: DEC-33 — إعادةُ جولةِ تحقُّقٍ (فشلُ متصفّحٍ عابرٌ),2026-10-01 14:31:57 +0000,10697
packages/application/dispatch/claim-order.ts,executable,bf614ed4,docs: DEC-33 — إعادةُ جولةِ تحقُّقٍ (فشلُ متصفّحٍ عابرٌ),2026-10-01 14:31:57 +0000,1051
packages/application/dispatch/deliver-cancellation-notification.ts,executable,bf614ed4,docs: DEC-33 — إعادةُ جولةِ تحقُّقٍ (فشلُ متصفّحٍ عابرٌ),2026-10-01 14:31:57 +0000,3765
packages/application/dispatch/deliver-lost-item-notification.ts,executable,bf614ed4,docs: DEC-33 — إعادةُ جولةِ تحقُّقٍ (فشلُ متصفّحٍ عابرٌ),2026-10-01 14:31:57 +0000,3883
packages/application/dispatch/deliver-negotiation-notification.ts,executable,bf614ed4,docs: DEC-33 — إعادةُ جولةِ تحقُّقٍ (فشلُ متصفّحٍ عابرٌ),2026-10-01 14:31:57 +0000,5581
packages/application/dispatch/deliver-offer-notification.ts,executable,bf614ed4,docs: DEC-33 — إعادةُ جولةِ تحقُّقٍ (فشلُ متصفّحٍ عابرٌ),2026-10-01 14:31:57 +0000,5596
packages/application/dispatch/deliver-unmatched-notification.ts,executable,bf614ed4,docs: DEC-33 — إعادةُ جولةِ تحقُّقٍ (فشلُ متصفّحٍ عابرٌ),2026-10-01 14:31:57 +0000,4461
packages/application/dispatch/escalate-unmatched-order.ts,executable,bf614ed4,docs: DEC-33 — إعادةُ جولةِ تحقُّقٍ (فشلُ متصفّحٍ عابرٌ),2026-10-01 14:31:57 +0000,7412
packages/application/dispatch/expire-offer.ts,executable,bf614ed4,docs: DEC-33 — إعادةُ جولةِ تحقُّقٍ (فشلُ متصفّحٍ عابرٌ),2026-10-01 14:31:57 +0000,1054
packages/application/dispatch/expire-offers-ports.ts,executable,bf614ed4,docs: DEC-33 — إعادةُ جولةِ تحقُّقٍ (فشلُ متصفّحٍ عابرٌ),2026-10-01 14:31:57 +0000,1578
packages/application/dispatch/index.ts,executable,bf614ed4,docs: DEC-33 — إعادةُ جولةِ تحقُّقٍ (فشلُ متصفّحٍ عابرٌ),2026-10-01 14:31:57 +0000,894
packages/application/dispatch/match-order.ts,executable,bf614ed4,docs: DEC-33 — إعادةُ جولةِ تحقُّقٍ (فشلُ متصفّحٍ عابرٌ),2026-10-01 14:31:57 +0000,8233
packages/application/dispatch/publish-to-unsubscribed-group.ts,executable,bf614ed4,docs: DEC-33 — إعادةُ جولةِ تحقُّقٍ (فشلُ متصفّحٍ عابرٌ),2026-10-01 14:31:57 +0000,7691
packages/application/dispatch/redispatch-searching-orders.ts,executable,bf614ed4,docs: DEC-33 — إعادةُ جولةِ تحقُّقٍ (فشلُ متصفّحٍ عابرٌ),2026-10-01 14:31:57 +0000,9626
packages/application/dispatch/register-unsubscribed-claim.ts,executable,bf614ed4,docs: DEC-33 — إعادةُ جولةِ تحقُّقٍ (فشلُ متصفّحٍ عابرٌ),2026-10-01 14:31:57 +0000,4625
packages/application/dispatch/relay-negotiation-message.ts,executable,bf614ed4,docs: DEC-33 — إعادةُ جولةِ تحقُّقٍ (فشلُ متصفّحٍ عابرٌ),2026-10-01 14:31:57 +0000,3995
packages/application/dispatch/republish-order-card.ts,executable,bf614ed4,docs: DEC-33 — إعادةُ جولةِ تحقُّقٍ (فشلُ متصفّحٍ عابرٌ),2026-10-01 14:31:57 +0000,1958
packages/application/dispatch/rotate-negotiation-turn.ts,executable,bf614ed4,docs: DEC-33 — إعادةُ جولةِ تحقُّقٍ (فشلُ متصفّحٍ عابرٌ),2026-10-01 14:31:57 +0000,7073
packages/application/dispatch/score-candidates.ts,executable,bf614ed4,docs: DEC-33 — إعادةُ جولةِ تحقُّقٍ (فشلُ متصفّحٍ عابرٌ),2026-10-01 14:31:57 +0000,1066
packages/application/dispatch/sweep-unmatched-orders.ts,executable,bf614ed4,docs: DEC-33 — إعادةُ جولةِ تحقُّقٍ (فشلُ متصفّحٍ عابرٌ),2026-10-01 14:31:57 +0000,14004
packages/application/dispute/add-dispute-note.ts,executable,bf614ed4,docs: DEC-33 — إعادةُ جولةِ تحقُّقٍ (فشلُ متصفّحٍ عابرٌ),2026-10-01 14:31:57 +0000,930
packages/application/dispute/agent-measurement.ts,executable,bf614ed4,docs: DEC-33 — إعادةُ جولةِ تحقُّقٍ (فشلُ متصفّحٍ عابرٌ),2026-10-01 14:31:57 +0000,9028
packages/application/dispute/claim-dispute.ts,executable,bf614ed4,docs: DEC-33 — إعادةُ جولةِ تحقُّقٍ (فشلُ متصفّحٍ عابرٌ),2026-10-01 14:31:57 +0000,1916
packages/application/dispute/close-dispute.ts,executable,bf614ed4,docs: DEC-33 — إعادةُ جولةِ تحقُّقٍ (فشلُ متصفّحٍ عابرٌ),2026-10-01 14:31:57 +0000,1312
packages/application/dispute/deliver-dispute-resolution.ts,executable,bf614ed4,docs: DEC-33 — إعادةُ جولةِ تحقُّقٍ (فشلُ متصفّحٍ عابرٌ),2026-10-01 14:31:57 +0000,3954
packages/application/dispute/index.ts,executable,bf614ed4,docs: DEC-33 — إعادةُ جولةِ تحقُّقٍ (فشلُ متصفّحٍ عابرٌ),2026-10-01 14:31:57 +0000,748
packages/application/dispute/open-dispute.ts,executable,bf614ed4,docs: DEC-33 — إعادةُ جولةِ تحقُّقٍ (فشلُ متصفّحٍ عابرٌ),2026-10-01 14:31:57 +0000,3899
packages/application/dispute/post-dispute-card.ts,executable,bf614ed4,docs: DEC-33 — إعادةُ جولةِ تحقُّقٍ (فشلُ متصفّحٍ عابرٌ),2026-10-01 14:31:57 +0000,3868
packages/application/dispute/post-ticket-advice.ts,executable,bf614ed4,docs: DEC-33 — إعادةُ جولةِ تحقُّقٍ (فشلُ متصفّحٍ عابرٌ),2026-10-01 14:31:57 +0000,6572
packages/application/dispute/resolve-dispute.ts,executable,bf614ed4,docs: DEC-33 — إعادةُ جولةِ تحقُّقٍ (فشلُ متصفّحٍ عابرٌ),2026-10-01 14:31:57 +0000,4836
packages/application/dispute/ticket-advisor.ts,executable,bf614ed4,docs: DEC-33 — إعادةُ جولةِ تحقُّقٍ (فشلُ متصفّحٍ عابرٌ),2026-10-01 14:31:57 +0000,3983
packages/application/dispute/ticket-threads.ts,executable,440202e9,feat: DEC-43 ticket threads + DEC-41 emergency contact + DEC-42 notification pre,2026-10-02 12:20:41 +0300,5764
packages/application/documents/expire-document.ts,executable,bf614ed4,docs: DEC-33 — إعادةُ جولةِ تحقُّقٍ (فشلُ متصفّحٍ عابرٌ),2026-10-01 14:31:57 +0000,703
packages/application/documents/index.ts,executable,bf614ed4,docs: DEC-33 — إعادةُ جولةِ تحقُّقٍ (فشلُ متصفّحٍ عابرٌ),2026-10-01 14:31:57 +0000,369
packages/application/documents/list-driver-documents.ts,executable,bf614ed4,docs: DEC-33 — إعادةُ جولةِ تحقُّقٍ (فشلُ متصفّحٍ عابرٌ),2026-10-01 14:31:57 +0000,720
packages/application/documents/upload-document.ts,executable,bf614ed4,docs: DEC-33 — إعادةُ جولةِ تحقُّقٍ (فشلُ متصفّحٍ عابرٌ),2026-10-01 14:31:57 +0000,703
packages/application/documents/validate-document.ts,executable,bf614ed4,docs: DEC-33 — إعادةُ جولةِ تحقُّقٍ (فشلُ متصفّحٍ عابرٌ),2026-10-01 14:31:57 +0000,709
packages/application/driver/activity-ports.ts,executable,bf614ed4,docs: DEC-33 — إعادةُ جولةِ تحقُّقٍ (فشلُ متصفّحٍ عابرٌ),2026-10-01 14:31:57 +0000,4352
packages/application/driver/driver-activity.ts,executable,bf614ed4,docs: DEC-33 — إعادةُ جولةِ تحقُّقٍ (فشلُ متصفّحٍ عابرٌ),2026-10-01 14:31:57 +0000,7464
packages/application/driver/driver-documents.ts,executable,bf614ed4,docs: DEC-33 — إعادةُ جولةِ تحقُّقٍ (فشلُ متصفّحٍ عابرٌ),2026-10-01 14:31:57 +0000,15499
packages/application/driver/driver-job.ts,executable,bf614ed4,docs: DEC-33 — إعادةُ جولةِ تحقُّقٍ (فشلُ متصفّحٍ عابرٌ),2026-10-01 14:31:57 +0000,8890
packages/application/driver/driver-offers.ts,executable,bf614ed4,docs: DEC-33 — إعادةُ جولةِ تحقُّقٍ (فشلُ متصفّحٍ عابرٌ),2026-10-01 14:31:57 +0000,11878
packages/application/driver/driver-subscription.ts,executable,bf614ed4,docs: DEC-33 — إعادةُ جولةِ تحقُّقٍ (فشلُ متصفّحٍ عابرٌ),2026-10-01 14:31:57 +0000,10639
packages/application/driver/driver-vehicle-assets.ts,executable,bf614ed4,docs: DEC-33 — إعادةُ جولةِ تحقُّقٍ (فشلُ متصفّحٍ عابرٌ),2026-10-01 14:31:57 +0000,5257
packages/application/driver/driver-vehicle-ports.ts,executable,bf614ed4,docs: DEC-33 — إعادةُ جولةِ تحقُّقٍ (فشلُ متصفّحٍ عابرٌ),2026-10-01 14:31:57 +0000,1665
packages/application/driver/driver-vehicle.ts,executable,bf614ed4,docs: DEC-33 — إعادةُ جولةِ تحقُّقٍ (فشلُ متصفّحٍ عابرٌ),2026-10-01 14:31:57 +0000,5953
packages/application/driver/job-ports.ts,executable,bf614ed4,docs: DEC-33 — إعادةُ جولةِ تحقُّقٍ (فشلُ متصفّحٍ عابرٌ),2026-10-01 14:31:57 +0000,5604
packages/application/driver/offer-ports.ts,executable,bf614ed4,docs: DEC-33 — إعادةُ جولةِ تحقُّقٍ (فشلُ متصفّحٍ عابرٌ),2026-10-01 14:31:57 +0000,4670
packages/application/driver/ports.ts,executable,bf614ed4,docs: DEC-33 — إعادةُ جولةِ تحقُّقٍ (فشلُ متصفّحٍ عابرٌ),2026-10-01 14:31:57 +0000,8238
packages/application/driver/subscription-invoice-ports.ts,executable,bf614ed4,docs: DEC-33 — إعادةُ جولةِ تحقُّقٍ (فشلُ متصفّحٍ عابرٌ),2026-10-01 14:31:57 +0000,6109
packages/application/driver/subscription-invoice.ts,executable,bf614ed4,docs: DEC-33 — إعادةُ جولةِ تحقُّقٍ (فشلُ متصفّحٍ عابرٌ),2026-10-01 14:31:57 +0000,10159
packages/application/driver/subscription-ports.ts,executable,bf614ed4,docs: DEC-33 — إعادةُ جولةِ تحقُّقٍ (فشلُ متصفّحٍ عابرٌ),2026-10-01 14:31:57 +0000,3178
packages/application/driver/vehicle-asset-reader.ts,executable,bf614ed4,docs: DEC-33 — إعادةُ جولةِ تحقُّقٍ (فشلُ متصفّحٍ عابرٌ),2026-10-01 14:31:57 +0000,2374
packages/application/driver/warn-expiring-documents.ts,executable,bf614ed4,docs: DEC-33 — إعادةُ جولةِ تحقُّقٍ (فشلُ متصفّحٍ عابرٌ),2026-10-01 14:31:57 +0000,4398
packages/application/enterprise-integration/index.ts,executable,bf614ed4,docs: DEC-33 — إعادةُ جولةِ تحقُّقٍ (فشلُ متصفّحٍ عابرٌ),2026-10-01 14:31:57 +0000,410
packages/application/enterprise-integration/ingest-orders-inbound.ts,executable,bf614ed4,docs: DEC-33 — إعادةُ جولةِ تحقُّقٍ (فشلُ متصفّحٍ عابرٌ),2026-10-01 14:31:57 +0000,717
packages/application/enterprise-integration/reconcile-integration-state.ts,executable,bf614ed4,docs: DEC-33 — إعادةُ جولةِ تحقُّقٍ (فشلُ متصفّحٍ عابرٌ),2026-10-01 14:31:57 +0000,735
packages/application/enterprise-integration/register-integration.ts,executable,bf614ed4,docs: DEC-33 — إعادةُ جولةِ تحقُّقٍ (فشلُ متصفّحٍ عابرٌ),2026-10-01 14:31:57 +0000,715
packages/application/enterprise-integration/sync-orders-outbound.ts,executable,bf614ed4,docs: DEC-33 — إعادةُ جولةِ تحقُّقٍ (فشلُ متصفّحٍ عابرٌ),2026-10-01 14:31:57 +0000,714
packages/application/feature-flags/disable-feature.ts,executable,bf614ed4,docs: DEC-33 — إعادةُ جولةِ تحقُّقٍ (فشلُ متصفّحٍ عابرٌ),2026-10-01 14:31:57 +0000,696
packages/application/feature-flags/enable-feature.ts,executable,bf614ed4,docs: DEC-33 — إعادةُ جولةِ تحقُّقٍ (فشلُ متصفّحٍ عابرٌ),2026-10-01 14:31:57 +0000,693
packages/application/feature-flags/index.ts,executable,bf614ed4,docs: DEC-33 — إعادةُ جولةِ تحقُّقٍ (فشلُ متصفّحٍ عابرٌ),2026-10-01 14:31:57 +0000,377
packages/application/feature-flags/is-feature-enabled.ts,executable,bf614ed4,docs: DEC-33 — إعادةُ جولةِ تحقُّقٍ (فشلُ متصفّحٍ عابرٌ),2026-10-01 14:31:57 +0000,704
packages/application/feature-flags/list-feature-flags.ts,executable,bf614ed4,docs: DEC-33 — إعادةُ جولةِ تحقُّقٍ (فشلُ متصفّحٍ عابرٌ),2026-10-01 14:31:57 +0000,704
packages/application/financial/charge-subscription-fee.ts,executable,bf614ed4,docs: DEC-33 — إعادةُ جولةِ تحقُّقٍ (فشلُ متصفّحٍ عابرٌ),2026-10-01 14:31:57 +0000,775
packages/application/financial/confirm-payment.ts,executable,bf614ed4,docs: DEC-33 — إعادةُ جولةِ تحقُّقٍ (فشلُ متصفّحٍ عابرٌ),2026-10-01 14:31:57 +0000,3172
packages/application/financial/create-wallet.ts,executable,bf614ed4,docs: DEC-33 — إعادةُ جولةِ تحقُّقٍ (فشلُ متصفّحٍ عابرٌ),2026-10-01 14:31:57 +0000,1699
packages/application/financial/deduction-trace-usecase.ts,executable,6c594d78,feat: DEC-37 deduction trace — GET /v1/driver/deductions from wallet ledger (#36,2026-10-02 10:19:23 +0300,4164
packages/application/financial/deduction-trace.ts,executable,6c594d78,feat: DEC-37 deduction trace — GET /v1/driver/deductions from wallet ledger (#36,2026-10-02 10:19:23 +0300,1539
packages/application/financial/driver-finance-overview.ts,executable,bf614ed4,docs: DEC-33 — إعادةُ جولةِ تحقُّقٍ (فشلُ متصفّحٍ عابرٌ),2026-10-01 14:31:57 +0000,5923
packages/application/financial/get-wallet-balance.ts,executable,bf614ed4,docs: DEC-33 — إعادةُ جولةِ تحقُّقٍ (فشلُ متصفّحٍ عابرٌ),2026-10-01 14:31:57 +0000,1740
packages/application/financial/index.ts,executable,bf614ed4,docs: DEC-33 — إعادةُ جولةِ تحقُّقٍ (فشلُ متصفّحٍ عابرٌ),2026-10-01 14:31:57 +0000,3052
packages/application/financial/issue-invoice.ts,executable,bf614ed4,docs: DEC-33 — إعادةُ جولةِ تحقُّقٍ (فشلُ متصفّحٍ عابرٌ),2026-10-01 14:31:57 +0000,1733
packages/application/financial/ports.ts,executable,bf614ed4,docs: DEC-33 — إعادةُ جولةِ تحقُّقٍ (فشلُ متصفّحٍ عابرٌ),2026-10-01 14:31:57 +0000,14711
packages/application/financial/reconcile-pending-payments.ts,executable,bf614ed4,docs: DEC-33 — إعادةُ جولةِ تحقُّقٍ (فشلُ متصفّحٍ عابرٌ),2026-10-01 14:31:57 +0000,11561
packages/application/financial/refund-payment.ts,executable,bf614ed4,docs: DEC-33 — إعادةُ جولةِ تحقُّقٍ (فشلُ متصفّحٍ عابرٌ),2026-10-01 14:31:57 +0000,1975
packages/application/financial/settle-driver-payout.ts,executable,bf614ed4,docs: DEC-33 — إعادةُ جولةِ تحقُّقٍ (فشلُ متصفّحٍ عابرٌ),2026-10-01 14:31:57 +0000,1985
packages/application/financial/subscribe-plan.ts,executable,bf614ed4,docs: DEC-33 — إعادةُ جولةِ تحقُّقٍ (فشلُ متصفّحٍ عابرٌ),2026-10-01 14:31:57 +0000,11501
packages/application/financial/top-up-wallet.ts,executable,bf614ed4,docs: DEC-33 — إعادةُ جولةِ تحقُّقٍ (فشلُ متصفّحٍ عابرٌ),2026-10-01 14:31:57 +0000,2052
packages/application/geo/archive-location-partitions.ts,executable,bf614ed4,docs: DEC-33 — إعادةُ جولةِ تحقُّقٍ (فشلُ متصفّحٍ عابرٌ),2026-10-01 14:31:57 +0000,12934
packages/application/geo/calculate-distance.ts,executable,bf614ed4,docs: DEC-33 — إعادةُ جولةِ تحقُّقٍ (فشلُ متصفّحٍ عابرٌ),2026-10-01 14:31:57 +0000,1085
packages/application/geo/driver-location-hot-state.ts,executable,bf614ed4,docs: DEC-33 — إعادةُ جولةِ تحقُّقٍ (فشلُ متصفّحٍ عابرٌ),2026-10-01 14:31:57 +0000,14883
packages/application/geo/ensure-location-partitions.ts,executable,bf614ed4,docs: DEC-33 — إعادةُ جولةِ تحقُّقٍ (فشلُ متصفّحٍ عابرٌ),2026-10-01 14:31:57 +0000,5059
packages/application/geo/find-nearby-drivers.ts,executable,bf614ed4,docs: DEC-33 — إعادةُ جولةِ تحقُّقٍ (فشلُ متصفّحٍ عابرٌ),2026-10-01 14:31:57 +0000,1087
packages/application/geo/flush-driver-location-backlog.ts,executable,bf614ed4,docs: DEC-33 — إعادةُ جولةِ تحقُّقٍ (فشلُ متصفّحٍ عابرٌ),2026-10-01 14:31:57 +0000,8248
packages/application/geo/index.ts,executable,bf614ed4,docs: DEC-33 — إعادةُ جولةِ تحقُّقٍ (فشلُ متصفّحٍ عابرٌ),2026-10-01 14:31:57 +0000,748
packages/application/geo/resolve-location.ts,executable,bf614ed4,docs: DEC-33 — إعادةُ جولةِ تحقُّقٍ (فشلُ متصفّحٍ عابرٌ),2026-10-01 14:31:57 +0000,1079
packages/application/geo/update-driver-location.ts,executable,bf614ed4,docs: DEC-33 — إعادةُ جولةِ تحقُّقٍ (فشلُ متصفّحٍ عابرٌ),2026-10-01 14:31:57 +0000,18630
packages/application/geo/validate-city-boundary.ts,executable,bf614ed4,docs: DEC-33 — إعادةُ جولةِ تحقُّقٍ (فشلُ متصفّحٍ عابرٌ),2026-10-01 14:31:57 +0000,1096
packages/application/groups/group-join-gate.ts,executable,bf614ed4,docs: DEC-33 — إعادةُ جولةِ تحقُّقٍ (فشلُ متصفّحٍ عابرٌ),2026-10-01 14:31:57 +0000,11456
packages/application/i18n-translation/detect-language.ts,executable,bf614ed4,docs: DEC-33 — إعادةُ جولةِ تحقُّقٍ (فشلُ متصفّحٍ عابرٌ),2026-10-01 14:31:57 +0000,2336
packages/application/i18n-translation/get-supported-languages.ts,executable,bf614ed4,docs: DEC-33 — إعادةُ جولةِ تحقُّقٍ (فشلُ متصفّحٍ عابرٌ),2026-10-01 14:31:57 +0000,1007
packages/application/i18n-translation/index.ts,executable,bf614ed4,docs: DEC-33 — إعادةُ جولةِ تحقُّقٍ (فشلُ متصفّحٍ عابرٌ),2026-10-01 14:31:57 +0000,561
packages/application/i18n-translation/render-localized-template.ts,executable,bf614ed4,docs: DEC-33 — إعادةُ جولةِ تحقُّقٍ (فشلُ متصفّحٍ عابرٌ),2026-10-01 14:31:57 +0000,2940
packages/application/i18n-translation/select-language.ts,executable,bf614ed4,docs: DEC-33 — إعادةُ جولةِ تحقُّقٍ (فشلُ متصفّحٍ عابرٌ),2026-10-01 14:31:57 +0000,2113
packages/application/i18n-translation/translate-message.ts,executable,bf614ed4,docs: DEC-33 — إعادةُ جولةِ تحقُّقٍ (فشلُ متصفّحٍ عابرٌ),2026-10-01 14:31:57 +0000,4609
packages/application/identity/assign-role.ts,executable,bf614ed4,docs: DEC-33 — إعادةُ جولةِ تحقُّقٍ (فشلُ متصفّحٍ عابرٌ),2026-10-01 14:31:57 +0000,1032
packages/application/identity/block-user.ts,executable,bf614ed4,docs: DEC-33 — إعادةُ جولةِ تحقُّقٍ (فشلُ متصفّحٍ عابرٌ),2026-10-01 14:31:57 +0000,1029
packages/application/identity/exchange-telegram-session.ts,executable,bf614ed4,docs: DEC-33 — إعادةُ جولةِ تحقُّقٍ (فشلُ متصفّحٍ عابرٌ),2026-10-01 14:31:57 +0000,10817
packages/application/identity/get-user-profile.ts,executable,bf614ed4,docs: DEC-33 — إعادةُ جولةِ تحقُّقٍ (فشلُ متصفّحٍ عابرٌ),2026-10-01 14:31:57 +0000,1046
packages/application/identity/index.ts,executable,bf614ed4,docs: DEC-33 — إعادةُ جولةِ تحقُّقٍ (فشلُ متصفّحٍ عابرٌ),2026-10-01 14:31:57 +0000,2329
packages/application/identity/link-telegram-account.ts,executable,bf614ed4,docs: DEC-33 — إعادةُ جولةِ تحقُّقٍ (فشلُ متصفّحٍ عابرٌ),2026-10-01 14:31:57 +0000,1061
packages/application/identity/onboard-rider.ts,executable,bf614ed4,docs: DEC-33 — إعادةُ جولةِ تحقُّقٍ (فشلُ متصفّحٍ عابرٌ),2026-10-01 14:31:57 +0000,6284
packages/application/identity/ports.ts,executable,bf614ed4,docs: DEC-33 — إعادةُ جولةِ تحقُّقٍ (فشلُ متصفّحٍ عابرٌ),2026-10-01 14:31:57 +0000,22180
packages/application/identity/register-user.ts,executable,bf614ed4,docs: DEC-33 — إعادةُ جولةِ تحقُّقٍ (فشلُ متصفّحٍ عابرٌ),2026-10-01 14:31:57 +0000,1038
packages/application/identity/renew-miniapp-session.ts,executable,bf614ed4,docs: DEC-33 — إعادةُ جولةِ تحقُّقٍ (فشلُ متصفّحٍ عابرٌ),2026-10-01 14:31:57 +0000,9644
packages/application/identity/resolve-viewer.ts,executable,bf614ed4,docs: DEC-33 — إعادةُ جولةِ تحقُّقٍ (فشلُ متصفّحٍ عابرٌ),2026-10-01 14:31:57 +0000,10210
packages/application/identity/session-revocation-reasons.ts,executable,bf614ed4,docs: DEC-33 — إعادةُ جولةِ تحقُّقٍ (فشلُ متصفّحٍ عابرٌ),2026-10-01 14:31:57 +0000,3359
packages/application/identity/update-user-profile.ts,executable,bf614ed4,docs: DEC-33 — إعادةُ جولةِ تحقُّقٍ (فشلُ متصفّحٍ عابرٌ),2026-10-01 14:31:57 +0000,1055
packages/application/identity/verify-phone.ts,executable,bf614ed4,docs: DEC-33 — إعادةُ جولةِ تحقُّقٍ (فشلُ متصفّحٍ عابرٌ),2026-10-01 14:31:57 +0000,1035
packages/application/kyc/approve-kyc.ts,executable,bf614ed4,docs: DEC-33 — إعادةُ جولةِ تحقُّقٍ (فشلُ متصفّحٍ عابرٌ),2026-10-01 14:31:57 +0000,680
packages/application/kyc/index.ts,executable,bf614ed4,docs: DEC-33 — إعادةُ جولةِ تحقُّقٍ (فشلُ متصفّحٍ عابرٌ),2026-10-01 14:31:57 +0000,357
packages/application/kyc/reject-kyc.ts,executable,bf614ed4,docs: DEC-33 — إعادةُ جولةِ تحقُّقٍ (فشلُ متصفّحٍ عابرٌ),2026-10-01 14:31:57 +0000,677
packages/application/kyc/review-kyc-request.ts,executable,bf614ed4,docs: DEC-33 — إعادةُ جولةِ تحقُّقٍ (فشلُ متصفّحٍ عابرٌ),2026-10-01 14:31:57 +0000,700
packages/application/kyc/submit-kyc-request.ts,executable,bf614ed4,docs: DEC-33 — إعادةُ جولةِ تحقُّقٍ (فشلُ متصفّحٍ عابرٌ),2026-10-01 14:31:57 +0000,700
packages/application/kyc/verify-against-government-registry.ts,executable,bf614ed4,docs: DEC-33 — إعادةُ جولةِ تحقُّقٍ (فشلُ متصفّحٍ عابرٌ),2026-10-01 14:31:57 +0000,747
packages/application/marketplace/confirm-order.ts,executable,bf614ed4,docs: DEC-33 — إعادةُ جولةِ تحقُّقٍ (فشلُ متصفّحٍ عابرٌ),2026-10-01 14:31:57 +0000,769
packages/application/marketplace/index.ts,executable,bf614ed4,docs: DEC-33 — إعادةُ جولةِ تحقُّقٍ (فشلُ متصفّحٍ عابرٌ),2026-10-01 14:31:57 +0000,444
packages/application/marketplace/place-order.ts,executable,bf614ed4,docs: DEC-33 — إعادةُ جولةِ تحقُّقٍ (فشلُ متصفّحٍ عابرٌ),2026-10-01 14:31:57 +0000,763
packages/application/marketplace/publish-listing.ts,executable,bf614ed4,docs: DEC-33 — إعادةُ جولةِ تحقُّقٍ (فشلُ متصفّحٍ عابرٌ),2026-10-01 14:31:57 +0000,775
packages/application/marketplace/search-listings.ts,executable,bf614ed4,docs: DEC-33 — إعادةُ جولةِ تحقُّقٍ (فشلُ متصفّحٍ عابرٌ),2026-10-01 14:31:57 +0000,775
packages/application/marketplace/settle-order.ts,executable,bf614ed4,docs: DEC-33 — إعادةُ جولةِ تحقُّقٍ (فشلُ متصفّحٍ عابرٌ),2026-10-01 14:31:57 +0000,766
packages/application/marketplace/update-listing.ts,executable,bf614ed4,docs: DEC-33 — إعادةُ جولةِ تحقُّقٍ (فشلُ متصفّحٍ عابرٌ),2026-10-01 14:31:57 +0000,772
packages/application/marketplace/withdraw-listing.ts,executable,bf614ed4,docs: DEC-33 — إعادةُ جولةِ تحقُّقٍ (فشلُ متصفّحٍ عابرٌ),2026-10-01 14:31:57 +0000,778
packages/application/messaging/close-relay-channel.ts,executable,bf614ed4,docs: DEC-33 — إعادةُ جولةِ تحقُّقٍ (فشلُ متصفّحٍ عابرٌ),2026-10-01 14:31:57 +0000,779
packages/application/messaging/get-relay-transcript.ts,executable,bf614ed4,docs: DEC-33 — إعادةُ جولةِ تحقُّقٍ (فشلُ متصفّحٍ عابرٌ),2026-10-01 14:31:57 +0000,782
packages/application/messaging/index.ts,executable,bf614ed4,docs: DEC-33 — إعادةُ جولةِ تحقُّقٍ (فشلُ متصفّحٍ عابرٌ),2026-10-01 14:31:57 +0000,410
packages/application/messaging/mask-contact-details.ts,executable,bf614ed4,docs: DEC-33 — إعادةُ جولةِ تحقُّقٍ (فشلُ متصفّحٍ عابرٌ),2026-10-01 14:31:57 +0000,782
packages/application/messaging/open-relay-channel.ts,executable,bf614ed4,docs: DEC-33 — إعادةُ جولةِ تحقُّقٍ (فشلُ متصفّحٍ عابرٌ),2026-10-01 14:31:57 +0000,776
packages/application/messaging/relay-message.ts,executable,bf614ed4,docs: DEC-33 — إعادةُ جولةِ تحقُّقٍ (فشلُ متصفّحٍ عابرٌ),2026-10-01 14:31:57 +0000,762
packages/application/notification/deliver-notification.ts,executable,bf614ed4,docs: DEC-33 — إعادةُ جولةِ تحقُّقٍ (فشلُ متصفّحٍ عابرٌ),2026-10-01 14:31:57 +0000,18404
packages/application/notification/get-user-notifications.ts,executable,bf614ed4,docs: DEC-33 — إعادةُ جولةِ تحقُّقٍ (فشلُ متصفّحٍ عابرٌ),2026-10-01 14:31:57 +0000,3958
packages/application/notification/index.ts,executable,bf614ed4,docs: DEC-33 — إعادةُ جولةِ تحقُّقٍ (فشلُ متصفّحٍ عابرٌ),2026-10-01 14:31:57 +0000,1148
packages/application/notification/mark-notification-read.ts,executable,bf614ed4,docs: DEC-33 — إعادةُ جولةِ تحقُّقٍ (فشلُ متصفّحٍ عابرٌ),2026-10-01 14:31:57 +0000,3233
packages/application/notification/schedule-notification.ts,executable,bf614ed4,docs: DEC-33 — إعادةُ جولةِ تحقُّقٍ (فشلُ متصفّحٍ عابرٌ),2026-10-01 14:31:57 +0000,726
packages/application/notification/send-bulk-notification.ts,executable,bf614ed4,docs: DEC-33 — إعادةُ جولةِ تحقُّقٍ (فشلُ متصفّحٍ عابرٌ),2026-10-01 14:31:57 +0000,728
packages/application/notification/send-notification.ts,executable,bf614ed4,docs: DEC-33 — إعادةُ جولةِ تحقُّقٍ (فشلُ متصفّحٍ عابرٌ),2026-10-01 14:31:57 +0000,714
packages/application/notification/user-notification-ports.ts,executable,bf614ed4,docs: DEC-33 — إعادةُ جولةِ تحقُّقٍ (فشلُ متصفّحٍ عابرٌ),2026-10-01 14:31:57 +0000,3895
packages/application/places/manage-places.ts,executable,78746aab,feat: DEC-40 PATCH /v1/me/places/:id — update saved place (#372),2026-10-02 11:27:20 +0300,10462
packages/application/places/ports.ts,executable,78746aab,feat: DEC-40 PATCH /v1/me/places/:id — update saved place (#372),2026-10-02 11:27:20 +0300,3661
packages/application/policy/evaluate-cancellation-policy.ts,executable,bf614ed4,docs: DEC-33 — إعادةُ جولةِ تحقُّقٍ (فشلُ متصفّحٍ عابرٌ),2026-10-01 14:31:57 +0000,802
packages/application/policy/evaluate-pricing-policy.ts,executable,bf614ed4,docs: DEC-33 — إعادةُ جولةِ تحقُّقٍ (فشلُ متصفّحٍ عابرٌ),2026-10-01 14:31:57 +0000,787
packages/application/policy/get-setting.ts,executable,bf614ed4,docs: DEC-33 — إعادةُ جولةِ تحقُّقٍ (فشلُ متصفّحٍ عابرٌ),2026-10-01 14:31:57 +0000,752
packages/application/policy/index.ts,executable,bf614ed4,docs: DEC-33 — إعادةُ جولةِ تحقُّقٍ (فشلُ متصفّحٍ عابرٌ),2026-10-01 14:31:57 +0000,429
packages/application/policy/list-city-policies.ts,executable,bf614ed4,docs: DEC-33 — إعادةُ جولةِ تحقُّقٍ (فشلُ متصفّحٍ عابرٌ),2026-10-01 14:31:57 +0000,772
packages/application/policy/set-setting.ts,executable,bf614ed4,docs: DEC-33 — إعادةُ جولةِ تحقُّقٍ (فشلُ متصفّحٍ عابرٌ),2026-10-01 14:31:57 +0000,752
packages/application/ports/index.ts,executable,bf614ed4,docs: DEC-33 — إعادةُ جولةِ تحقُّقٍ (فشلُ متصفّحٍ عابرٌ),2026-10-01 14:31:57 +0000,7579
packages/application/privacy/breach-notification.ts,executable,bf614ed4,docs: DEC-33 — إعادةُ جولةِ تحقُّقٍ (فشلُ متصفّحٍ عابرٌ),2026-10-01 14:31:57 +0000,8126
packages/application/privacy/data-rights.ts,executable,bf614ed4,docs: DEC-33 — إعادةُ جولةِ تحقُّقٍ (فشلُ متصفّحٍ عابرٌ),2026-10-01 14:31:57 +0000,5741
packages/application/privacy/pdpl-compliance.ts,executable,bf614ed4,docs: DEC-33 — إعادةُ جولةِ تحقُّقٍ (فشلُ متصفّحٍ عابرٌ),2026-10-01 14:31:57 +0000,3507
packages/application/privacy/ports.ts,executable,bf614ed4,docs: DEC-33 — إعادةُ جولةِ تحقُّقٍ (فشلُ متصفّحٍ عابرٌ),2026-10-01 14:31:57 +0000,2623
packages/application/privacy/zatca-phase2.ts,executable,bf614ed4,docs: DEC-33 — إعادةُ جولةِ تحقُّقٍ (فشلُ متصفّحٍ عابرٌ),2026-10-01 14:31:57 +0000,1214
packages/application/quote/ports.ts,executable,bf614ed4,docs: DEC-33 — إعادةُ جولةِ تحقُّقٍ (فشلُ متصفّحٍ عابرٌ),2026-10-01 14:31:57 +0000,5839
packages/application/quote/quote-ride.ts,executable,bf614ed4,docs: DEC-33 — إعادةُ جولةِ تحقُّقٍ (فشلُ متصفّحٍ عابرٌ),2026-10-01 14:31:57 +0000,7100
packages/application/reputation/flag-abusive-rating.ts,executable,bf614ed4,docs: DEC-33 — إعادةُ جولةِ تحقُّقٍ (فشلُ متصفّحٍ عابرٌ),2026-10-01 14:31:57 +0000,1483
packages/application/reputation/get-reputation-summary.ts,executable,bf614ed4,docs: DEC-33 — إعادةُ جولةِ تحقُّقٍ (فشلُ متصفّحٍ عابرٌ),2026-10-01 14:31:57 +0000,1454
packages/application/reputation/index.ts,executable,bf614ed4,docs: DEC-33 — إعادةُ جولةِ تحقُّقٍ (فشلُ متصفّحٍ عابرٌ),2026-10-01 14:31:57 +0000,582
packages/application/reputation/rate-driver.ts,executable,bf614ed4,docs: DEC-33 — إعادةُ جولةِ تحقُّقٍ (فشلُ متصفّحٍ عابرٌ),2026-10-01 14:31:57 +0000,2192
packages/application/reputation/rate-rider.ts,executable,bf614ed4,docs: DEC-33 — إعادةُ جولةِ تحقُّقٍ (فشلُ متصفّحٍ عابرٌ),2026-10-01 14:31:57 +0000,818
packages/application/reputation/recompute-average-rating.ts,executable,bf614ed4,docs: DEC-33 — إعادةُ جولةِ تحقُّقٍ (فشلُ متصفّحٍ عابرٌ),2026-10-01 14:31:57 +0000,1325
packages/application/reputation/ride-lifecycle.ts,executable,bf614ed4,docs: DEC-33 — إعادةُ جولةِ تحقُّقٍ (فشلُ متصفّحٍ عابرٌ),2026-10-01 14:31:57 +0000,3688
packages/application/safety/deliver-safety-incident.ts,executable,bf614ed4,docs: DEC-33 — إعادةُ جولةِ تحقُّقٍ (فشلُ متصفّحٍ عابرٌ),2026-10-01 14:31:57 +0000,4202
packages/application/safety/deliver-safety-resolution.ts,executable,bf614ed4,docs: DEC-33 — إعادةُ جولةِ تحقُّقٍ (فشلُ متصفّحٍ عابرٌ),2026-10-01 14:31:57 +0000,3321
packages/application/safety/driver-cannot-complete.ts,executable,bf614ed4,docs: DEC-33 — إعادةُ جولةِ تحقُّقٍ (فشلُ متصفّحٍ عابرٌ),2026-10-01 14:31:57 +0000,6709
packages/application/safety/emergency-contact.ts,executable,9f6b3875,feat: DEC-41 GET/PUT /v1/me/emergency-contact — emergency contact CRUD (#373),2026-10-02 11:41:15 +0300,3855
packages/application/safety/index.ts,executable,bf614ed4,docs: DEC-33 — إعادةُ جولةِ تحقُّقٍ (فشلُ متصفّحٍ عابرٌ),2026-10-01 14:31:57 +0000,664
packages/application/safety/notification-prefs.ts,executable,2c589da0,feat: DEC-42 notification preferences + DEC-41 emergency contact (#374),2026-10-02 12:08:22 +0300,3546
packages/application/safety/ports.ts,executable,2c589da0,feat: DEC-42 notification preferences + DEC-41 emergency contact (#374),2026-10-02 12:08:22 +0300,5993
packages/application/safety/resolve-safety-incident.ts,executable,bf614ed4,docs: DEC-33 — إعادةُ جولةِ تحقُّقٍ (فشلُ متصفّحٍ عابرٌ),2026-10-01 14:31:57 +0000,2622
packages/application/safety/sos-surface-ports.ts,executable,bf614ed4,docs: DEC-33 — إعادةُ جولةِ تحقُّقٍ (فشلُ متصفّحٍ عابرٌ),2026-10-01 14:31:57 +0000,2938
packages/application/safety/sos-surface.ts,executable,bf614ed4,docs: DEC-33 — إعادةُ جولةِ تحقُّقٍ (فشلُ متصفّحٍ عابرٌ),2026-10-01 14:31:57 +0000,10390
packages/application/safety/trigger-sos.ts,executable,bf614ed4,docs: DEC-33 — إعادةُ جولةِ تحقُّقٍ (فشلُ متصفّحٍ عابرٌ),2026-10-01 14:31:57 +0000,3910
packages/application/scheduling/cancel-scheduled-order.ts,executable,bf614ed4,docs: DEC-33 — إعادةُ جولةِ تحقُّقٍ (فشلُ متصفّحٍ عابرٌ),2026-10-01 14:31:57 +0000,696
packages/application/scheduling/deactivate-stale-availability.ts,executable,bf614ed4,docs: DEC-33 — إعادةُ جولةِ تحقُّقٍ (فشلُ متصفّحٍ عابرٌ),2026-10-01 14:31:57 +0000,2784
packages/application/scheduling/distributed-lock.ts,executable,bf614ed4,docs: DEC-33 — إعادةُ جولةِ تحقُّقٍ (فشلُ متصفّحٍ عابرٌ),2026-10-01 14:31:57 +0000,2312
packages/application/scheduling/index.ts,executable,bf614ed4,docs: DEC-33 — إعادةُ جولةِ تحقُّقٍ (فشلُ متصفّحٍ عابرٌ),2026-10-01 14:31:57 +0000,371
packages/application/scheduling/job-heartbeat.ts,executable,bf614ed4,docs: DEC-33 — إعادةُ جولةِ تحقُّقٍ (فشلُ متصفّحٍ عابرٌ),2026-10-01 14:31:57 +0000,9282
packages/application/scheduling/list-scheduled-orders.ts,executable,bf614ed4,docs: DEC-33 — إعادةُ جولةِ تحقُّقٍ (فشلُ متصفّحٍ عابرٌ),2026-10-01 14:31:57 +0000,693
packages/application/scheduling/materialize-recurring-order.ts,executable,bf614ed4,docs: DEC-33 — إعادةُ جولةِ تحقُّقٍ (فشلُ متصفّحٍ عابرٌ),2026-10-01 14:31:57 +0000,711
packages/application/scheduling/queue-backpressure.ts,executable,bf614ed4,docs: DEC-33 — إعادةُ جولةِ تحقُّقٍ (فشلُ متصفّحٍ عابرٌ),2026-10-01 14:31:57 +0000,13015
packages/application/scheduling/schedule-order.ts,executable,bf614ed4,docs: DEC-33 — إعادةُ جولةِ تحقُّقٍ (فشلُ متصفّحٍ عابرٌ),2026-10-01 14:31:57 +0000,673
packages/application/subscription/cancel-subscription.ts,executable,bf614ed4,docs: DEC-33 — إعادةُ جولةِ تحقُّقٍ (فشلُ متصفّحٍ عابرٌ),2026-10-01 14:31:57 +0000,5520
packages/application/subscription/check-subscription-status.ts,executable,bf614ed4,docs: DEC-33 — إعادةُ جولةِ تحقُّقٍ (فشلُ متصفّحٍ عابرٌ),2026-10-01 14:31:57 +0000,1392
packages/application/subscription/deliver-notices.ts,executable,bf614ed4,docs: DEC-33 — إعادةُ جولةِ تحقُّقٍ (فشلُ متصفّحٍ عابرٌ),2026-10-01 14:31:57 +0000,5410
packages/application/subscription/expire-subscriptions.ts,executable,bf614ed4,docs: DEC-33 — إعادةُ جولةِ تحقُّقٍ (فشلُ متصفّحٍ عابرٌ),2026-10-01 14:31:57 +0000,7197
packages/application/subscription/index.ts,executable,bf614ed4,docs: DEC-33 — إعادةُ جولةِ تحقُّقٍ (فشلُ متصفّحٍ عابرٌ),2026-10-01 14:31:57 +0000,2303
packages/application/subscription/notice-ports.ts,executable,bf614ed4,docs: DEC-33 — إعادةُ جولةِ تحقُّقٍ (فشلُ متصفّحٍ عابرٌ),2026-10-01 14:31:57 +0000,2645
packages/application/subscription/ports.ts,executable,bf614ed4,docs: DEC-33 — إعادةُ جولةِ تحقُّقٍ (فشلُ متصفّحٍ عابرٌ),2026-10-01 14:31:57 +0000,4762
packages/application/subscription/renew-subscription.ts,executable,bf614ed4,docs: DEC-33 — إعادةُ جولةِ تحقُّقٍ (فشلُ متصفّحٍ عابرٌ),2026-10-01 14:31:57 +0000,1462
packages/application/subscription/start-trial.ts,executable,bf614ed4,docs: DEC-33 — إعادةُ جولةِ تحقُّقٍ (فشلُ متصفّحٍ عابرٌ),2026-10-01 14:31:57 +0000,1434
packages/application/subscription/subscribe-plan.ts,executable,bf614ed4,docs: DEC-33 — إعادةُ جولةِ تحقُّقٍ (فشلُ متصفّحٍ عابرٌ),2026-10-01 14:31:57 +0000,1299
packages/application/subscription/upgrade-plan.ts,executable,bf614ed4,docs: DEC-33 — إعادةُ جولةِ تحقُّقٍ (فشلُ متصفّحٍ عابرٌ),2026-10-01 14:31:57 +0000,9791
packages/application/support/driver-support.ts,executable,bf614ed4,docs: DEC-33 — إعادةُ جولةِ تحقُّقٍ (فشلُ متصفّحٍ عابرٌ),2026-10-01 14:31:57 +0000,3676
packages/application/support/intake.ts,executable,bf614ed4,docs: DEC-33 — إعادةُ جولةِ تحقُّقٍ (فشلُ متصفّحٍ عابرٌ),2026-10-01 14:31:57 +0000,11552
packages/application/support/ports.ts,executable,bf614ed4,docs: DEC-33 — إعادةُ جولةِ تحقُّقٍ (فشلُ متصفّحٍ عابرٌ),2026-10-01 14:31:57 +0000,5246
packages/application/support/rider-support.ts,executable,bf614ed4,docs: DEC-33 — إعادةُ جولةِ تحقُّقٍ (فشلُ متصفّحٍ عابرٌ),2026-10-01 14:31:57 +0000,6494
packages/application/tenancy/assign-user-to-tenant.ts,executable,bf614ed4,docs: DEC-33 — إعادةُ جولةِ تحقُّقٍ (فشلُ متصفّحٍ عابرٌ),2026-10-01 14:31:57 +0000,725
packages/application/tenancy/create-tenant.ts,executable,bf614ed4,docs: DEC-33 — إعادةُ جولةِ تحقُّقٍ (فشلُ متصفّحٍ عابرٌ),2026-10-01 14:31:57 +0000,703
packages/application/tenancy/get-tenant-context.ts,executable,bf614ed4,docs: DEC-33 — إعادةُ جولةِ تحقُّقٍ (فشلُ متصفّحٍ عابرٌ),2026-10-01 14:31:57 +0000,717
packages/application/tenancy/index.ts,executable,bf614ed4,docs: DEC-33 — إعادةُ جولةِ تحقُّقٍ (فشلُ متصفّحٍ عابرٌ),2026-10-01 14:31:57 +0000,380
packages/application/tenancy/suspend-tenant.ts,executable,bf614ed4,docs: DEC-33 — إعادةُ جولةِ تحقُّقٍ (فشلُ متصفّحٍ عابرٌ),2026-10-01 14:31:57 +0000,706
packages/application/tracking/cached-routing-provider.ts,executable,bf614ed4,docs: DEC-33 — إعادةُ جولةِ تحقُّقٍ (فشلُ متصفّحٍ عابرٌ),2026-10-01 14:31:57 +0000,5369
packages/application/tracking/ceiling-exceeded-ports.ts,executable,bf614ed4,docs: DEC-33 — إعادةُ جولةِ تحقُّقٍ (فشلُ متصفّحٍ عابرٌ),2026-10-01 14:31:57 +0000,1905
packages/application/tracking/customer-live-relay.ts,executable,bf614ed4,docs: DEC-33 — إعادةُ جولةِ تحقُّقٍ (فشلُ متصفّحٍ عابرٌ),2026-10-01 14:31:57 +0000,20993
packages/application/tracking/driver-trip-card.ts,executable,bf614ed4,docs: DEC-33 — إعادةُ جولةِ تحقُّقٍ (فشلُ متصفّحٍ عابرٌ),2026-10-01 14:31:57 +0000,5818
packages/application/tracking/estimate-arrival.ts,executable,bf614ed4,docs: DEC-33 — إعادةُ جولةِ تحقُّقٍ (فشلُ متصفّحٍ عابرٌ),2026-10-01 14:31:57 +0000,7785
packages/application/tracking/get-live-position.ts,executable,bf614ed4,docs: DEC-33 — إعادةُ جولةِ تحقُّقٍ (فشلُ متصفّحٍ عابرٌ),2026-10-01 14:31:57 +0000,3293
packages/application/tracking/in-memory-live-broadcast-store.ts,executable,bf614ed4,docs: DEC-33 — إعادةُ جولةِ تحقُّقٍ (فشلُ متصفّحٍ عابرٌ),2026-10-01 14:31:57 +0000,1705
packages/application/tracking/issue-tracking-token.ts,executable,bf614ed4,docs: DEC-33 — إعادةُ جولةِ تحقُّقٍ (فشلُ متصفّحٍ عابرٌ),2026-10-01 14:31:57 +0000,4566
packages/application/tracking/live-broadcast-store.ts,executable,bf614ed4,docs: DEC-33 — إعادةُ جولةِ تحقُّقٍ (فشلُ متصفّحٍ عابرٌ),2026-10-01 14:31:57 +0000,4325
packages/application/tracking/live-tracking.ts,executable,bf614ed4,docs: DEC-33 — إعادةُ جولةِ تحقُّقٍ (فشلُ متصفّحٍ عابرٌ),2026-10-01 14:31:57 +0000,22306
packages/application/tracking/revoke-tracking-token.ts,executable,bf614ed4,docs: DEC-33 — إعادةُ جولةِ تحقُّقٍ (فشلُ متصفّحٍ عابرٌ),2026-10-01 14:31:57 +0000,4010
packages/application/tracking/route-cache.ts,executable,bf614ed4,docs: DEC-33 — إعادةُ جولةِ تحقُّقٍ (فشلُ متصفّحٍ عابرٌ),2026-10-01 14:31:57 +0000,6270
packages/application/tracking/stalled-order-ports.ts,executable,bf614ed4,docs: DEC-33 — إعادةُ جولةِ تحقُّقٍ (فشلُ متصفّحٍ عابرٌ),2026-10-01 14:31:57 +0000,3085
packages/application/tracking/tracking-token-ports.ts,executable,bf614ed4,docs: DEC-33 — إعادةُ جولةِ تحقُّقٍ (فشلُ متصفّحٍ عابرٌ),2026-10-01 14:31:57 +0000,6488
packages/application/transport/active-ride-ports.ts,executable,bf614ed4,docs: DEC-33 — إعادةُ جولةِ تحقُّقٍ (فشلُ متصفّحٍ عابرٌ),2026-10-01 14:31:57 +0000,5126
packages/application/transport/cancel-ride-request.ts,executable,bf614ed4,docs: DEC-33 — إعادةُ جولةِ تحقُّقٍ (فشلُ متصفّحٍ عابرٌ),2026-10-01 14:31:57 +0000,5038
packages/application/transport/cancel-ride.ts,executable,bf614ed4,docs: DEC-33 — إعادةُ جولةِ تحقُّقٍ (فشلُ متصفّحٍ عابرٌ),2026-10-01 14:31:57 +0000,1045
packages/application/transport/complete-ride.ts,executable,bf614ed4,docs: DEC-33 — إعادةُ جولةِ تحقُّقٍ (فشلُ متصفّحٍ عابرٌ),2026-10-01 14:31:57 +0000,1051
packages/application/transport/estimate-ride-fare.ts,executable,bf614ed4,docs: DEC-33 — إعادةُ جولةِ تحقُّقٍ (فشلُ متصفّحٍ عابرٌ),2026-10-01 14:31:57 +0000,1065
packages/application/transport/get-ride-status.ts,executable,bf614ed4,docs: DEC-33 — إعادةُ جولةِ تحقُّقٍ (فشلُ متصفّحٍ عابرٌ),2026-10-01 14:31:57 +0000,1056
packages/application/transport/index.ts,executable,bf614ed4,docs: DEC-33 — إعادةُ جولةِ تحقُّقٍ (فشلُ متصفّحٍ عابرٌ),2026-10-01 14:31:57 +0000,762
packages/application/transport/list-driver-rides.ts,executable,bf614ed4,docs: DEC-33 — إعادةُ جولةِ تحقُّقٍ (فشلُ متصفّحٍ عابرٌ),2026-10-01 14:31:57 +0000,1062
packages/application/transport/list-rider-rides.ts,executable,bf614ed4,docs: DEC-33 — إعادةُ جولةِ تحقُّقٍ (فشلُ متصفّحٍ عابرٌ),2026-10-01 14:31:57 +0000,1059
packages/application/transport/read-active-ride.ts,executable,bf614ed4,docs: DEC-33 — إعادةُ جولةِ تحقُّقٍ (فشلُ متصفّحٍ عابرٌ),2026-10-01 14:31:57 +0000,7533
packages/application/transport/read-ride-detail.ts,executable,bf614ed4,docs: DEC-33 — إعادةُ جولةِ تحقُّقٍ (فشلُ متصفّحٍ عابرٌ),2026-10-01 14:31:57 +0000,4506
packages/application/transport/read-ride-history.ts,executable,bf614ed4,docs: DEC-33 — إعادةُ جولةِ تحقُّقٍ (فشلُ متصفّحٍ عابرٌ),2026-10-01 14:31:57 +0000,5439
packages/application/transport/read-ride-search.ts,executable,bf614ed4,docs: DEC-33 — إعادةُ جولةِ تحقُّقٍ (فشلُ متصفّحٍ عابرٌ),2026-10-01 14:31:57 +0000,5329
packages/application/transport/read-ride-summary.ts,executable,bf614ed4,docs: DEC-33 — إعادةُ جولةِ تحقُّقٍ (فشلُ متصفّحٍ عابرٌ),2026-10-01 14:31:57 +0000,9872
packages/application/transport/request-ride.ts,executable,bf614ed4,docs: DEC-33 — إعادةُ جولةِ تحقُّقٍ (فشلُ متصفّحٍ عابرٌ),2026-10-01 14:31:57 +0000,8106
packages/application/transport/ride-history-ports.ts,executable,bf614ed4,docs: DEC-33 — إعادةُ جولةِ تحقُّقٍ (فشلُ متصفّحٍ عابرٌ),2026-10-01 14:31:57 +0000,6411
packages/application/transport/ride-request-ports.ts,executable,bf614ed4,docs: DEC-33 — إعادةُ جولةِ تحقُّقٍ (فشلُ متصفّحٍ عابرٌ),2026-10-01 14:31:57 +0000,7961
packages/application/transport/ride-share-ports.ts,executable,bf614ed4,docs: DEC-33 — إعادةُ جولةِ تحقُّقٍ (فشلُ متصفّحٍ عابرٌ),2026-10-01 14:31:57 +0000,2782
packages/application/transport/ride-share.ts,executable,bf614ed4,docs: DEC-33 — إعادةُ جولةِ تحقُّقٍ (فشلُ متصفّحٍ عابرٌ),2026-10-01 14:31:57 +0000,10375
packages/application/transport/ride-summary-ports.ts,executable,bf614ed4,docs: DEC-33 — إعادةُ جولةِ تحقُّقٍ (فشلُ متصفّحٍ عابرٌ),2026-10-01 14:31:57 +0000,10639
packages/application/transport/start-ride.ts,executable,bf614ed4,docs: DEC-33 — إعادةُ جولةِ تحقُّقٍ (فشلُ متصفّحٍ عابرٌ),2026-10-01 14:31:57 +0000,1042
packages/application/transport/submit-ride-rating.ts,executable,bf614ed4,docs: DEC-33 — إعادةُ جولةِ تحقُّقٍ (فشلُ متصفّحٍ عابرٌ),2026-10-01 14:31:57 +0000,6224
packages/application/wasla/fulfillment-lifecycle.ts,executable,bf614ed4,docs: DEC-33 — إعادةُ جولةِ تحقُّقٍ (فشلُ متصفّحٍ عابرٌ),2026-10-01 14:31:57 +0000,14417
packages/application/wasla/ship-due-move-events.ts,executable,bf614ed4,docs: DEC-33 — إعادةُ جولةِ تحقُّقٍ (فشلُ متصفّحٍ عابرٌ),2026-10-01 14:31:57 +0000,4652
packages/application/workflow/abort-workflow-instance.ts,executable,bf614ed4,docs: DEC-33 — إعادةُ جولةِ تحقُّقٍ (فشلُ متصفّحٍ عابرٌ),2026-10-01 14:31:57 +0000,719
packages/application/workflow/advance-workflow-step.ts,executable,bf614ed4,docs: DEC-33 — إعادةُ جولةِ تحقُّقٍ (فشلُ متصفّحٍ عابرٌ),2026-10-01 14:31:57 +0000,713
packages/application/workflow/define-workflow.ts,executable,bf614ed4,docs: DEC-33 — إعادةُ جولةِ تحقُّقٍ (فشلُ متصفّحٍ عابرٌ),2026-10-01 14:31:57 +0000,696
packages/application/workflow/index.ts,executable,bf614ed4,docs: DEC-33 — إعادةُ جولةِ تحقُّقٍ (فشلُ متصفّحٍ عابرٌ),2026-10-01 14:31:57 +0000,367
packages/application/workflow/start-workflow-instance.ts,executable,bf614ed4,docs: DEC-33 — إعادةُ جولةِ تحقُّقٍ (فشلُ متصفّحٍ عابرٌ),2026-10-01 14:31:57 +0000,719
packages/domain/admin/metric-snapshot.ts,executable,bf614ed4,docs: DEC-33 — إعادةُ جولةِ تحقُّقٍ (فشلُ متصفّحٍ عابرٌ),2026-10-01 14:31:57 +0000,14348
packages/domain/analytics/entity.ts,executable,bf614ed4,docs: DEC-33 — إعادةُ جولةِ تحقُّقٍ (فشلُ متصفّحٍ عابرٌ),2026-10-01 14:31:57 +0000,480
packages/domain/analytics/errors.ts,executable,bf614ed4,docs: DEC-33 — إعادةُ جولةِ تحقُّقٍ (فشلُ متصفّحٍ عابرٌ),2026-10-01 14:31:57 +0000,510
packages/domain/analytics/events.ts,executable,bf614ed4,docs: DEC-33 — إعادةُ جولةِ تحقُّقٍ (فشلُ متصفّحٍ عابرٌ),2026-10-01 14:31:57 +0000,472
packages/domain/analytics/index.ts,executable,bf614ed4,docs: DEC-33 — إعادةُ جولةِ تحقُّقٍ (فشلُ متصفّحٍ عابرٌ),2026-10-01 14:31:57 +0000,463
packages/domain/analytics/value-objects.ts,executable,bf614ed4,docs: DEC-33 — إعادةُ جولةِ تحقُّقٍ (فشلُ متصفّحٍ عابرٌ),2026-10-01 14:31:57 +0000,483
packages/domain/audit/entity.ts,executable,bf614ed4,docs: DEC-33 — إعادةُ جولةِ تحقُّقٍ (فشلُ متصفّحٍ عابرٌ),2026-10-01 14:31:57 +0000,528
packages/domain/audit/errors.ts,executable,bf614ed4,docs: DEC-33 — إعادةُ جولةِ تحقُّقٍ (فشلُ متصفّحٍ عابرٌ),2026-10-01 14:31:57 +0000,558
packages/domain/audit/events.ts,executable,bf614ed4,docs: DEC-33 — إعادةُ جولةِ تحقُّقٍ (فشلُ متصفّحٍ عابرٌ),2026-10-01 14:31:57 +0000,520
packages/domain/audit/index.ts,executable,bf614ed4,docs: DEC-33 — إعادةُ جولةِ تحقُّقٍ (فشلُ متصفّحٍ عابرٌ),2026-10-01 14:31:57 +0000,511
packages/domain/audit/value-objects.ts,executable,bf614ed4,docs: DEC-33 — إعادةُ جولةِ تحقُّقٍ (فشلُ متصفّحٍ عابرٌ),2026-10-01 14:31:57 +0000,531
packages/domain/capability/entity.ts,executable,bf614ed4,docs: DEC-33 — إعادةُ جولةِ تحقُّقٍ (فشلُ متصفّحٍ عابرٌ),2026-10-01 14:31:57 +0000,1348
packages/domain/capability/errors.ts,executable,bf614ed4,docs: DEC-33 — إعادةُ جولةِ تحقُّقٍ (فشلُ متصفّحٍ عابرٌ),2026-10-01 14:31:57 +0000,612
packages/domain/capability/events.ts,executable,bf614ed4,docs: DEC-33 — إعادةُ جولةِ تحقُّقٍ (فشلُ متصفّحٍ عابرٌ),2026-10-01 14:31:57 +0000,574
packages/domain/capability/index.ts,executable,bf614ed4,docs: DEC-33 — إعادةُ جولةِ تحقُّقٍ (فشلُ متصفّحٍ عابرٌ),2026-10-01 14:31:57 +0000,642
packages/domain/capability/value-objects.ts,executable,bf614ed4,docs: DEC-33 — إعادةُ جولةِ تحقُّقٍ (فشلُ متصفّحٍ عابرٌ),2026-10-01 14:31:57 +0000,585
packages/domain/consent/consent-decision.ts,executable,bf614ed4,docs: DEC-33 — إعادةُ جولةِ تحقُّقٍ (فشلُ متصفّحٍ عابرٌ),2026-10-01 14:31:57 +0000,7033
packages/domain/consent/consent-documents.ts,executable,bf614ed4,docs: DEC-33 — إعادةُ جولةِ تحقُّقٍ (فشلُ متصفّحٍ عابرٌ),2026-10-01 14:31:57 +0000,5493
packages/domain/delivery/entity.ts,executable,bf614ed4,docs: DEC-33 — إعادةُ جولةِ تحقُّقٍ (فشلُ متصفّحٍ عابرٌ),2026-10-01 14:31:57 +0000,2973
packages/domain/delivery/errors.ts,executable,bf614ed4,docs: DEC-33 — إعادةُ جولةِ تحقُّقٍ (فشلُ متصفّحٍ عابرٌ),2026-10-01 14:31:57 +0000,1779
packages/domain/delivery/events.ts,executable,bf614ed4,docs: DEC-33 — إعادةُ جولةِ تحقُّقٍ (فشلُ متصفّحٍ عابرٌ),2026-10-01 14:31:57 +0000,1024
packages/domain/delivery/index.ts,executable,bf614ed4,docs: DEC-33 — إعادةُ جولةِ تحقُّقٍ (فشلُ متصفّحٍ عابرٌ),2026-10-01 14:31:57 +0000,867
packages/domain/delivery/value-objects.ts,executable,bf614ed4,docs: DEC-33 — إعادةُ جولةِ تحقُّقٍ (فشلُ متصفّحٍ عابرٌ),2026-10-01 14:31:57 +0000,1921
packages/domain/destinations/landmark-kinds.ts,executable,bf614ed4,docs: DEC-33 — إعادةُ جولةِ تحقُّقٍ (فشلُ متصفّحٍ عابرٌ),2026-10-01 14:31:57 +0000,7871
packages/domain/destinations/search-text.ts,executable,bf614ed4,docs: DEC-33 — إعادةُ جولةِ تحقُّقٍ (فشلُ متصفّحٍ عابرٌ),2026-10-01 14:31:57 +0000,10697
packages/domain/dispatch/entity.ts,executable,bf614ed4,docs: DEC-33 — إعادةُ جولةِ تحقُّقٍ (فشلُ متصفّحٍ عابرٌ),2026-10-01 14:31:57 +0000,18380
packages/domain/dispatch/errors.ts,executable,bf614ed4,docs: DEC-33 — إعادةُ جولةِ تحقُّقٍ (فشلُ متصفّحٍ عابرٌ),2026-10-01 14:31:57 +0000,587
packages/domain/dispatch/events.ts,executable,bf614ed4,docs: DEC-33 — إعادةُ جولةِ تحقُّقٍ (فشلُ متصفّحٍ عابرٌ),2026-10-01 14:31:57 +0000,549
packages/domain/dispatch/index.ts,executable,bf614ed4,docs: DEC-33 — إعادةُ جولةِ تحقُّقٍ (فشلُ متصفّحٍ عابرٌ),2026-10-01 14:31:57 +0000,639
packages/domain/dispatch/negotiation.ts,executable,bf614ed4,docs: DEC-33 — إعادةُ جولةِ تحقُّقٍ (فشلُ متصفّحٍ عابرٌ),2026-10-01 14:31:57 +0000,10023
packages/domain/dispatch/value-objects.ts,executable,bf614ed4,docs: DEC-33 — إعادةُ جولةِ تحقُّقٍ (فشلُ متصفّحٍ عابرٌ),2026-10-01 14:31:57 +0000,4502
packages/domain/dispute/entity.ts,executable,bf614ed4,docs: DEC-33 — إعادةُ جولةِ تحقُّقٍ (فشلُ متصفّحٍ عابرٌ),2026-10-01 14:31:57 +0000,5574
packages/domain/dispute/errors.ts,executable,bf614ed4,docs: DEC-33 — إعادةُ جولةِ تحقُّقٍ (فشلُ متصفّحٍ عابرٌ),2026-10-01 14:31:57 +0000,1622
packages/domain/dispute/events.ts,executable,bf614ed4,docs: DEC-33 — إعادةُ جولةِ تحقُّقٍ (فشلُ متصفّحٍ عابرٌ),2026-10-01 14:31:57 +0000,1120
packages/domain/dispute/index.ts,executable,bf614ed4,docs: DEC-33 — إعادةُ جولةِ تحقُّقٍ (فشلُ متصفّحٍ عابرٌ),2026-10-01 14:31:57 +0000,494
packages/domain/dispute/value-objects.ts,executable,bf614ed4,docs: DEC-33 — إعادةُ جولةِ تحقُّقٍ (فشلُ متصفّحٍ عابرٌ),2026-10-01 14:31:57 +0000,4989
packages/domain/documents/entity.ts,executable,bf614ed4,docs: DEC-33 — إعادةُ جولةِ تحقُّقٍ (فشلُ متصفّحٍ عابرٌ),2026-10-01 14:31:57 +0000,517
packages/domain/documents/errors.ts,executable,bf614ed4,docs: DEC-33 — إعادةُ جولةِ تحقُّقٍ (فشلُ متصفّحٍ عابرٌ),2026-10-01 14:31:57 +0000,547
packages/domain/documents/events.ts,executable,bf614ed4,docs: DEC-33 — إعادةُ جولةِ تحقُّقٍ (فشلُ متصفّحٍ عابرٌ),2026-10-01 14:31:57 +0000,509
packages/domain/documents/index.ts,executable,bf614ed4,docs: DEC-33 — إعادةُ جولةِ تحقُّقٍ (فشلُ متصفّحٍ عابرٌ),2026-10-01 14:31:57 +0000,500
packages/domain/documents/value-objects.ts,executable,bf614ed4,docs: DEC-33 — إعادةُ جولةِ تحقُّقٍ (فشلُ متصفّحٍ عابرٌ),2026-10-01 14:31:57 +0000,520
packages/domain/driver/activity.ts,executable,bf614ed4,docs: DEC-33 — إعادةُ جولةِ تحقُّقٍ (فشلُ متصفّحٍ عابرٌ),2026-10-01 14:31:57 +0000,12744
packages/domain/driver/driver-documents.ts,executable,bf614ed4,docs: DEC-33 — إعادةُ جولةِ تحقُّقٍ (فشلُ متصفّحٍ عابرٌ),2026-10-01 14:31:57 +0000,9476
packages/domain/driver/driver-job.ts,executable,bf614ed4,docs: DEC-33 — إعادةُ جولةِ تحقُّقٍ (فشلُ متصفّحٍ عابرٌ),2026-10-01 14:31:57 +0000,8602
packages/domain/driver/driver-offers.ts,executable,bf614ed4,docs: DEC-33 — إعادةُ جولةِ تحقُّقٍ (فشلُ متصفّحٍ عابرٌ),2026-10-01 14:31:57 +0000,8492
packages/domain/driver/driver-subscription.ts,executable,bf614ed4,docs: DEC-33 — إعادةُ جولةِ تحقُّقٍ (فشلُ متصفّحٍ عابرٌ),2026-10-01 14:31:57 +0000,5779
packages/domain/driver/driver-vehicle.ts,executable,bf614ed4,docs: DEC-33 — إعادةُ جولةِ تحقُّقٍ (فشلُ متصفّحٍ عابرٌ),2026-10-01 14:31:57 +0000,4300
packages/domain/driver/location-broadcast.ts,executable,bf614ed4,docs: DEC-33 — إعادةُ جولةِ تحقُّقٍ (فشلُ متصفّحٍ عابرٌ),2026-10-01 14:31:57 +0000,8375
packages/domain/driver/subscription-invoice.ts,executable,bf614ed4,docs: DEC-33 — إعادةُ جولةِ تحقُّقٍ (فشلُ متصفّحٍ عابرٌ),2026-10-01 14:31:57 +0000,4974
packages/domain/enterprise-integration/entity.ts,executable,bf614ed4,docs: DEC-33 — إعادةُ جولةِ تحقُّقٍ (فشلُ متصفّحٍ عابرٌ),2026-10-01 14:31:57 +0000,553
packages/domain/enterprise-integration/errors.ts,executable,bf614ed4,docs: DEC-33 — إعادةُ جولةِ تحقُّقٍ (فشلُ متصفّحٍ عابرٌ),2026-10-01 14:31:57 +0000,583
packages/domain/enterprise-integration/events.ts,executable,bf614ed4,docs: DEC-33 — إعادةُ جولةِ تحقُّقٍ (فشلُ متصفّحٍ عابرٌ),2026-10-01 14:31:57 +0000,545
packages/domain/enterprise-integration/index.ts,executable,bf614ed4,docs: DEC-33 — إعادةُ جولةِ تحقُّقٍ (فشلُ متصفّحٍ عابرٌ),2026-10-01 14:31:57 +0000,536
packages/domain/enterprise-integration/value-objects.ts,executable,bf614ed4,docs: DEC-33 — إعادةُ جولةِ تحقُّقٍ (فشلُ متصفّحٍ عابرٌ),2026-10-01 14:31:57 +0000,556
packages/domain/eta/index.ts,executable,bf614ed4,docs: DEC-33 — إعادةُ جولةِ تحقُّقٍ (فشلُ متصفّحٍ عابرٌ),2026-10-01 14:31:57 +0000,10964
packages/domain/feature-flags/entity.ts,executable,bf614ed4,docs: DEC-33 — إعادةُ جولةِ تحقُّقٍ (فشلُ متصفّحٍ عابرٌ),2026-10-01 14:31:57 +0000,522
packages/domain/feature-flags/errors.ts,executable,bf614ed4,docs: DEC-33 — إعادةُ جولةِ تحقُّقٍ (فشلُ متصفّحٍ عابرٌ),2026-10-01 14:31:57 +0000,552
packages/domain/feature-flags/events.ts,executable,bf614ed4,docs: DEC-33 — إعادةُ جولةِ تحقُّقٍ (فشلُ متصفّحٍ عابرٌ),2026-10-01 14:31:57 +0000,514
packages/domain/feature-flags/index.ts,executable,bf614ed4,docs: DEC-33 — إعادةُ جولةِ تحقُّقٍ (فشلُ متصفّحٍ عابرٌ),2026-10-01 14:31:57 +0000,505
packages/domain/feature-flags/value-objects.ts,executable,bf614ed4,docs: DEC-33 — إعادةُ جولةِ تحقُّقٍ (فشلُ متصفّحٍ عابرٌ),2026-10-01 14:31:57 +0000,525
packages/domain/financial/entity.ts,executable,bf614ed4,docs: DEC-33 — إعادةُ جولةِ تحقُّقٍ (فشلُ متصفّحٍ عابرٌ),2026-10-01 14:31:57 +0000,4798
packages/domain/financial/errors.ts,executable,bf614ed4,docs: DEC-33 — إعادةُ جولةِ تحقُّقٍ (فشلُ متصفّحٍ عابرٌ),2026-10-01 14:31:57 +0000,596
packages/domain/financial/events.ts,executable,bf614ed4,docs: DEC-33 — إعادةُ جولةِ تحقُّقٍ (فشلُ متصفّحٍ عابرٌ),2026-10-01 14:31:57 +0000,558
packages/domain/financial/index.ts,executable,bf614ed4,docs: DEC-33 — إعادةُ جولةِ تحقُّقٍ (فشلُ متصفّحٍ عابرٌ),2026-10-01 14:31:57 +0000,511
packages/domain/financial/minor-units.ts,executable,bf614ed4,docs: DEC-33 — إعادةُ جولةِ تحقُّقٍ (فشلُ متصفّحٍ عابرٌ),2026-10-01 14:31:57 +0000,4277
packages/domain/financial/value-objects.ts,executable,bf614ed4,docs: DEC-33 — إعادةُ جولةِ تحقُّقٍ (فشلُ متصفّحٍ عابرٌ),2026-10-01 14:31:57 +0000,556
packages/domain/geo/entity.ts,executable,bf614ed4,docs: DEC-33 — إعادةُ جولةِ تحقُّقٍ (فشلُ متصفّحٍ عابرٌ),2026-10-01 14:31:57 +0000,1124
packages/domain/geo/errors.ts,executable,bf614ed4,docs: DEC-33 — إعادةُ جولةِ تحقُّقٍ (فشلُ متصفّحٍ عابرٌ),2026-10-01 14:31:57 +0000,1833
packages/domain/geo/events.ts,executable,bf614ed4,docs: DEC-33 — إعادةُ جولةِ تحقُّقٍ (فشلُ متصفّحٍ عابرٌ),2026-10-01 14:31:57 +0000,573
packages/domain/geo/gps-fix.ts,executable,bf614ed4,docs: DEC-33 — إعادةُ جولةِ تحقُّقٍ (فشلُ متصفّحٍ عابرٌ),2026-10-01 14:31:57 +0000,16103
packages/domain/geo/index.ts,executable,bf614ed4,docs: DEC-33 — إعادةُ جولةِ تحقُّقٍ (فشلُ متصفّحٍ عابرٌ),2026-10-01 14:31:57 +0000,2271
packages/domain/geo/travelled-distance.ts,executable,bf614ed4,docs: DEC-33 — إعادةُ جولةِ تحقُّقٍ (فشلُ متصفّحٍ عابرٌ),2026-10-01 14:31:57 +0000,12432
packages/domain/geo/value-objects.ts,executable,bf614ed4,docs: DEC-33 — إعادةُ جولةِ تحقُّقٍ (فشلُ متصفّحٍ عابرٌ),2026-10-01 14:31:57 +0000,2778
packages/domain/i18n-translation/entity.ts,executable,bf614ed4,docs: DEC-33 — إعادةُ جولةِ تحقُّقٍ (فشلُ متصفّحٍ عابرٌ),2026-10-01 14:31:57 +0000,4626
packages/domain/i18n-translation/errors.ts,executable,bf614ed4,docs: DEC-33 — إعادةُ جولةِ تحقُّقٍ (فشلُ متصفّحٍ عابرٌ),2026-10-01 14:31:57 +0000,1482
packages/domain/i18n-translation/events.ts,executable,bf614ed4,docs: DEC-33 — إعادةُ جولةِ تحقُّقٍ (فشلُ متصفّحٍ عابرٌ),2026-10-01 14:31:57 +0000,1318
packages/domain/i18n-translation/index.ts,executable,bf614ed4,docs: DEC-33 — إعادةُ جولةِ تحقُّقٍ (فشلُ متصفّحٍ عابرٌ),2026-10-01 14:31:57 +0000,503
packages/domain/i18n-translation/value-objects.ts,executable,bf614ed4,docs: DEC-33 — إعادةُ جولةِ تحقُّقٍ (فشلُ متصفّحٍ عابرٌ),2026-10-01 14:31:57 +0000,3077
packages/domain/identity/entity.ts,executable,bf614ed4,docs: DEC-33 — إعادةُ جولةِ تحقُّقٍ (فشلُ متصفّحٍ عابرٌ),2026-10-01 14:31:57 +0000,532
packages/domain/identity/errors.ts,executable,bf614ed4,docs: DEC-33 — إعادةُ جولةِ تحقُّقٍ (فشلُ متصفّحٍ عابرٌ),2026-10-01 14:31:57 +0000,562
packages/domain/identity/events.ts,executable,bf614ed4,docs: DEC-33 — إعادةُ جولةِ تحقُّقٍ (فشلُ متصفّحٍ عابرٌ),2026-10-01 14:31:57 +0000,524
packages/domain/identity/index.ts,executable,bf614ed4,docs: DEC-33 — إعادةُ جولةِ تحقُّقٍ (فشلُ متصفّحٍ عابرٌ),2026-10-01 14:31:57 +0000,515
packages/domain/identity/value-objects.ts,executable,bf614ed4,docs: DEC-33 — إعادةُ جولةِ تحقُّقٍ (فشلُ متصفّحٍ عابرٌ),2026-10-01 14:31:57 +0000,5129
packages/domain/kyc/entity.ts,executable,bf614ed4,docs: DEC-33 — إعادةُ جولةِ تحقُّقٍ (فشلُ متصفّحٍ عابرٌ),2026-10-01 14:31:57 +0000,2181
packages/domain/kyc/errors.ts,executable,bf614ed4,docs: DEC-33 — إعادةُ جولةِ تحقُّقٍ (فشلُ متصفّحٍ عابرٌ),2026-10-01 14:31:57 +0000,518
packages/domain/kyc/events.ts,executable,bf614ed4,docs: DEC-33 — إعادةُ جولةِ تحقُّقٍ (فشلُ متصفّحٍ عابرٌ),2026-10-01 14:31:57 +0000,480
packages/domain/kyc/index.ts,executable,bf614ed4,docs: DEC-33 — إعادةُ جولةِ تحقُّقٍ (فشلُ متصفّحٍ عابرٌ),2026-10-01 14:31:57 +0000,471
packages/domain/kyc/value-objects.ts,executable,bf614ed4,docs: DEC-33 — إعادةُ جولةِ تحقُّقٍ (فشلُ متصفّحٍ عابرٌ),2026-10-01 14:31:57 +0000,5239
packages/domain/marketplace/entity.ts,executable,bf614ed4,docs: DEC-33 — إعادةُ جولةِ تحقُّقٍ (فشلُ متصفّحٍ عابرٌ),2026-10-01 14:31:57 +0000,595
packages/domain/marketplace/errors.ts,executable,bf614ed4,docs: DEC-33 — إعادةُ جولةِ تحقُّقٍ (فشلُ متصفّحٍ عابرٌ),2026-10-01 14:31:57 +0000,625
packages/domain/marketplace/events.ts,executable,bf614ed4,docs: DEC-33 — إعادةُ جولةِ تحقُّقٍ (فشلُ متصفّحٍ عابرٌ),2026-10-01 14:31:57 +0000,587
packages/domain/marketplace/index.ts,executable,bf614ed4,docs: DEC-33 — إعادةُ جولةِ تحقُّقٍ (فشلُ متصفّحٍ عابرٌ),2026-10-01 14:31:57 +0000,578
packages/domain/marketplace/value-objects.ts,executable,bf614ed4,docs: DEC-33 — إعادةُ جولةِ تحقُّقٍ (فشلُ متصفّحٍ عابرٌ),2026-10-01 14:31:57 +0000,598
packages/domain/messaging/entity.ts,executable,bf614ed4,docs: DEC-33 — إعادةُ جولةِ تحقُّقٍ (فشلُ متصفّحٍ عابرٌ),2026-10-01 14:31:57 +0000,582
packages/domain/messaging/errors.ts,executable,bf614ed4,docs: DEC-33 — إعادةُ جولةِ تحقُّقٍ (فشلُ متصفّحٍ عابرٌ),2026-10-01 14:31:57 +0000,612
packages/domain/messaging/events.ts,executable,bf614ed4,docs: DEC-33 — إعادةُ جولةِ تحقُّقٍ (فشلُ متصفّحٍ عابرٌ),2026-10-01 14:31:57 +0000,574
packages/domain/messaging/index.ts,executable,bf614ed4,docs: DEC-33 — إعادةُ جولةِ تحقُّقٍ (فشلُ متصفّحٍ عابرٌ),2026-10-01 14:31:57 +0000,565
packages/domain/messaging/value-objects.ts,executable,bf614ed4,docs: DEC-33 — إعادةُ جولةِ تحقُّقٍ (فشلُ متصفّحٍ عابرٌ),2026-10-01 14:31:57 +0000,585
packages/domain/notification/entity.ts,executable,bf614ed4,docs: DEC-33 — إعادةُ جولةِ تحقُّقٍ (فشلُ متصفّحٍ عابرٌ),2026-10-01 14:31:57 +0000,531
packages/domain/notification/errors.ts,executable,bf614ed4,docs: DEC-33 — إعادةُ جولةِ تحقُّقٍ (فشلُ متصفّحٍ عابرٌ),2026-10-01 14:31:57 +0000,561
packages/domain/notification/events.ts,executable,bf614ed4,docs: DEC-33 — إعادةُ جولةِ تحقُّقٍ (فشلُ متصفّحٍ عابرٌ),2026-10-01 14:31:57 +0000,523
packages/domain/notification/index.ts,executable,bf614ed4,docs: DEC-33 — إعادةُ جولةِ تحقُّقٍ (فشلُ متصفّحٍ عابرٌ),2026-10-01 14:31:57 +0000,514
packages/domain/notification/value-objects.ts,executable,bf614ed4,docs: DEC-33 — إعادةُ جولةِ تحقُّقٍ (فشلُ متصفّحٍ عابرٌ),2026-10-01 14:31:57 +0000,534
packages/domain/places/place-kinds.ts,executable,bf614ed4,docs: DEC-33 — إعادةُ جولةِ تحقُّقٍ (فشلُ متصفّحٍ عابرٌ),2026-10-01 14:31:57 +0000,5205
packages/domain/policy/entity.ts,executable,bf614ed4,docs: DEC-33 — إعادةُ جولةِ تحقُّقٍ (فشلُ متصفّحٍ عابرٌ),2026-10-01 14:31:57 +0000,13007
packages/domain/policy/errors.ts,executable,bf614ed4,docs: DEC-33 — إعادةُ جولةِ تحقُّقٍ (فشلُ متصفّحٍ عابرٌ),2026-10-01 14:31:57 +0000,599
packages/domain/policy/events.ts,executable,bf614ed4,docs: DEC-33 — إعادةُ جولةِ تحقُّقٍ (فشلُ متصفّحٍ عابرٌ),2026-10-01 14:31:57 +0000,561
packages/domain/policy/index.ts,executable,bf614ed4,docs: DEC-33 — إعادةُ جولةِ تحقُّقٍ (فشلُ متصفّحٍ عابرٌ),2026-10-01 14:31:57 +0000,532
packages/domain/policy/value-objects.ts,executable,bf614ed4,docs: DEC-33 — إعادةُ جولةِ تحقُّقٍ (فشلُ متصفّحٍ عابرٌ),2026-10-01 14:31:57 +0000,572
packages/domain/privacy/breach-notification.ts,executable,bf614ed4,docs: DEC-33 — إعادةُ جولةِ تحقُّقٍ (فشلُ متصفّحٍ عابرٌ),2026-10-01 14:31:57 +0000,5124
packages/domain/privacy/data-rights.ts,executable,bf614ed4,docs: DEC-33 — إعادةُ جولةِ تحقُّقٍ (فشلُ متصفّحٍ عابرٌ),2026-10-01 14:31:57 +0000,12311
packages/domain/privacy/pdpl-compliance.ts,executable,bf614ed4,docs: DEC-33 — إعادةُ جولةِ تحقُّقٍ (فشلُ متصفّحٍ عابرٌ),2026-10-01 14:31:57 +0000,6836
packages/domain/privacy/zatca-phase2.ts,executable,bf614ed4,docs: DEC-33 — إعادةُ جولةِ تحقُّقٍ (فشلُ متصفّحٍ عابرٌ),2026-10-01 14:31:57 +0000,1977
packages/domain/quote/distance-kind.ts,executable,bf614ed4,docs: DEC-33 — إعادةُ جولةِ تحقُّقٍ (فشلُ متصفّحٍ عابرٌ),2026-10-01 14:31:57 +0000,6754
packages/domain/quote/service-offer.ts,executable,bf614ed4,docs: DEC-33 — إعادةُ جولةِ تحقُّقٍ (فشلُ متصفّحٍ عابرٌ),2026-10-01 14:31:57 +0000,5099
packages/domain/reputation/entity.ts,executable,bf614ed4,docs: DEC-33 — إعادةُ جولةِ تحقُّقٍ (فشلُ متصفّحٍ عابرٌ),2026-10-01 14:31:57 +0000,3002
packages/domain/reputation/errors.ts,executable,bf614ed4,docs: DEC-33 — إعادةُ جولةِ تحقُّقٍ (فشلُ متصفّحٍ عابرٌ),2026-10-01 14:31:57 +0000,1247
packages/domain/reputation/events.ts,executable,bf614ed4,docs: DEC-33 — إعادةُ جولةِ تحقُّقٍ (فشلُ متصفّحٍ عابرٌ),2026-10-01 14:31:57 +0000,811
packages/domain/reputation/index.ts,executable,bf614ed4,docs: DEC-33 — إعادةُ جولةِ تحقُّقٍ (فشلُ متصفّحٍ عابرٌ),2026-10-01 14:31:57 +0000,534
packages/domain/reputation/value-objects.ts,executable,bf614ed4,docs: DEC-33 — إعادةُ جولةِ تحقُّقٍ (فشلُ متصفّحٍ عابرٌ),2026-10-01 14:31:57 +0000,3124
packages/domain/safety/entity.ts,executable,bf614ed4,docs: DEC-33 — إعادةُ جولةِ تحقُّقٍ (فشلُ متصفّحٍ عابرٌ),2026-10-01 14:31:57 +0000,775
packages/domain/safety/errors.ts,executable,bf614ed4,docs: DEC-33 — إعادةُ جولةِ تحقُّقٍ (فشلُ متصفّحٍ عابرٌ),2026-10-01 14:31:57 +0000,877
packages/domain/safety/events.ts,executable,bf614ed4,docs: DEC-33 — إعادةُ جولةِ تحقُّقٍ (فشلُ متصفّحٍ عابرٌ),2026-10-01 14:31:57 +0000,711
packages/domain/safety/index.ts,executable,bf614ed4,docs: DEC-33 — إعادةُ جولةِ تحقُّقٍ (فشلُ متصفّحٍ عابرٌ),2026-10-01 14:31:57 +0000,605
packages/domain/safety/sos-surface.ts,executable,bf614ed4,docs: DEC-33 — إعادةُ جولةِ تحقُّقٍ (فشلُ متصفّحٍ عابرٌ),2026-10-01 14:31:57 +0000,14761
packages/domain/safety/value-objects.ts,executable,bf614ed4,docs: DEC-33 — إعادةُ جولةِ تحقُّقٍ (فشلُ متصفّحٍ عابرٌ),2026-10-01 14:31:57 +0000,2012
packages/domain/scheduling/entity.ts,executable,bf614ed4,docs: DEC-33 — إعادةُ جولةِ تحقُّقٍ (فشلُ متصفّحٍ عابرٌ),2026-10-01 14:31:57 +0000,493
packages/domain/scheduling/errors.ts,executable,bf614ed4,docs: DEC-33 — إعادةُ جولةِ تحقُّقٍ (فشلُ متصفّحٍ عابرٌ),2026-10-01 14:31:57 +0000,523
packages/domain/scheduling/events.ts,executable,bf614ed4,docs: DEC-33 — إعادةُ جولةِ تحقُّقٍ (فشلُ متصفّحٍ عابرٌ),2026-10-01 14:31:57 +0000,485
packages/domain/scheduling/index.ts,executable,bf614ed4,docs: DEC-33 — إعادةُ جولةِ تحقُّقٍ (فشلُ متصفّحٍ عابرٌ),2026-10-01 14:31:57 +0000,476
packages/domain/scheduling/value-objects.ts,executable,bf614ed4,docs: DEC-33 — إعادةُ جولةِ تحقُّقٍ (فشلُ متصفّحٍ عابرٌ),2026-10-01 14:31:57 +0000,496
packages/domain/subscription/entity.ts,executable,bf614ed4,docs: DEC-33 — إعادةُ جولةِ تحقُّقٍ (فشلُ متصفّحٍ عابرٌ),2026-10-01 14:31:57 +0000,2937
packages/domain/subscription/errors.ts,executable,bf614ed4,docs: DEC-33 — إعادةُ جولةِ تحقُّقٍ (فشلُ متصفّحٍ عابرٌ),2026-10-01 14:31:57 +0000,614
packages/domain/subscription/events.ts,executable,bf614ed4,docs: DEC-33 — إعادةُ جولةِ تحقُّقٍ (فشلُ متصفّحٍ عابرٌ),2026-10-01 14:31:57 +0000,576
packages/domain/subscription/index.ts,executable,bf614ed4,docs: DEC-33 — إعادةُ جولةِ تحقُّقٍ (فشلُ متصفّحٍ عابرٌ),2026-10-01 14:31:57 +0000,627
packages/domain/subscription/value-objects.ts,executable,bf614ed4,docs: DEC-33 — إعادةُ جولةِ تحقُّقٍ (فشلُ متصفّحٍ عابرٌ),2026-10-01 14:31:57 +0000,587
packages/domain/support/driver-support.ts,executable,bf614ed4,docs: DEC-33 — إعادةُ جولةِ تحقُّقٍ (فشلُ متصفّحٍ عابرٌ),2026-10-01 14:31:57 +0000,5161
packages/domain/support/rider-support.ts,executable,bf614ed4,docs: DEC-33 — إعادةُ جولةِ تحقُّقٍ (فشلُ متصفّحٍ عابرٌ),2026-10-01 14:31:57 +0000,7195
packages/domain/support/ticket-types.ts,executable,bf614ed4,docs: DEC-33 — إعادةُ جولةِ تحقُّقٍ (فشلُ متصفّحٍ عابرٌ),2026-10-01 14:31:57 +0000,6557
packages/domain/tenancy/entity.ts,executable,bf614ed4,docs: DEC-33 — إعادةُ جولةِ تحقُّقٍ (فشلُ متصفّحٍ عابرٌ),2026-10-01 14:31:57 +0000,517
packages/domain/tenancy/errors.ts,executable,bf614ed4,docs: DEC-33 — إعادةُ جولةِ تحقُّقٍ (فشلُ متصفّحٍ عابرٌ),2026-10-01 14:31:57 +0000,547
packages/domain/tenancy/events.ts,executable,bf614ed4,docs: DEC-33 — إعادةُ جولةِ تحقُّقٍ (فشلُ متصفّحٍ عابرٌ),2026-10-01 14:31:57 +0000,509
packages/domain/tenancy/index.ts,executable,bf614ed4,docs: DEC-33 — إعادةُ جولةِ تحقُّقٍ (فشلُ متصفّحٍ عابرٌ),2026-10-01 14:31:57 +0000,500
packages/domain/tenancy/value-objects.ts,executable,bf614ed4,docs: DEC-33 — إعادةُ جولةِ تحقُّقٍ (فشلُ متصفّحٍ عابرٌ),2026-10-01 14:31:57 +0000,520
packages/domain/tracking/driver-trip-view.ts,executable,bf614ed4,docs: DEC-33 — إعادةُ جولةِ تحقُّقٍ (فشلُ متصفّحٍ عابرٌ),2026-10-01 14:31:57 +0000,6761
packages/domain/tracking/operations-status.ts,executable,bf614ed4,docs: DEC-33 — إعادةُ جولةِ تحقُّقٍ (فشلُ متصفّحٍ عابرٌ),2026-10-01 14:31:57 +0000,10891
packages/domain/tracking/session.ts,executable,bf614ed4,docs: DEC-33 — إعادةُ جولةِ تحقُّقٍ (فشلُ متصفّحٍ عابرٌ),2026-10-01 14:31:57 +0000,10896
packages/domain/tracking/visibility.ts,executable,bf614ed4,docs: DEC-33 — إعادةُ جولةِ تحقُّقٍ (فشلُ متصفّحٍ عابرٌ),2026-10-01 14:31:57 +0000,7251
packages/domain/transport/active-ride.ts,executable,bf614ed4,docs: DEC-33 — إعادةُ جولةِ تحقُّقٍ (فشلُ متصفّحٍ عابرٌ),2026-10-01 14:31:57 +0000,14386
packages/domain/transport/entity.ts,executable,bf614ed4,docs: DEC-33 — إعادةُ جولةِ تحقُّقٍ (فشلُ متصفّحٍ عابرٌ),2026-10-01 14:31:57 +0000,4109
packages/domain/transport/errors.ts,executable,bf614ed4,docs: DEC-33 — إعادةُ جولةِ تحقُّقٍ (فشلُ متصفّحٍ عابرٌ),2026-10-01 14:31:57 +0000,570
packages/domain/transport/events.ts,executable,bf614ed4,docs: DEC-33 — إعادةُ جولةِ تحقُّقٍ (فشلُ متصفّحٍ عابرٌ),2026-10-01 14:31:57 +0000,532
packages/domain/transport/index.ts,executable,bf614ed4,docs: DEC-33 — إعادةُ جولةِ تحقُّقٍ (فشلُ متصفّحٍ عابرٌ),2026-10-01 14:31:57 +0000,640
packages/domain/transport/ride-history.ts,executable,bf614ed4,docs: DEC-33 — إعادةُ جولةِ تحقُّقٍ (فشلُ متصفّحٍ عابرٌ),2026-10-01 14:31:57 +0000,12635
packages/domain/transport/ride-request.ts,executable,bf614ed4,docs: DEC-33 — إعادةُ جولةِ تحقُّقٍ (فشلُ متصفّحٍ عابرٌ),2026-10-01 14:31:57 +0000,11209
packages/domain/transport/ride-share.ts,executable,bf614ed4,docs: DEC-33 — إعادةُ جولةِ تحقُّقٍ (فشلُ متصفّحٍ عابرٌ),2026-10-01 14:31:57 +0000,13549
packages/domain/transport/ride-summary.ts,executable,bf614ed4,docs: DEC-33 — إعادةُ جولةِ تحقُّقٍ (فشلُ متصفّحٍ عابرٌ),2026-10-01 14:31:57 +0000,11453
packages/domain/transport/value-objects.ts,executable,bf614ed4,docs: DEC-33 — إعادةُ جولةِ تحقُّقٍ (فشلُ متصفّحٍ عابرٌ),2026-10-01 14:31:57 +0000,543
packages/domain/wasla/event-envelope.ts,executable,bf614ed4,docs: DEC-33 — إعادةُ جولةِ تحقُّقٍ (فشلُ متصفّحٍ عابرٌ),2026-10-01 14:31:57 +0000,11737
packages/domain/wasla/operational-job.ts,executable,bf614ed4,docs: DEC-33 — إعادةُ جولةِ تحقُّقٍ (فشلُ متصفّحٍ عابرٌ),2026-10-01 14:31:57 +0000,7421
packages/domain/workflow/entity.ts,executable,bf614ed4,docs: DEC-33 — إعادةُ جولةِ تحقُّقٍ (فشلُ متصفّحٍ عابرٌ),2026-10-01 14:31:57 +0000,507
packages/domain/workflow/errors.ts,executable,bf614ed4,docs: DEC-33 — إعادةُ جولةِ تحقُّقٍ (فشلُ متصفّحٍ عابرٌ),2026-10-01 14:31:57 +0000,537
packages/domain/workflow/events.ts,executable,bf614ed4,docs: DEC-33 — إعادةُ جولةِ تحقُّقٍ (فشلُ متصفّحٍ عابرٌ),2026-10-01 14:31:57 +0000,499
packages/domain/workflow/index.ts,executable,bf614ed4,docs: DEC-33 — إعادةُ جولةِ تحقُّقٍ (فشلُ متصفّحٍ عابرٌ),2026-10-01 14:31:57 +0000,490
packages/domain/workflow/value-objects.ts,executable,bf614ed4,docs: DEC-33 — إعادةُ جولةِ تحقُّقٍ (فشلُ متصفّحٍ عابرٌ),2026-10-01 14:31:57 +0000,510
packages/infrastructure/admin/metric-snapshot-store.ts,executable,bf614ed4,docs: DEC-33 — إعادةُ جولةِ تحقُّقٍ (فشلُ متصفّحٍ عابرٌ),2026-10-01 14:31:57 +0000,4440
packages/infrastructure/analytics/index.ts,executable,bf614ed4,docs: DEC-33 — إعادةُ جولةِ تحقُّقٍ (فشلُ متصفّحٍ عابرٌ),2026-10-01 14:31:57 +0000,553
packages/infrastructure/audit/index.ts,executable,bf614ed4,docs: DEC-33 — إعادةُ جولةِ تحقُّقٍ (فشلُ متصفّحٍ عابرٌ),2026-10-01 14:31:57 +0000,584
packages/infrastructure/backup/backup-port.ts,executable,bf614ed4,docs: DEC-33 — إعادةُ جولةِ تحقُّقٍ (فشلُ متصفّحٍ عابرٌ),2026-10-01 14:31:57 +0000,2998
packages/infrastructure/backup/google-drive-adapter.ts,executable,bf614ed4,docs: DEC-33 — إعادةُ جولةِ تحقُّقٍ (فشلُ متصفّحٍ عابرٌ),2026-10-01 14:31:57 +0000,9384
packages/infrastructure/backup/index.ts,executable,bf614ed4,docs: DEC-33 — إعادةُ جولةِ تحقُّقٍ (فشلُ متصفّحٍ عابرٌ),2026-10-01 14:31:57 +0000,561
packages/infrastructure/backup/local-storage-adapter.ts,executable,bf614ed4,docs: DEC-33 — إعادةُ جولةِ تحقُّقٍ (فشلُ متصفّحٍ عابرٌ),2026-10-01 14:31:57 +0000,3950
packages/infrastructure/backup/restore-verifier.ts,executable,bf614ed4,docs: DEC-33 — إعادةُ جولةِ تحقُّقٍ (فشلُ متصفّحٍ عابرٌ),2026-10-01 14:31:57 +0000,12462
packages/infrastructure/broadcast/broadcast-adapters.ts,executable,bf614ed4,docs: DEC-33 — إعادةُ جولةِ تحقُّقٍ (فشلُ متصفّحٍ عابرٌ),2026-10-01 14:31:57 +0000,6157
packages/infrastructure/capability/index.ts,executable,bf614ed4,docs: DEC-33 — إعادةُ جولةِ تحقُّقٍ (فشلُ متصفّحٍ عابرٌ),2026-10-01 14:31:57 +0000,605
packages/infrastructure/consent/consent-store.ts,executable,bf614ed4,docs: DEC-33 — إعادةُ جولةِ تحقُّقٍ (فشلُ متصفّحٍ عابرٌ),2026-10-01 14:31:57 +0000,6039
packages/infrastructure/db/client.ts,executable,bf614ed4,docs: DEC-33 — إعادةُ جولةِ تحقُّقٍ (فشلُ متصفّحٍ عابرٌ),2026-10-01 14:31:57 +0000,10216
packages/infrastructure/db/query-deadline.ts,executable,bf614ed4,docs: DEC-33 — إعادةُ جولةِ تحقُّقٍ (فشلُ متصفّحٍ عابرٌ),2026-10-01 14:31:57 +0000,10442
packages/infrastructure/db/schema-contract.ts,executable,440202e9,feat: DEC-43 ticket threads + DEC-41 emergency contact + DEC-42 notification pre,2026-10-02 12:20:41 +0300,6457
packages/infrastructure/db/schema-guard.ts,executable,bf614ed4,docs: DEC-33 — إعادةُ جولةِ تحقُّقٍ (فشلُ متصفّحٍ عابرٌ),2026-10-01 14:31:57 +0000,2537
packages/infrastructure/db/telegram-update-queue.ts,executable,bf614ed4,docs: DEC-33 — إعادةُ جولةِ تحقُّقٍ (فشلُ متصفّحٍ عابرٌ),2026-10-01 14:31:57 +0000,6443
packages/infrastructure/delivery/index.ts,executable,bf614ed4,docs: DEC-33 — إعادةُ جولةِ تحقُّقٍ (فشلُ متصفّحٍ عابرٌ),2026-10-01 14:31:57 +0000,612
packages/infrastructure/destinations/destinations-store.ts,executable,bf614ed4,docs: DEC-33 — إعادةُ جولةِ تحقُّقٍ (فشلُ متصفّحٍ عابرٌ),2026-10-01 14:31:57 +0000,8904
packages/infrastructure/dispatch/dispatch-adapters.ts,executable,bf614ed4,docs: DEC-33 — إعادةُ جولةِ تحقُّقٍ (فشلُ متصفّحٍ عابرٌ),2026-10-01 14:31:57 +0000,26973
packages/infrastructure/dispatch/index.ts,executable,bf614ed4,docs: DEC-33 — إعادةُ جولةِ تحقُّقٍ (فشلُ متصفّحٍ عابرٌ),2026-10-01 14:31:57 +0000,618
packages/infrastructure/dispatch/negotiation-adapters.ts,executable,bf614ed4,docs: DEC-33 — إعادةُ جولةِ تحقُّقٍ (فشلُ متصفّحٍ عابرٌ),2026-10-01 14:31:57 +0000,13302
packages/infrastructure/dispatch/negotiation-wiring.ts,executable,bf614ed4,docs: DEC-33 — إعادةُ جولةِ تحقُّقٍ (فشلُ متصفّحٍ عابرٌ),2026-10-01 14:31:57 +0000,4670
packages/infrastructure/dispatch/unmatched-adapters.ts,executable,bf614ed4,docs: DEC-33 — إعادةُ جولةِ تحقُّقٍ (فشلُ متصفّحٍ عابرٌ),2026-10-01 14:31:57 +0000,3820
packages/infrastructure/dispute/agent-measurement-adapters.ts,executable,bf614ed4,docs: DEC-33 — إعادةُ جولةِ تحقُّقٍ (فشلُ متصفّحٍ عابرٌ),2026-10-01 14:31:57 +0000,4061
packages/infrastructure/dispute/index.ts,executable,bf614ed4,docs: DEC-33 — إعادةُ جولةِ تحقُّقٍ (فشلُ متصفّحٍ عابرٌ),2026-10-01 14:31:57 +0000,596
packages/infrastructure/dispute/support-adapters.ts,executable,bf614ed4,docs: DEC-33 — إعادةُ جولةِ تحقُّقٍ (فشلُ متصفّحٍ عابرٌ),2026-10-01 14:31:57 +0000,8962
packages/infrastructure/dispute/ticket-threads-store.ts,executable,440202e9,feat: DEC-43 ticket threads + DEC-41 emergency contact + DEC-42 notification pre,2026-10-02 12:20:41 +0300,5399
packages/infrastructure/documents/index.ts,executable,bf614ed4,docs: DEC-33 — إعادةُ جولةِ تحقُّقٍ (فشلُ متصفّحٍ عابرٌ),2026-10-01 14:31:57 +0000,553
packages/infrastructure/driver/document-expiry-rpc.ts,executable,bf614ed4,docs: DEC-33 — إعادةُ جولةِ تحقُّقٍ (فشلُ متصفّحٍ عابرٌ),2026-10-01 14:31:57 +0000,1678
packages/infrastructure/driver/driver-activity-store.ts,executable,bf614ed4,docs: DEC-33 — إعادةُ جولةِ تحقُّقٍ (فشلُ متصفّحٍ عابرٌ),2026-10-01 14:31:57 +0000,16796
packages/infrastructure/driver/driver-documents-store.ts,executable,bf614ed4,docs: DEC-33 — إعادةُ جولةِ تحقُّقٍ (فشلُ متصفّحٍ عابرٌ),2026-10-01 14:31:57 +0000,15641
packages/infrastructure/driver/driver-job-store.ts,executable,bf614ed4,docs: DEC-33 — إعادةُ جولةِ تحقُّقٍ (فشلُ متصفّحٍ عابرٌ),2026-10-01 14:31:57 +0000,13737
packages/infrastructure/driver/driver-offers-store.ts,executable,bf614ed4,docs: DEC-33 — إعادةُ جولةِ تحقُّقٍ (فشلُ متصفّحٍ عابرٌ),2026-10-01 14:31:57 +0000,13058
packages/infrastructure/driver/driver-subscription-store.ts,executable,bf614ed4,docs: DEC-33 — إعادةُ جولةِ تحقُّقٍ (فشلُ متصفّحٍ عابرٌ),2026-10-01 14:31:57 +0000,10529
packages/infrastructure/driver/driver-vehicle-store.ts,executable,bf614ed4,docs: DEC-33 — إعادةُ جولةِ تحقُّقٍ (فشلُ متصفّحٍ عابرٌ),2026-10-01 14:31:57 +0000,5847
packages/infrastructure/driver/subscription-invoice-store.ts,executable,bf614ed4,docs: DEC-33 — إعادةُ جولةِ تحقُّقٍ (فشلُ متصفّحٍ عابرٌ),2026-10-01 14:31:57 +0000,11023
packages/infrastructure/enterprise-integration/index.ts,executable,bf614ed4,docs: DEC-33 — إعادةُ جولةِ تحقُّقٍ (فشلُ متصفّحٍ عابرٌ),2026-10-01 14:31:57 +0000,607
packages/infrastructure/feature-flags/index.ts,executable,bf614ed4,docs: DEC-33 — إعادةُ جولةِ تحقُّقٍ (فشلُ متصفّحٍ عابرٌ),2026-10-01 14:31:57 +0000,565
packages/infrastructure/financial/deduction-trace-store.ts,executable,6c594d78,feat: DEC-37 deduction trace — GET /v1/driver/deductions from wallet ledger (#36,2026-10-02 10:19:23 +0300,2404
packages/infrastructure/financial/index.ts,executable,bf614ed4,docs: DEC-33 — إعادةُ جولةِ تحقُّقٍ (فشلُ متصفّحٍ عابرٌ),2026-10-01 14:31:57 +0000,1115
packages/infrastructure/financial/moyasar-provider.ts,executable,bf614ed4,docs: DEC-33 — إعادةُ جولةِ تحقُّقٍ (فشلُ متصفّحٍ عابرٌ),2026-10-01 14:31:57 +0000,9233
packages/infrastructure/financial/payment-adapters.ts,executable,bf614ed4,docs: DEC-33 — إعادةُ جولةِ تحقُّقٍ (فشلُ متصفّحٍ عابرٌ),2026-10-01 14:31:57 +0000,11570
packages/infrastructure/financial/payment-guard.ts,executable,bf614ed4,docs: DEC-33 — إعادةُ جولةِ تحقُّقٍ (فشلُ متصفّحٍ عابرٌ),2026-10-01 14:31:57 +0000,4882
packages/infrastructure/financial/payment-provider-factory.ts,executable,bf614ed4,docs: DEC-33 — إعادةُ جولةِ تحقُّقٍ (فشلُ متصفّحٍ عابرٌ),2026-10-01 14:31:57 +0000,3858
packages/infrastructure/financial/subscription-wallet-adapters.ts,executable,bf614ed4,docs: DEC-33 — إعادةُ جولةِ تحقُّقٍ (فشلُ متصفّحٍ عابرٌ),2026-10-01 14:31:57 +0000,5759
packages/infrastructure/financial/tap-provider.ts,executable,bf614ed4,docs: DEC-33 — إعادةُ جولةِ تحقُّقٍ (فشلُ متصفّحٍ عابرٌ),2026-10-01 14:31:57 +0000,16961
packages/infrastructure/geo/city-directory.ts,executable,bf614ed4,docs: DEC-33 — إعادةُ جولةِ تحقُّقٍ (فشلُ متصفّحٍ عابرٌ),2026-10-01 14:31:57 +0000,1476
packages/infrastructure/geo/driver-location-batch-persistence.ts,executable,bf614ed4,docs: DEC-33 — إعادةُ جولةِ تحقُّقٍ (فشلُ متصفّحٍ عابرٌ),2026-10-01 14:31:57 +0000,5043
packages/infrastructure/geo/driver-location-partition-maintenance.ts,executable,bf614ed4,docs: DEC-33 — إعادةُ جولةِ تحقُّقٍ (فشلُ متصفّحٍ عابرٌ),2026-10-01 14:31:57 +0000,3386
packages/infrastructure/geo/index.ts,executable,bf614ed4,docs: DEC-33 — إعادةُ جولةِ تحقُّقٍ (فشلُ متصفّحٍ عابرٌ),2026-10-01 14:31:57 +0000,635
packages/infrastructure/geo/location-archive-adapters.ts,executable,bf614ed4,docs: DEC-33 — إعادةُ جولةِ تحقُّقٍ (فشلُ متصفّحٍ عابرٌ),2026-10-01 14:31:57 +0000,12192
packages/infrastructure/geo/redis-driver-location-hot-state.ts,executable,bf614ed4,docs: DEC-33 — إعادةُ جولةِ تحقُّقٍ (فشلُ متصفّحٍ عابرٌ),2026-10-01 14:31:57 +0000,22700
packages/infrastructure/groups/pg-group-memberships.ts,executable,bf614ed4,docs: DEC-33 — إعادةُ جولةِ تحقُّقٍ (فشلُ متصفّحٍ عابرٌ),2026-10-01 14:31:57 +0000,5236
packages/infrastructure/i18n-translation/index.ts,executable,bf614ed4,docs: DEC-33 — إعادةُ جولةِ تحقُّقٍ (فشلُ متصفّحٍ عابرٌ),2026-10-01 14:31:57 +0000,526
packages/infrastructure/i18n-translation/language-adapters.ts,executable,bf614ed4,docs: DEC-33 — إعادةُ جولةِ تحقُّقٍ (فشلُ متصفّحٍ عابرٌ),2026-10-01 14:31:57 +0000,2562
packages/infrastructure/i18n-translation/translation-cache.ts,executable,bf614ed4,docs: DEC-33 — إعادةُ جولةِ تحقُّقٍ (فشلُ متصفّحٍ عابرٌ),2026-10-01 14:31:57 +0000,2324
packages/infrastructure/i18n-translation/translation-providers.ts,executable,bf614ed4,docs: DEC-33 — إعادةُ جولةِ تحقُّقٍ (فشلُ متصفّحٍ عابرٌ),2026-10-01 14:31:57 +0000,18655
packages/infrastructure/identity/bootstrap-admin.ts,executable,bf614ed4,docs: DEC-33 — إعادةُ جولةِ تحقُّقٍ (فشلُ متصفّحٍ عابرٌ),2026-10-01 14:31:57 +0000,1938
packages/infrastructure/identity/break-glass-crypto.ts,executable,bf614ed4,docs: DEC-33 — إعادةُ جولةِ تحقُّقٍ (فشلُ متصفّحٍ عابرٌ),2026-10-01 14:31:57 +0000,11385
packages/infrastructure/identity/directories.ts,executable,bf614ed4,docs: DEC-33 — إعادةُ جولةِ تحقُّقٍ (فشلُ متصفّحٍ عابرٌ),2026-10-01 14:31:57 +0000,19999
packages/infrastructure/identity/index.ts,executable,bf614ed4,docs: DEC-33 — إعادةُ جولةِ تحقُّقٍ (فشلُ متصفّحٍ عابرٌ),2026-10-01 14:31:57 +0000,2122
packages/infrastructure/identity/memory-init-data-replay-guard.ts,executable,bf614ed4,docs: DEC-33 — إعادةُ جولةِ تحقُّقٍ (فشلُ متصفّحٍ عابرٌ),2026-10-01 14:31:57 +0000,2499
packages/infrastructure/identity/memory-session-revocation-store.ts,executable,bf614ed4,docs: DEC-33 — إعادةُ جولةِ تحقُّقٍ (فشلُ متصفّحٍ عابرٌ),2026-10-01 14:31:57 +0000,3609
packages/infrastructure/identity/miniapp-refresh.ts,executable,bf614ed4,docs: DEC-33 — إعادةُ جولةِ تحقُّقٍ (فشلُ متصفّحٍ عابرٌ),2026-10-01 14:31:57 +0000,12912
packages/infrastructure/identity/miniapp-session.ts,executable,bf614ed4,docs: DEC-33 — إعادةُ جولةِ تحقُّقٍ (فشلُ متصفّحٍ عابرٌ),2026-10-01 14:31:57 +0000,11538
packages/infrastructure/identity/redis-init-data-replay-guard.ts,executable,bf614ed4,docs: DEC-33 — إعادةُ جولةِ تحقُّقٍ (فشلُ متصفّحٍ عابرٌ),2026-10-01 14:31:57 +0000,3689
packages/infrastructure/identity/redis-session-revocation-store.ts,executable,bf614ed4,docs: DEC-33 — إعادةُ جولةِ تحقُّقٍ (فشلُ متصفّحٍ عابرٌ),2026-10-01 14:31:57 +0000,4212
packages/infrastructure/identity/revocable-session-reader.ts,executable,bf614ed4,docs: DEC-33 — إعادةُ جولةِ تحقُّقٍ (فشلُ متصفّحٍ عابرٌ),2026-10-01 14:31:57 +0000,3682
packages/infrastructure/identity/telegram-init-data.ts,executable,bf614ed4,docs: DEC-33 — إعادةُ جولةِ تحقُّقٍ (فشلُ متصفّحٍ عابرٌ),2026-10-01 14:31:57 +0000,8958
packages/infrastructure/identity/viewer-account.ts,executable,bf614ed4,docs: DEC-33 — إعادةُ جولةِ تحقُّقٍ (فشلُ متصفّحٍ عابرٌ),2026-10-01 14:31:57 +0000,3852
packages/infrastructure/identity/viewer-language.ts,executable,bf614ed4,docs: DEC-33 — إعادةُ جولةِ تحقُّقٍ (فشلُ متصفّحٍ عابرٌ),2026-10-01 14:31:57 +0000,2974
packages/infrastructure/kyc/index.ts,executable,bf614ed4,docs: DEC-33 — إعادةُ جولةِ تحقُّقٍ (فشلُ متصفّحٍ عابرٌ),2026-10-01 14:31:57 +0000,535
packages/infrastructure/marketplace/index.ts,executable,bf614ed4,docs: DEC-33 — إعادةُ جولةِ تحقُّقٍ (فشلُ متصفّحٍ عابرٌ),2026-10-01 14:31:57 +0000,630
packages/infrastructure/messaging/index.ts,executable,bf614ed4,docs: DEC-33 — إعادةُ جولةِ تحقُّقٍ (فشلُ متصفّحٍ عابرٌ),2026-10-01 14:31:57 +0000,594
packages/infrastructure/notification/document-expiry-sender.ts,executable,bf614ed4,docs: DEC-33 — إعادةُ جولةِ تحقُّقٍ (فشلُ متصفّحٍ عابرٌ),2026-10-01 14:31:57 +0000,1039
packages/infrastructure/notification/index.ts,executable,bf614ed4,docs: DEC-33 — إعادةُ جولةِ تحقُّقٍ (فشلُ متصفّحٍ عابرٌ),2026-10-01 14:31:57 +0000,603
packages/infrastructure/notification/miniapp-entry-sender.ts,executable,bf614ed4,docs: DEC-33 — إعادةُ جولةِ تحقُّقٍ (فشلُ متصفّحٍ عابرٌ),2026-10-01 14:31:57 +0000,4979
packages/infrastructure/notification/notification-outbox-adapters.ts,executable,bf614ed4,docs: DEC-33 — إعادةُ جولةِ تحقُّقٍ (فشلُ متصفّحٍ عابرٌ),2026-10-01 14:31:57 +0000,7585
packages/infrastructure/notification/outbound-rate-bucket.ts,executable,bf614ed4,docs: DEC-33 — إعادةُ جولةِ تحقُّقٍ (فشلُ متصفّحٍ عابرٌ),2026-10-01 14:31:57 +0000,13128
packages/infrastructure/notification/outbound-resilience.ts,executable,bf614ed4,docs: DEC-33 — إعادةُ جولةِ تحقُّقٍ (فشلُ متصفّحٍ عابرٌ),2026-10-01 14:31:57 +0000,4557
packages/infrastructure/notification/rate-aware-telegram-sender.ts,executable,bf614ed4,docs: DEC-33 — إعادةُ جولةِ تحقُّقٍ (فشلُ متصفّحٍ عابرٌ),2026-10-01 14:31:57 +0000,17364
packages/infrastructure/notification/redis-dead-letter-sink.ts,executable,bf614ed4,docs: DEC-33 — إعادةُ جولةِ تحقُّقٍ (فشلُ متصفّحٍ عابرٌ),2026-10-01 14:31:57 +0000,3388
packages/infrastructure/notification/telegram-api-sender.ts,executable,bf614ed4,docs: DEC-33 — إعادةُ جولةِ تحقُّقٍ (فشلُ متصفّحٍ عابرٌ),2026-10-01 14:31:57 +0000,6653
packages/infrastructure/notification/telegram-broadcast-sender.ts,executable,bf614ed4,docs: DEC-33 — إعادةُ جولةِ تحقُّقٍ (فشلُ متصفّحٍ عابرٌ),2026-10-01 14:31:57 +0000,3209
packages/infrastructure/notification/telegram-cancellation-notifier.ts,executable,bf614ed4,docs: DEC-33 — إعادةُ جولةِ تحقُّقٍ (فشلُ متصفّحٍ عابرٌ),2026-10-01 14:31:57 +0000,1809
packages/infrastructure/notification/telegram-client.ts,executable,bf614ed4,docs: DEC-33 — إعادةُ جولةِ تحقُّقٍ (فشلُ متصفّحٍ عابرٌ),2026-10-01 14:31:57 +0000,7402
packages/infrastructure/notification/telegram-driver-notifier.ts,executable,bf614ed4,docs: DEC-33 — إعادةُ جولةِ تحقُّقٍ (فشلُ متصفّحٍ عابرٌ),2026-10-01 14:31:57 +0000,7606
packages/infrastructure/notification/telegram-failure.ts,executable,bf614ed4,docs: DEC-33 — إعادةُ جولةِ تحقُّقٍ (فشلُ متصفّحٍ عابرٌ),2026-10-01 14:31:57 +0000,1971
packages/infrastructure/notification/telegram-join-gate.ts,executable,bf614ed4,docs: DEC-33 — إعادةُ جولةِ تحقُّقٍ (فشلُ متصفّحٍ عابرٌ),2026-10-01 14:31:57 +0000,5375
packages/infrastructure/notification/telegram-live-location.ts,executable,bf614ed4,docs: DEC-33 — إعادةُ جولةِ تحقُّقٍ (فشلُ متصفّحٍ عابرٌ),2026-10-01 14:31:57 +0000,3611
packages/infrastructure/notification/telegram-lost-item-notifier.ts,executable,bf614ed4,docs: DEC-33 — إعادةُ جولةِ تحقُّقٍ (فشلُ متصفّحٍ عابرٌ),2026-10-01 14:31:57 +0000,1472
packages/infrastructure/notification/telegram-markup.ts,executable,bf614ed4,docs: DEC-33 — إعادةُ جولةِ تحقُّقٍ (فشلُ متصفّحٍ عابرٌ),2026-10-01 14:31:57 +0000,8261
packages/infrastructure/notification/telegram-negotiation-notifier.ts,executable,bf614ed4,docs: DEC-33 — إعادةُ جولةِ تحقُّقٍ (فشلُ متصفّحٍ عابرٌ),2026-10-01 14:31:57 +0000,9179
packages/infrastructure/notification/telegram-notice-sender.ts,executable,bf614ed4,docs: DEC-33 — إعادةُ جولةِ تحقُّقٍ (فشلُ متصفّحٍ عابرٌ),2026-10-01 14:31:57 +0000,2168
packages/infrastructure/notification/telegram-safety-notifier.ts,executable,bf614ed4,docs: DEC-33 — إعادةُ جولةِ تحقُّقٍ (فشلُ متصفّحٍ عابرٌ),2026-10-01 14:31:57 +0000,4059
packages/infrastructure/notification/telegram-safety-resolution-notifier.ts,executable,bf614ed4,docs: DEC-33 — إعادةُ جولةِ تحقُّقٍ (فشلُ متصفّحٍ عابرٌ),2026-10-01 14:31:57 +0000,1630
packages/infrastructure/notification/telegram-support-notifier.ts,executable,bf614ed4,docs: DEC-33 — إعادةُ جولةِ تحقُّقٍ (فشلُ متصفّحٍ عابرٌ),2026-10-01 14:31:57 +0000,7661
packages/infrastructure/notification/telegram-transport.ts,executable,bf614ed4,docs: DEC-33 — إعادةُ جولةِ تحقُّقٍ (فشلُ متصفّحٍ عابرٌ),2026-10-01 14:31:57 +0000,4100
packages/infrastructure/notification/telegram-unmatched-notifier.ts,executable,bf614ed4,docs: DEC-33 — إعادةُ جولةِ تحقُّقٍ (فشلُ متصفّحٍ عابرٌ),2026-10-01 14:31:57 +0000,3069
packages/infrastructure/notification/traffic-priority-sender.ts,executable,bf614ed4,docs: DEC-33 — إعادةُ جولةِ تحقُّقٍ (فشلُ متصفّحٍ عابرٌ),2026-10-01 14:31:57 +0000,2890
packages/infrastructure/notification/user-notification-center.ts,executable,bf614ed4,docs: DEC-33 — إعادةُ جولةِ تحقُّقٍ (فشلُ متصفّحٍ عابرٌ),2026-10-01 14:31:57 +0000,6810
packages/infrastructure/observability/correlation.ts,executable,bf614ed4,docs: DEC-33 — إعادةُ جولةِ تحقُّقٍ (فشلُ متصفّحٍ عابرٌ),2026-10-01 14:31:57 +0000,9251
packages/infrastructure/observability/database-gauges.ts,executable,bf614ed4,docs: DEC-33 — إعادةُ جولةِ تحقُّقٍ (فشلُ متصفّحٍ عابرٌ),2026-10-01 14:31:57 +0000,18914
packages/infrastructure/observability/dispatch.ts,executable,bf614ed4,docs: DEC-33 — إعادةُ جولةِ تحقُّقٍ (فشلُ متصفّحٍ عابرٌ),2026-10-01 14:31:57 +0000,3509
packages/infrastructure/observability/http-metrics.ts,executable,bf614ed4,docs: DEC-33 — إعادةُ جولةِ تحقُّقٍ (فشلُ متصفّحٍ عابرٌ),2026-10-01 14:31:57 +0000,6350
packages/infrastructure/observability/index.ts,executable,bf614ed4,docs: DEC-33 — إعادةُ جولةِ تحقُّقٍ (فشلُ متصفّحٍ عابرٌ),2026-10-01 14:31:57 +0000,817
packages/infrastructure/observability/metrics-exporter.ts,executable,bf614ed4,docs: DEC-33 — إعادةُ جولةِ تحقُّقٍ (فشلُ متصفّحٍ عابرٌ),2026-10-01 14:31:57 +0000,17196
packages/infrastructure/observability/metrics.ts,executable,bf614ed4,docs: DEC-33 — إعادةُ جولةِ تحقُّقٍ (فشلُ متصفّحٍ عابرٌ),2026-10-01 14:31:57 +0000,23679
packages/infrastructure/observability/otlp.ts,executable,bf614ed4,docs: DEC-33 — إعادةُ جولةِ تحقُّقٍ (فشلُ متصفّحٍ عابرٌ),2026-10-01 14:31:57 +0000,11490
packages/infrastructure/observability/process-metrics.ts,executable,bf614ed4,docs: DEC-33 — إعادةُ جولةِ تحقُّقٍ (فشلُ متصفّحٍ عابرٌ),2026-10-01 14:31:57 +0000,3465
packages/infrastructure/observability/registry.ts,executable,bf614ed4,docs: DEC-33 — إعادةُ جولةِ تحقُّقٍ (فشلُ متصفّحٍ عابرٌ),2026-10-01 14:31:57 +0000,13203
packages/infrastructure/observability/structured-log.ts,executable,bf614ed4,docs: DEC-33 — إعادةُ جولةِ تحقُّقٍ (فشلُ متصفّحٍ عابرٌ),2026-10-01 14:31:57 +0000,16988
packages/infrastructure/places/places-store.ts,executable,78746aab,feat: DEC-40 PATCH /v1/me/places/:id — update saved place (#372),2026-10-02 11:27:20 +0300,11998
packages/infrastructure/policy/index.ts,executable,bf614ed4,docs: DEC-33 — إعادةُ جولةِ تحقُّقٍ (فشلُ متصفّحٍ عابرٌ),2026-10-01 14:31:57 +0000,610
packages/infrastructure/policy/settings-repository.ts,executable,bf614ed4,docs: DEC-33 — إعادةُ جولةِ تحقُّقٍ (فشلُ متصفّحٍ عابرٌ),2026-10-01 14:31:57 +0000,1747
packages/infrastructure/privacy/breach-store.ts,executable,bf614ed4,docs: DEC-33 — إعادةُ جولةِ تحقُّقٍ (فشلُ متصفّحٍ عابرٌ),2026-10-01 14:31:57 +0000,3945
packages/infrastructure/privacy/data-rights-store.ts,executable,bf614ed4,docs: DEC-33 — إعادةُ جولةِ تحقُّقٍ (فشلُ متصفّحٍ عابرٌ),2026-10-01 14:31:57 +0000,10326
packages/infrastructure/privacy/pdpl-store.ts,executable,bf614ed4,docs: DEC-33 — إعادةُ جولةِ تحقُّقٍ (فشلُ متصفّحٍ عابرٌ),2026-10-01 14:31:57 +0000,5344
packages/infrastructure/privacy/zatca-phase2-store.ts,executable,bf614ed4,docs: DEC-33 — إعادةُ جولةِ تحقُّقٍ (فشلُ متصفّحٍ عابرٌ),2026-10-01 14:31:57 +0000,2024
packages/infrastructure/quote/quote-store.ts,executable,bf614ed4,docs: DEC-33 — إعادةُ جولةِ تحقُّقٍ (فشلُ متصفّحٍ عابرٌ),2026-10-01 14:31:57 +0000,6967
packages/infrastructure/redis/upstash.ts,executable,bf614ed4,docs: DEC-33 — إعادةُ جولةِ تحقُّقٍ (فشلُ متصفّحٍ عابرٌ),2026-10-01 14:31:57 +0000,7520
packages/infrastructure/reputation/index.ts,executable,bf614ed4,docs: DEC-33 — إعادةُ جولةِ تحقُّقٍ (فشلُ متصفّحٍ عابرٌ),2026-10-01 14:31:57 +0000,428
packages/infrastructure/reputation/rating-adapters.ts,executable,bf614ed4,docs: DEC-33 — إعادةُ جولةِ تحقُّقٍ (فشلُ متصفّحٍ عابرٌ),2026-10-01 14:31:57 +0000,7936
packages/infrastructure/safety/driver-cannot-complete-store.ts,executable,bf614ed4,docs: DEC-33 — إعادةُ جولةِ تحقُّقٍ (فشلُ متصفّحٍ عابرٌ),2026-10-01 14:31:57 +0000,3126
packages/infrastructure/safety/emergency-contact-store.ts,executable,9f6b3875,feat: DEC-41 GET/PUT /v1/me/emergency-contact — emergency contact CRUD (#373),2026-10-02 11:41:15 +0300,3413
packages/infrastructure/safety/index.ts,executable,bf614ed4,docs: DEC-33 — إعادةُ جولةِ تحقُّقٍ (فشلُ متصفّحٍ عابرٌ),2026-10-01 14:31:57 +0000,603
packages/infrastructure/safety/notification-prefs-store.ts,executable,2c589da0,feat: DEC-42 notification preferences + DEC-41 emergency contact (#374),2026-10-02 12:08:22 +0300,3433
packages/infrastructure/safety/safety-adapters.ts,executable,bf614ed4,docs: DEC-33 — إعادةُ جولةِ تحقُّقٍ (فشلُ متصفّحٍ عابرٌ),2026-10-01 14:31:57 +0000,6173
packages/infrastructure/safety/sos-surface-store.ts,executable,bf614ed4,docs: DEC-33 — إعادةُ جولةِ تحقُّقٍ (فشلُ متصفّحٍ عابرٌ),2026-10-01 14:31:57 +0000,7982
packages/infrastructure/scheduling/advisory-lock.ts,executable,bf614ed4,docs: DEC-33 — إعادةُ جولةِ تحقُّقٍ (فشلُ متصفّحٍ عابرٌ),2026-10-01 14:31:57 +0000,4155
packages/infrastructure/scheduling/availability-adapters.ts,executable,bf614ed4,docs: DEC-33 — إعادةُ جولةِ تحقُّقٍ (فشلُ متصفّحٍ عابرٌ),2026-10-01 14:31:57 +0000,1640
packages/infrastructure/scheduling/index.ts,executable,bf614ed4,docs: DEC-33 — إعادةُ جولةِ تحقُّقٍ (فشلُ متصفّحٍ عابرٌ),2026-10-01 14:31:57 +0000,556
packages/infrastructure/scheduling/job-heartbeat-adapters.ts,executable,bf614ed4,docs: DEC-33 — إعادةُ جولةِ تحقُّقٍ (فشلُ متصفّحٍ عابرٌ),2026-10-01 14:31:57 +0000,2921
packages/infrastructure/storage/object-existence-checker.ts,executable,bf614ed4,docs: DEC-33 — إعادةُ جولةِ تحقُّقٍ (فشلُ متصفّحٍ عابرٌ),2026-10-01 14:31:57 +0000,3420
packages/infrastructure/storage/signed-read.ts,executable,bf614ed4,docs: DEC-33 — إعادةُ جولةِ تحقُّقٍ (فشلُ متصفّحٍ عابرٌ),2026-10-01 14:31:57 +0000,7590
packages/infrastructure/storage/signed-upload.ts,executable,bf614ed4,docs: DEC-33 — إعادةُ جولةِ تحقُّقٍ (فشلُ متصفّحٍ عابرٌ),2026-10-01 14:31:57 +0000,11869
packages/infrastructure/subscription/index.ts,executable,bf614ed4,docs: DEC-33 — إعادةُ جولةِ تحقُّقٍ (فشلُ متصفّحٍ عابرٌ),2026-10-01 14:31:57 +0000,1396
packages/infrastructure/subscription/lifecycle-adapters.ts,executable,bf614ed4,docs: DEC-33 — إعادةُ جولةِ تحقُّقٍ (فشلُ متصفّحٍ عابرٌ),2026-10-01 14:31:57 +0000,4054
packages/infrastructure/subscription/notice-adapters.ts,executable,bf614ed4,docs: DEC-33 — إعادةُ جولةِ تحقُّقٍ (فشلُ متصفّحٍ عابرٌ),2026-10-01 14:31:57 +0000,3651
packages/infrastructure/subscription/subscription-adapters.ts,executable,bf614ed4,docs: DEC-33 — إعادةُ جولةِ تحقُّقٍ (فشلُ متصفّحٍ عابرٌ),2026-10-01 14:31:57 +0000,2815
packages/infrastructure/subscription/subscription-change-adapters.ts,executable,bf614ed4,docs: DEC-33 — إعادةُ جولةِ تحقُّقٍ (فشلُ متصفّحٍ عابرٌ),2026-10-01 14:31:57 +0000,6964
packages/infrastructure/support/driver-support-store.ts,executable,bf614ed4,docs: DEC-33 — إعادةُ جولةِ تحقُّقٍ (فشلُ متصفّحٍ عابرٌ),2026-10-01 14:31:57 +0000,3704
packages/infrastructure/support/rider-support-store.ts,executable,bf614ed4,docs: DEC-33 — إعادةُ جولةِ تحقُّقٍ (فشلُ متصفّحٍ عابرٌ),2026-10-01 14:31:57 +0000,4713
packages/infrastructure/support/ticket-store.ts,executable,bf614ed4,docs: DEC-33 — إعادةُ جولةِ تحقُّقٍ (فشلُ متصفّحٍ عابرٌ),2026-10-01 14:31:57 +0000,9695
packages/infrastructure/tenancy/index.ts,executable,bf614ed4,docs: DEC-33 — إعادةُ جولةِ تحقُّقٍ (فشلُ متصفّحٍ عابرٌ),2026-10-01 14:31:57 +0000,562
packages/infrastructure/tracking/ceiling-exceeded-adapters.ts,executable,bf614ed4,docs: DEC-33 — إعادةُ جولةِ تحقُّقٍ (فشلُ متصفّحٍ عابرٌ),2026-10-01 14:31:57 +0000,2723
packages/infrastructure/tracking/event-bus.ts,executable,bf614ed4,docs: DEC-33 — إعادةُ جولةِ تحقُّقٍ (فشلُ متصفّحٍ عابرٌ),2026-10-01 14:31:57 +0000,8714
packages/infrastructure/tracking/redis-live-broadcast-store.ts,executable,bf614ed4,docs: DEC-33 — إعادةُ جولةِ تحقُّقٍ (فشلُ متصفّحٍ عابرٌ),2026-10-01 14:31:57 +0000,3563
packages/infrastructure/tracking/redis-stream-event-bus.ts,executable,bf614ed4,docs: DEC-33 — إعادةُ جولةِ تحقُّقٍ (فشلُ متصفّحٍ عابرٌ),2026-10-01 14:31:57 +0000,14822
packages/infrastructure/tracking/session-repository.ts,executable,bf614ed4,docs: DEC-33 — إعادةُ جولةِ تحقُّقٍ (فشلُ متصفّحٍ عابرٌ),2026-10-01 14:31:57 +0000,12654
packages/infrastructure/tracking/stalled-order-adapters.ts,executable,bf614ed4,docs: DEC-33 — إعادةُ جولةِ تحقُّقٍ (فشلُ متصفّحٍ عابرٌ),2026-10-01 14:31:57 +0000,3143
packages/infrastructure/tracking/tracking-queries.ts,executable,bf614ed4,docs: DEC-33 — إعادةُ جولةِ تحقُّقٍ (فشلُ متصفّحٍ عابرٌ),2026-10-01 14:31:57 +0000,13200
packages/infrastructure/tracking/tracking-token-adapters.ts,executable,bf614ed4,docs: DEC-33 — إعادةُ جولةِ تحقُّقٍ (فشلُ متصفّحٍ عابرٌ),2026-10-01 14:31:57 +0000,11902
packages/infrastructure/transport/active-ride-store.ts,executable,bf614ed4,docs: DEC-33 — إعادةُ جولةِ تحقُّقٍ (فشلُ متصفّحٍ عابرٌ),2026-10-01 14:31:57 +0000,7856
packages/infrastructure/transport/index.ts,executable,bf614ed4,docs: DEC-33 — إعادةُ جولةِ تحقُّقٍ (فشلُ متصفّحٍ عابرٌ),2026-10-01 14:31:57 +0000,615
packages/infrastructure/transport/order-adapters.ts,executable,bf614ed4,docs: DEC-33 — إعادةُ جولةِ تحقُّقٍ (فشلُ متصفّحٍ عابرٌ),2026-10-01 14:31:57 +0000,15243
packages/infrastructure/transport/ride-history-store.ts,executable,bf614ed4,docs: DEC-33 — إعادةُ جولةِ تحقُّقٍ (فشلُ متصفّحٍ عابرٌ),2026-10-01 14:31:57 +0000,12944
packages/infrastructure/transport/ride-request-store.ts,executable,bf614ed4,docs: DEC-33 — إعادةُ جولةِ تحقُّقٍ (فشلُ متصفّحٍ عابرٌ),2026-10-01 14:31:57 +0000,12908
packages/infrastructure/transport/ride-share-store.ts,executable,bf614ed4,docs: DEC-33 — إعادةُ جولةِ تحقُّقٍ (فشلُ متصفّحٍ عابرٌ),2026-10-01 14:31:57 +0000,9742
packages/infrastructure/transport/ride-summary-store.ts,executable,bf614ed4,docs: DEC-33 — إعادةُ جولةِ تحقُّقٍ (فشلُ متصفّحٍ عابرٌ),2026-10-01 14:31:57 +0000,12375
packages/infrastructure/transport/ride-trace-store.ts,executable,bf614ed4,docs: DEC-33 — إعادةُ جولةِ تحقُّقٍ (فشلُ متصفّحٍ عابرٌ),2026-10-01 14:31:57 +0000,6626
packages/infrastructure/wasla/core-event-shipper.ts,executable,bf614ed4,docs: DEC-33 — إعادةُ جولةِ تحقُّقٍ (فشلُ متصفّحٍ عابرٌ),2026-10-01 14:31:57 +0000,9174
packages/infrastructure/wasla/operational-job-repository.ts,executable,bf614ed4,docs: DEC-33 — إعادةُ جولةِ تحقُّقٍ (فشلُ متصفّحٍ عابرٌ),2026-10-01 14:31:57 +0000,10307
packages/infrastructure/workflow/index.ts,executable,bf614ed4,docs: DEC-33 — إعادةُ جولةِ تحقُّقٍ (فشلُ متصفّحٍ عابرٌ),2026-10-01 14:31:57 +0000,550
packages/maps/core/index.ts,executable,bf614ed4,docs: DEC-33 — إعادةُ جولةِ تحقُّقٍ (فشلُ متصفّحٍ عابرٌ),2026-10-01 14:31:57 +0000,657
packages/maps/core/map-provider.ts,executable,bf614ed4,docs: DEC-33 — إعادةُ جولةِ تحقُّقٍ (فشلُ متصفّحٍ عابرٌ),2026-10-01 14:31:57 +0000,7058
packages/maps/core/routing-provider.ts,executable,bf614ed4,docs: DEC-33 — إعادةُ جولةِ تحقُّقٍ (فشلُ متصفّحٍ عابرٌ),2026-10-01 14:31:57 +0000,8962
packages/maps/core/types.ts,executable,bf614ed4,docs: DEC-33 — إعادةُ جولةِ تحقُّقٍ (فشلُ متصفّحٍ عابرٌ),2026-10-01 14:31:57 +0000,6810
packages/maps/index.ts,executable,bf614ed4,docs: DEC-33 — إعادةُ جولةِ تحقُّقٍ (فشلُ متصفّحٍ عابرٌ),2026-10-01 14:31:57 +0000,293
packages/maps/live-map-reducer.ts,executable,bf614ed4,docs: DEC-33 — إعادةُ جولةِ تحقُّقٍ (فشلُ متصفّحٍ عابرٌ),2026-10-01 14:31:57 +0000,4118
packages/maps/providers/maplibre/index.ts,executable,bf614ed4,docs: DEC-33 — إعادةُ جولةِ تحقُّقٍ (فشلُ متصفّحٍ عابرٌ),2026-10-01 14:31:57 +0000,169
packages/maps/providers/maplibre/maplibre-style.ts,executable,bf614ed4,docs: DEC-33 — إعادةُ جولةِ تحقُّقٍ (فشلُ متصفّحٍ عابرٌ),2026-10-01 14:31:57 +0000,7173
packages/maps/providers/osrm/index.ts,executable,bf614ed4,docs: DEC-33 — إعادةُ جولةِ تحقُّقٍ (فشلُ متصفّحٍ عابرٌ),2026-10-01 14:31:57 +0000,74
packages/maps/providers/osrm/osrm-provider.ts,executable,bf614ed4,docs: DEC-33 — إعادةُ جولةِ تحقُّقٍ (فشلُ متصفّحٍ عابرٌ),2026-10-01 14:31:57 +0000,25909
packages/shared/config/connection-budget.ts,executable,bf614ed4,docs: DEC-33 — إعادةُ جولةِ تحقُّقٍ (فشلُ متصفّحٍ عابرٌ),2026-10-01 14:31:57 +0000,16491
packages/shared/config/core-event-transport.ts,executable,bf614ed4,docs: DEC-33 — إعادةُ جولةِ تحقُّقٍ (فشلُ متصفّحٍ عابرٌ),2026-10-01 14:31:57 +0000,5518
packages/shared/config/domain-ingress.ts,executable,bf614ed4,docs: DEC-33 — إعادةُ جولةِ تحقُّقٍ (فشلُ متصفّحٍ عابرٌ),2026-10-01 14:31:57 +0000,12383
packages/shared/config/driver-location-hot-state.ts,executable,bf614ed4,docs: DEC-33 — إعادةُ جولةِ تحقُّقٍ (فشلُ متصفّحٍ عابرٌ),2026-10-01 14:31:57 +0000,5483
packages/shared/config/erasure-policy.ts,executable,440202e9,feat: DEC-43 ticket threads + DEC-41 emergency contact + DEC-42 notification pre,2026-10-02 12:20:41 +0300,35476
packages/shared/config/index.ts,executable,bf614ed4,docs: DEC-33 — إعادةُ جولةِ تحقُّقٍ (فشلُ متصفّحٍ عابرٌ),2026-10-01 14:31:57 +0000,67811
packages/shared/config/move-event-outbox.ts,executable,bf614ed4,docs: DEC-33 — إعادةُ جولةِ تحقُّقٍ (فشلُ متصفّحٍ عابرٌ),2026-10-01 14:31:57 +0000,6785
packages/shared/config/notification-kinds.ts,executable,bf614ed4,docs: DEC-33 — إعادةُ جولةِ تحقُّقٍ (فشلُ متصفّحٍ عابرٌ),2026-10-01 14:31:57 +0000,5724
packages/shared/config/platform-secret.ts,executable,bf614ed4,docs: DEC-33 — إعادةُ جولةِ تحقُّقٍ (فشلُ متصفّحٍ عابرٌ),2026-10-01 14:31:57 +0000,4477
packages/shared/config/queue-backpressure.ts,executable,bf614ed4,docs: DEC-33 — إعادةُ جولةِ تحقُّقٍ (فشلُ متصفّحٍ عابرٌ),2026-10-01 14:31:57 +0000,13484
packages/shared/config/retention-policy.ts,executable,440202e9,feat: DEC-43 ticket threads + DEC-41 emergency contact + DEC-42 notification pre,2026-10-02 12:20:41 +0300,20102
packages/shared/config/single-instance.ts,executable,bf614ed4,docs: DEC-33 — إعادةُ جولةِ تحقُّقٍ (فشلُ متصفّحٍ عابرٌ),2026-10-01 14:31:57 +0000,12174
packages/shared/config/traffic-priority.ts,executable,bf614ed4,docs: DEC-33 — إعادةُ جولةِ تحقُّقٍ (فشلُ متصفّحٍ عابرٌ),2026-10-01 14:31:57 +0000,20222
packages/shared/i18n/ar.json,config,bf614ed4,docs: DEC-33 — إعادةُ جولةِ تحقُّقٍ (فشلُ متصفّحٍ عابرٌ),2026-10-01 14:31:57 +0000,56874
packages/shared/i18n/en.json,config,bf614ed4,docs: DEC-33 — إعادةُ جولةِ تحقُّقٍ (فشلُ متصفّحٍ عابرٌ),2026-10-01 14:31:57 +0000,46716
packages/shared/i18n/index.ts,executable,bf614ed4,docs: DEC-33 — إعادةُ جولةِ تحقُّقٍ (فشلُ متصفّحٍ عابرٌ),2026-10-01 14:31:57 +0000,1668
packages/shared/i18n/miniapp/ar-parts/account.ts,executable,bf614ed4,docs: DEC-33 — إعادةُ جولةِ تحقُّقٍ (فشلُ متصفّحٍ عابرٌ),2026-10-01 14:31:57 +0000,801
packages/shared/i18n/miniapp/ar-parts/driver.ts,executable,bf614ed4,docs: DEC-33 — إعادةُ جولةِ تحقُّقٍ (فشلُ متصفّحٍ عابرٌ),2026-10-01 14:31:57 +0000,799
packages/shared/i18n/miniapp/ar-parts/onboarding.ts,executable,bf614ed4,docs: DEC-33 — إعادةُ جولةِ تحقُّقٍ (فشلُ متصفّحٍ عابرٌ),2026-10-01 14:31:57 +0000,821
packages/shared/i18n/miniapp/ar-parts/rider-history.ts,executable,bf614ed4,docs: DEC-33 — إعادةُ جولةِ تحقُّقٍ (فشلُ متصفّحٍ عابرٌ),2026-10-01 14:31:57 +0000,813
packages/shared/i18n/miniapp/ar-parts/rider-ride.ts,executable,bf614ed4,docs: DEC-33 — إعادةُ جولةِ تحقُّقٍ (فشلُ متصفّحٍ عابرٌ),2026-10-01 14:31:57 +0000,807
packages/shared/i18n/miniapp/ar-parts/support.ts,executable,bf614ed4,docs: DEC-33 — إعادةُ جولةِ تحقُّقٍ (فشلُ متصفّحٍ عابرٌ),2026-10-01 14:31:57 +0000,801
packages/shared/i18n/miniapp/ar.json,config,6c594d78,feat: DEC-37 deduction trace — GET /v1/driver/deductions from wallet ledger (#36,2026-10-02 10:19:23 +0300,133140
packages/shared/i18n/miniapp/core.ts,executable,bf614ed4,docs: DEC-33 — إعادةُ جولةِ تحقُّقٍ (فشلُ متصفّحٍ عابرٌ),2026-10-01 14:31:57 +0000,5380
packages/shared/i18n/miniapp/en.json,config,6c594d78,feat: DEC-37 deduction trace — GET /v1/driver/deductions from wallet ledger (#36,2026-10-02 10:19:23 +0300,107723
packages/shared/i18n/miniapp/index.ts,executable,bf614ed4,docs: DEC-33 — إعادةُ جولةِ تحقُّقٍ (فشلُ متصفّحٍ عابرٌ),2026-10-01 14:31:57 +0000,2683
packages/shared/i18n/miniapp/load.ts,executable,bf614ed4,docs: DEC-33 — إعادةُ جولةِ تحقُّقٍ (فشلُ متصفّحٍ عابرٌ),2026-10-01 14:31:57 +0000,1810
packages/shared/i18n/miniapp/partitions.ts,executable,bf614ed4,docs: DEC-33 — إعادةُ جولةِ تحقُّقٍ (فشلُ متصفّحٍ عابرٌ),2026-10-01 14:31:57 +0000,3598
packages/shared/i18n/miniapp/ur.json,config,6c594d78,feat: DEC-37 deduction trace — GET /v1/driver/deductions from wallet ledger (#36,2026-10-02 10:19:23 +0300,145111
packages/shared/i18n/ur.json,config,bf614ed4,docs: DEC-33 — إعادةُ جولةِ تحقُّقٍ (فشلُ متصفّحٍ عابرٌ),2026-10-01 14:31:57 +0000,64104
packages/shared/kernel/index.ts,executable,bf614ed4,docs: DEC-33 — إعادةُ جولةِ تحقُّقٍ (فشلُ متصفّحٍ عابرٌ),2026-10-01 14:31:57 +0000,1968
packages/shared/miniapp-link/index.ts,executable,bf614ed4,docs: DEC-33 — إعادةُ جولةِ تحقُّقٍ (فشلُ متصفّحٍ عابرٌ),2026-10-01 14:31:57 +0000,7381
packages/shared/resilience/bulkhead.ts,executable,bf614ed4,docs: DEC-33 — إعادةُ جولةِ تحقُّقٍ (فشلُ متصفّحٍ عابرٌ),2026-10-01 14:31:57 +0000,3145
packages/shared/resilience/circuit-breaker.ts,executable,bf614ed4,docs: DEC-33 — إعادةُ جولةِ تحقُّقٍ (فشلُ متصفّحٍ عابرٌ),2026-10-01 14:31:57 +0000,7695
packages/shared/resilience/dependency-guard.ts,executable,bf614ed4,docs: DEC-33 — إعادةُ جولةِ تحقُّقٍ (فشلُ متصفّحٍ عابرٌ),2026-10-01 14:31:57 +0000,13413
packages/shared/resilience/index.ts,executable,bf614ed4,docs: DEC-33 — إعادةُ جولةِ تحقُّقٍ (فشلُ متصفّحٍ عابرٌ),2026-10-01 14:31:57 +0000,792
packages/shared/result/index.ts,executable,bf614ed4,docs: DEC-33 — إعادةُ جولةِ تحقُّقٍ (فشلُ متصفّحٍ عابرٌ),2026-10-01 14:31:57 +0000,1753
packages/shared/wasla/egress-gate.ts,executable,bf614ed4,docs: DEC-33 — إعادةُ جولةِ تحقُّقٍ (فشلُ متصفّحٍ عابرٌ),2026-10-01 14:31:57 +0000,16182
packages/shared/wasla/egress-registry.ts,executable,6c594d78,feat: DEC-37 deduction trace — GET /v1/driver/deductions from wallet ledger (#36,2026-10-02 10:19:23 +0300,26551
packages/tracking/config.ts,executable,bf614ed4,docs: DEC-33 — إعادةُ جولةِ تحقُّقٍ (فشلُ متصفّحٍ عابرٌ),2026-10-01 14:31:57 +0000,3317
packages/tracking/index.ts,executable,bf614ed4,docs: DEC-33 — إعادةُ جولةِ تحقُّقٍ (فشلُ متصفّحٍ عابرٌ),2026-10-01 14:31:57 +0000,2027
packages/tracking/session-store.ts,executable,bf614ed4,docs: DEC-33 — إعادةُ جولةِ تحقُّقٍ (فشلُ متصفّحٍ عابرٌ),2026-10-01 14:31:57 +0000,11856
packages/tracking/types.ts,executable,bf614ed4,docs: DEC-33 — إعادةُ جولةِ تحقُّقٍ (فشلُ متصفّحٍ عابرٌ),2026-10-01 14:31:57 +0000,6319
render.yaml,config,bf614ed4,docs: DEC-33 — إعادةُ جولةِ تحقُّقٍ (فشلُ متصفّحٍ عابرٌ),2026-10-01 14:31:57 +0000,43403
runtime_agent/experience/README.md,doc,bf614ed4,docs: DEC-33 — إعادةُ جولةِ تحقُّقٍ (فشلُ متصفّحٍ عابرٌ),2026-10-01 14:31:57 +0000,884
runtime_agent/memory/README.md,doc,bf614ed4,docs: DEC-33 — إعادةُ جولةِ تحقُّقٍ (فشلُ متصفّحٍ عابرٌ),2026-10-01 14:31:57 +0000,888
scripts/activate-launch-cities.ts,executable,bf614ed4,docs: DEC-33 — إعادةُ جولةِ تحقُّقٍ (فشلُ متصفّحٍ عابرٌ),2026-10-01 14:31:57 +0000,11795
scripts/activate-pilot-city.ts,executable,bf614ed4,docs: DEC-33 — إعادةُ جولةِ تحقُّقٍ (فشلُ متصفّحٍ عابرٌ),2026-10-01 14:31:57 +0000,8126
scripts/agent-effectiveness.ts,executable,bf614ed4,docs: DEC-33 — إعادةُ جولةِ تحقُّقٍ (فشلُ متصفّحٍ عابرٌ),2026-10-01 14:31:57 +0000,7875
scripts/audit-plpgsql.py,other,bf614ed4,docs: DEC-33 — إعادةُ جولةِ تحقُّقٍ (فشلُ متصفّحٍ عابرٌ),2026-10-01 14:31:57 +0000,4091
scripts/audit/sec-10-role-audit.py,other,bf614ed4,docs: DEC-33 — إعادةُ جولةِ تحقُّقٍ (فشلُ متصفّحٍ عابرٌ),2026-10-01 14:31:57 +0000,4469
scripts/backup-restore-drill.ts,executable,bf614ed4,docs: DEC-33 — إعادةُ جولةِ تحقُّقٍ (فشلُ متصفّحٍ عابرٌ),2026-10-01 14:31:57 +0000,6034
scripts/check-account-surface-contract.ts,executable,bf614ed4,docs: DEC-33 — إعادةُ جولةِ تحقُّقٍ (فشلُ متصفّحٍ عابرٌ),2026-10-01 14:31:57 +0000,4224
scripts/check-active-ride-contract.ts,executable,bf614ed4,docs: DEC-33 — إعادةُ جولةِ تحقُّقٍ (فشلُ متصفّحٍ عابرٌ),2026-10-01 14:31:57 +0000,3558
scripts/check-admin-metric-snapshot-contract.ts,executable,bf614ed4,docs: DEC-33 — إعادةُ جولةِ تحقُّقٍ (فشلُ متصفّحٍ عابرٌ),2026-10-01 14:31:57 +0000,5196
scripts/check-adr-numbering.ts,executable,bf614ed4,docs: DEC-33 — إعادةُ جولةِ تحقُّقٍ (فشلُ متصفّحٍ عابرٌ),2026-10-01 14:31:57 +0000,4614
scripts/check-agent-core-isolation.ts,executable,bf614ed4,docs: DEC-33 — إعادةُ جولةِ تحقُّقٍ (فشلُ متصفّحٍ عابرٌ),2026-10-01 14:31:57 +0000,5137
scripts/check-audit-actions.ts,executable,bf614ed4,docs: DEC-33 — إعادةُ جولةِ تحقُّقٍ (فشلُ متصفّحٍ عابرٌ),2026-10-01 14:31:57 +0000,4325
scripts/check-authority-data-export.ts,executable,bf614ed4,docs: DEC-33 — إعادةُ جولةِ تحقُّقٍ (فشلُ متصفّحٍ عابرٌ),2026-10-01 14:31:57 +0000,3486
scripts/check-bench-seed-determinism.ts,executable,bf614ed4,docs: DEC-33 — إعادةُ جولةِ تحقُّقٍ (فشلُ متصفّحٍ عابرٌ),2026-10-01 14:31:57 +0000,4233
scripts/check-blocker-registry.ts,executable,bf614ed4,docs: DEC-33 — إعادةُ جولةِ تحقُّقٍ (فشلُ متصفّحٍ عابرٌ),2026-10-01 14:31:57 +0000,22934
scripts/check-boundary-audit.ts,executable,bf614ed4,docs: DEC-33 — إعادةُ جولةِ تحقُّقٍ (فشلُ متصفّحٍ عابرٌ),2026-10-01 14:31:57 +0000,11539
scripts/check-breach-notification.ts,executable,bf614ed4,docs: DEC-33 — إعادةُ جولةِ تحقُّقٍ (فشلُ متصفّحٍ عابرٌ),2026-10-01 14:31:57 +0000,6228
scripts/check-business-constants.ts,executable,bf614ed4,docs: DEC-33 — إعادةُ جولةِ تحقُّقٍ (فشلُ متصفّحٍ عابرٌ),2026-10-01 14:31:57 +0000,11145
scripts/check-commission-policy.ts,executable,bf614ed4,docs: DEC-33 — إعادةُ جولةِ تحقُّقٍ (فشلُ متصفّحٍ عابرٌ),2026-10-01 14:31:57 +0000,1761
scripts/check-connection-budget.ts,executable,bf614ed4,docs: DEC-33 — إعادةُ جولةِ تحقُّقٍ (فشلُ متصفّحٍ عابرٌ),2026-10-01 14:31:57 +0000,17945
scripts/check-consent-documents.ts,executable,bf614ed4,docs: DEC-33 — إعادةُ جولةِ تحقُّقٍ (فشلُ متصفّحٍ عابرٌ),2026-10-01 14:31:57 +0000,10149
scripts/check-core-contract-freshness.ts,executable,bf614ed4,docs: DEC-33 — إعادةُ جولةِ تحقُّقٍ (فشلُ متصفّحٍ عابرٌ),2026-10-01 14:31:57 +0000,13098
scripts/check-core-contract-parity.ts,executable,bf614ed4,docs: DEC-33 — إعادةُ جولةِ تحقُّقٍ (فشلُ متصفّحٍ عابرٌ),2026-10-01 14:31:57 +0000,18130
scripts/check-core-metrics.ts,executable,bf614ed4,docs: DEC-33 — إعادةُ جولةِ تحقُّقٍ (فشلُ متصفّحٍ عابرٌ),2026-10-01 14:31:57 +0000,4235
scripts/check-cost-sensitivity.ts,executable,bf614ed4,docs: DEC-33 — إعادةُ جولةِ تحقُّقٍ (فشلُ متصفّحٍ عابرٌ),2026-10-01 14:31:57 +0000,14552
scripts/check-coverage-gate.ts,executable,bf614ed4,docs: DEC-33 — إعادةُ جولةِ تحقُّقٍ (فشلُ متصفّحٍ عابرٌ),2026-10-01 14:31:57 +0000,6050
scripts/check-css-class-coverage.ts,executable,bf614ed4,docs: DEC-33 — إعادةُ جولةِ تحقُّقٍ (فشلُ متصفّحٍ عابرٌ),2026-10-01 14:31:57 +0000,4375
scripts/check-cutover-plan.ts,executable,bf614ed4,docs: DEC-33 — إعادةُ جولةِ تحقُّقٍ (فشلُ متصفّحٍ عابرٌ),2026-10-01 14:31:57 +0000,14831
scripts/check-date-only-boundary.ts,executable,bf614ed4,docs: DEC-33 — إعادةُ جولةِ تحقُّقٍ (فشلُ متصفّحٍ عابرٌ),2026-10-01 14:31:57 +0000,2441
scripts/check-deferred-area.ts,executable,bf614ed4,docs: DEC-33 — إعادةُ جولةِ تحقُّقٍ (فشلُ متصفّحٍ عابرٌ),2026-10-01 14:31:57 +0000,8190
scripts/check-dependency-advisories.ts,executable,bf614ed4,docs: DEC-33 — إعادةُ جولةِ تحقُّقٍ (فشلُ متصفّحٍ عابرٌ),2026-10-01 14:31:57 +0000,6595
scripts/check-dependency-resilience.ts,executable,bf614ed4,docs: DEC-33 — إعادةُ جولةِ تحقُّقٍ (فشلُ متصفّحٍ عابرٌ),2026-10-01 14:31:57 +0000,13132
scripts/check-destination-contract.ts,executable,bf614ed4,docs: DEC-33 — إعادةُ جولةِ تحقُّقٍ (فشلُ متصفّحٍ عابرٌ),2026-10-01 14:31:57 +0000,17223
scripts/check-docs-budget.ts,executable,bf614ed4,docs: DEC-33 — إعادةُ جولةِ تحقُّقٍ (فشلُ متصفّحٍ عابرٌ),2026-10-01 14:31:57 +0000,5090
scripts/check-driver-activity-contract.ts,executable,bf614ed4,docs: DEC-33 — إعادةُ جولةِ تحقُّقٍ (فشلُ متصفّحٍ عابرٌ),2026-10-01 14:31:57 +0000,3887
scripts/check-driver-documents-contract.ts,executable,bf614ed4,docs: DEC-33 — إعادةُ جولةِ تحقُّقٍ (فشلُ متصفّحٍ عابرٌ),2026-10-01 14:31:57 +0000,3768
scripts/check-driver-job-contract.ts,executable,bf614ed4,docs: DEC-33 — إعادةُ جولةِ تحقُّقٍ (فشلُ متصفّحٍ عابرٌ),2026-10-01 14:31:57 +0000,4519
scripts/check-driver-offers-contract.ts,executable,bf614ed4,docs: DEC-33 — إعادةُ جولةِ تحقُّقٍ (فشلُ متصفّحٍ عابرٌ),2026-10-01 14:31:57 +0000,4086
scripts/check-driver-subscription-contract.ts,executable,bf614ed4,docs: DEC-33 — إعادةُ جولةِ تحقُّقٍ (فشلُ متصفّحٍ عابرٌ),2026-10-01 14:31:57 +0000,3159
scripts/check-driver-vehicle-contract.ts,executable,bf614ed4,docs: DEC-33 — إعادةُ جولةِ تحقُّقٍ (فشلُ متصفّحٍ عابرٌ),2026-10-01 14:31:57 +0000,2910
scripts/check-eco-user-cost.ts,executable,bf614ed4,docs: DEC-33 — إعادةُ جولةِ تحقُّقٍ (فشلُ متصفّحٍ عابرٌ),2026-10-01 14:31:57 +0000,9667
scripts/check-egress-boundary.ts,executable,bf614ed4,docs: DEC-33 — إعادةُ جولةِ تحقُّقٍ (فشلُ متصفّحٍ عابرٌ),2026-10-01 14:31:57 +0000,32382
scripts/check-env-drift.ts,executable,bf614ed4,docs: DEC-33 — إعادةُ جولةِ تحقُّقٍ (فشلُ متصفّحٍ عابرٌ),2026-10-01 14:31:57 +0000,8124
scripts/check-erasure-policy.ts,executable,bf614ed4,docs: DEC-33 — إعادةُ جولةِ تحقُّقٍ (فشلُ متصفّحٍ عابرٌ),2026-10-01 14:31:57 +0000,17127
scripts/check-guard-enforcement.ts,executable,bf614ed4,docs: DEC-33 — إعادةُ جولةِ تحقُّقٍ (فشلُ متصفّحٍ عابرٌ),2026-10-01 14:31:57 +0000,6525
scripts/check-hot-location-state.ts,executable,bf614ed4,docs: DEC-33 — إعادةُ جولةِ تحقُّقٍ (فشلُ متصفّحٍ عابرٌ),2026-10-01 14:31:57 +0000,19431
scripts/check-hot-query-index-coverage.ts,executable,bf614ed4,docs: DEC-33 — إعادةُ جولةِ تحقُّقٍ (فشلُ متصفّحٍ عابرٌ),2026-10-01 14:31:57 +0000,8007
scripts/check-i18n.ts,executable,bf614ed4,docs: DEC-33 — إعادةُ جولةِ تحقُّقٍ (فشلُ متصفّحٍ عابرٌ),2026-10-01 14:31:57 +0000,5223
scripts/check-instance-invariant.ts,executable,bf614ed4,docs: DEC-33 — إعادةُ جولةِ تحقُّقٍ (فشلُ متصفّحٍ عابرٌ),2026-10-01 14:31:57 +0000,50683
scripts/check-integration-city-precondition.ts,executable,bf614ed4,docs: DEC-33 — إعادةُ جولةِ تحقُّقٍ (فشلُ متصفّحٍ عابرٌ),2026-10-01 14:31:57 +0000,1702
scripts/check-jsonb-binding.ts,executable,bf614ed4,docs: DEC-33 — إعادةُ جولةِ تحقُّقٍ (فشلُ متصفّحٍ عابرٌ),2026-10-01 14:31:57 +0000,3253
scripts/check-lazy-query-assertion.ts,executable,bf614ed4,docs: DEC-33 — إعادةُ جولةِ تحقُّقٍ (فشلُ متصفّحٍ عابرٌ),2026-10-01 14:31:57 +0000,2997
scripts/check-location-acceptance-stamp.ts,executable,bf614ed4,docs: DEC-33 — إعادةُ جولةِ تحقُّقٍ (فشلُ متصفّحٍ عابرٌ),2026-10-01 14:31:57 +0000,14601
scripts/check-location-broadcast-contract.ts,executable,bf614ed4,docs: DEC-33 — إعادةُ جولةِ تحقُّقٍ (فشلُ متصفّحٍ عابرٌ),2026-10-01 14:31:57 +0000,3992
scripts/check-lost-item-mechanism.ts,executable,bf614ed4,docs: DEC-33 — إعادةُ جولةِ تحقُّقٍ (فشلُ متصفّحٍ عابرٌ),2026-10-01 14:31:57 +0000,9626
scripts/check-map-matching-scope.ts,executable,bf614ed4,docs: DEC-33 — إعادةُ جولةِ تحقُّقٍ (فشلُ متصفّحٍ عابرٌ),2026-10-01 14:31:57 +0000,6785
scripts/check-migration-applier.ts,executable,bf614ed4,docs: DEC-33 — إعادةُ جولةِ تحقُّقٍ (فشلُ متصفّحٍ عابرٌ),2026-10-01 14:31:57 +0000,9054
scripts/check-migration-dry-run.ts,executable,bf614ed4,docs: DEC-33 — إعادةُ جولةِ تحقُّقٍ (فشلُ متصفّحٍ عابرٌ),2026-10-01 14:31:57 +0000,17522
scripts/check-migration-matrix.ts,executable,bf614ed4,docs: DEC-33 — إعادةُ جولةِ تحقُّقٍ (فشلُ متصفّحٍ عابرٌ),2026-10-01 14:31:57 +0000,19817
scripts/check-migration-safety.ts,executable,bf614ed4,docs: DEC-33 — إعادةُ جولةِ تحقُّقٍ (فشلُ متصفّحٍ عابرٌ),2026-10-01 14:31:57 +0000,7145
scripts/check-migrations.ts,executable,bf614ed4,docs: DEC-33 — إعادةُ جولةِ تحقُّقٍ (فشلُ متصفّحٍ عابرٌ),2026-10-01 14:31:57 +0000,17915
scripts/check-no-skipped-tests.ts,test,bf614ed4,docs: DEC-33 — إعادةُ جولةِ تحقُّقٍ (فشلُ متصفّحٍ عابرٌ),2026-10-01 14:31:57 +0000,5128
scripts/check-notification-classification.ts,executable,bf614ed4,docs: DEC-33 — إعادةُ جولةِ تحقُّقٍ (فشلُ متصفّحٍ عابرٌ),2026-10-01 14:31:57 +0000,11407
scripts/check-object-authorization.ts,executable,bf614ed4,docs: DEC-33 — إعادةُ جولةِ تحقُّقٍ (فشلُ متصفّحٍ عابرٌ),2026-10-01 14:31:57 +0000,4130
scripts/check-paid-broadcast-guard.ts,executable,bf614ed4,docs: DEC-33 — إعادةُ جولةِ تحقُّقٍ (فشلُ متصفّحٍ عابرٌ),2026-10-01 14:31:57 +0000,5256
scripts/check-payment-lifecycle-matrix.ts,executable,bf614ed4,docs: DEC-33 — إعادةُ جولةِ تحقُّقٍ (فشلُ متصفّحٍ عابرٌ),2026-10-01 14:31:57 +0000,4119
scripts/check-pdpl-compliance.ts,executable,bf614ed4,docs: DEC-33 — إعادةُ جولةِ تحقُّقٍ (فشلُ متصفّحٍ عابرٌ),2026-10-01 14:31:57 +0000,8707
scripts/check-performance-budget.ts,executable,bf614ed4,docs: DEC-33 — إعادةُ جولةِ تحقُّقٍ (فشلُ متصفّحٍ عابرٌ),2026-10-01 14:31:57 +0000,5793
scripts/check-place-kinds.ts,executable,bf614ed4,docs: DEC-33 — إعادةُ جولةِ تحقُّقٍ (فشلُ متصفّحٍ عابرٌ),2026-10-01 14:31:57 +0000,10826
scripts/check-queue-backpressure.ts,executable,bf614ed4,docs: DEC-33 — إعادةُ جولةِ تحقُّقٍ (فشلُ متصفّحٍ عابرٌ),2026-10-01 14:31:57 +0000,16431
scripts/check-quote-contract.ts,executable,bf614ed4,docs: DEC-33 — إعادةُ جولةِ تحقُّقٍ (فشلُ متصفّحٍ عابرٌ),2026-10-01 14:31:57 +0000,44052
scripts/check-rate-limit-coverage.ts,executable,bf614ed4,docs: DEC-33 — إعادةُ جولةِ تحقُّقٍ (فشلُ متصفّحٍ عابرٌ),2026-10-01 14:31:57 +0000,5956
scripts/check-real-redis-proof.ts,executable,bf614ed4,docs: DEC-33 — إعادةُ جولةِ تحقُّقٍ (فشلُ متصفّحٍ عابرٌ),2026-10-01 14:31:57 +0000,3687
scripts/check-real-redis-runner.ts,executable,bf614ed4,docs: DEC-33 — إعادةُ جولةِ تحقُّقٍ (فشلُ متصفّحٍ عابرٌ),2026-10-01 14:31:57 +0000,2876
scripts/check-request-correlation.ts,executable,bf614ed4,docs: DEC-33 — إعادةُ جولةِ تحقُّقٍ (فشلُ متصفّحٍ عابرٌ),2026-10-01 14:31:57 +0000,4958
scripts/check-resource-usage-budget.ts,executable,bf614ed4,docs: DEC-33 — إعادةُ جولةِ تحقُّقٍ (فشلُ متصفّحٍ عابرٌ),2026-10-01 14:31:57 +0000,12288
scripts/check-retention-policy.ts,executable,bf614ed4,docs: DEC-33 — إعادةُ جولةِ تحقُّقٍ (فشلُ متصفّحٍ عابرٌ),2026-10-01 14:31:57 +0000,4338
scripts/check-ride-history-contract.ts,executable,bf614ed4,docs: DEC-33 — إعادةُ جولةِ تحقُّقٍ (فشلُ متصفّحٍ عابرٌ),2026-10-01 14:31:57 +0000,3863
scripts/check-ride-request-contract.ts,executable,bf614ed4,docs: DEC-33 — إعادةُ جولةِ تحقُّقٍ (فشلُ متصفّحٍ عابرٌ),2026-10-01 14:31:57 +0000,31368
scripts/check-ride-share-contract.ts,executable,bf614ed4,docs: DEC-33 — إعادةُ جولةِ تحقُّقٍ (فشلُ متصفّحٍ عابرٌ),2026-10-01 14:31:57 +0000,4903
scripts/check-ride-summary-contract.ts,executable,bf614ed4,docs: DEC-33 — إعادةُ جولةِ تحقُّقٍ (فشلُ متصفّحٍ عابرٌ),2026-10-01 14:31:57 +0000,4023
scripts/check-rider-surface-timing.ts,executable,bf614ed4,docs: DEC-33 — إعادةُ جولةِ تحقُّقٍ (فشلُ متصفّحٍ عابرٌ),2026-10-01 14:31:57 +0000,1413
scripts/check-roadmap.d.mts,other,bf614ed4,docs: DEC-33 — إعادةُ جولةِ تحقُّقٍ (فشلُ متصفّحٍ عابرٌ),2026-10-01 14:31:57 +0000,1753
scripts/check-roadmap.mjs,other,bf614ed4,docs: DEC-33 — إعادةُ جولةِ تحقُّقٍ (فشلُ متصفّحٍ عابرٌ),2026-10-01 14:31:57 +0000,6057
scripts/check-rollback-safety.ts,executable,bf614ed4,docs: DEC-33 — إعادةُ جولةِ تحقُّقٍ (فشلُ متصفّحٍ عابرٌ),2026-10-01 14:31:57 +0000,11409
scripts/check-route-cache-policy.ts,executable,bf614ed4,docs: DEC-33 — إعادةُ جولةِ تحقُّقٍ (فشلُ متصفّحٍ عابرٌ),2026-10-01 14:31:57 +0000,4647
scripts/check-routing-call-budget.ts,executable,bf614ed4,docs: DEC-33 — إعادةُ جولةِ تحقُّقٍ (فشلُ متصفّحٍ عابرٌ),2026-10-01 14:31:57 +0000,13521
scripts/check-row-security-condition.ts,executable,bf614ed4,docs: DEC-33 — إعادةُ جولةِ تحقُّقٍ (فشلُ متصفّحٍ عابرٌ),2026-10-01 14:31:57 +0000,4870
scripts/check-run-manifest.ts,executable,bf614ed4,docs: DEC-33 — إعادةُ جولةِ تحقُّقٍ (فشلُ متصفّحٍ عابرٌ),2026-10-01 14:31:57 +0000,2814
scripts/check-runner-command-validity.ts,executable,bf614ed4,docs: DEC-33 — إعادةُ جولةِ تحقُّقٍ (فشلُ متصفّحٍ عابرٌ),2026-10-01 14:31:57 +0000,9630
scripts/check-scaffold-sprawl.ts,executable,bf614ed4,docs: DEC-33 — إعادةُ جولةِ تحقُّقٍ (فشلُ متصفّحٍ عابرٌ),2026-10-01 14:31:57 +0000,5635
scripts/check-schema-contract.ts,executable,bf614ed4,docs: DEC-33 — إعادةُ جولةِ تحقُّقٍ (فشلُ متصفّحٍ عابرٌ),2026-10-01 14:31:57 +0000,4637
scripts/check-secret-logging.ts,executable,bf614ed4,docs: DEC-33 — إعادةُ جولةِ تحقُّقٍ (فشلُ متصفّحٍ عابرٌ),2026-10-01 14:31:57 +0000,6114
scripts/check-security-controls.ts,executable,bf614ed4,docs: DEC-33 — إعادةُ جولةِ تحقُّقٍ (فشلُ متصفّحٍ عابرٌ),2026-10-01 14:31:57 +0000,2522
scripts/check-security-headers.ts,executable,bf614ed4,docs: DEC-33 — إعادةُ جولةِ تحقُّقٍ (فشلُ متصفّحٍ عابرٌ),2026-10-01 14:31:57 +0000,2895
scripts/check-sequence-witness-order.ts,executable,bf614ed4,docs: DEC-33 — إعادةُ جولةِ تحقُّقٍ (فشلُ متصفّحٍ عابرٌ),2026-10-01 14:31:57 +0000,2871
scripts/check-session-data-budget.ts,executable,bf614ed4,docs: DEC-33 — إعادةُ جولةِ تحقُّقٍ (فشلُ متصفّحٍ عابرٌ),2026-10-01 14:31:57 +0000,13243
scripts/check-session-storage-policy.ts,executable,bf614ed4,docs: DEC-33 — إعادةُ جولةِ تحقُّقٍ (فشلُ متصفّحٍ عابرٌ),2026-10-01 14:31:57 +0000,7925
scripts/check-single-origin-assets.ts,executable,bf614ed4,docs: DEC-33 — إعادةُ جولةِ تحقُّقٍ (فشلُ متصفّحٍ عابرٌ),2026-10-01 14:31:57 +0000,24226
scripts/check-skip-classification.ts,executable,bf614ed4,docs: DEC-33 — إعادةُ جولةِ تحقُّقٍ (فشلُ متصفّحٍ عابرٌ),2026-10-01 14:31:57 +0000,4932
scripts/check-soak-work-measure.ts,executable,bf614ed4,docs: DEC-33 — إعادةُ جولةِ تحقُّقٍ (فشلُ متصفّحٍ عابرٌ),2026-10-01 14:31:57 +0000,2702
scripts/check-sos-intake-isolation.ts,executable,bf614ed4,docs: DEC-33 — إعادةُ جولةِ تحقُّقٍ (فشلُ متصفّحٍ عابرٌ),2026-10-01 14:31:57 +0000,18967
scripts/check-sos-surface-contract.ts,executable,bf614ed4,docs: DEC-33 — إعادةُ جولةِ تحقُّقٍ (فشلُ متصفّحٍ عابرٌ),2026-10-01 14:31:57 +0000,3552
scripts/check-staging-blueprint.ts,executable,bf614ed4,docs: DEC-33 — إعادةُ جولةِ تحقُّقٍ (فشلُ متصفّحٍ عابرٌ),2026-10-01 14:31:57 +0000,3567
scripts/check-structured-logging.ts,executable,bf614ed4,docs: DEC-33 — إعادةُ جولةِ تحقُّقٍ (فشلُ متصفّحٍ عابرٌ),2026-10-01 14:31:57 +0000,19413
scripts/check-support-intake-contract.ts,executable,bf614ed4,docs: DEC-33 — إعادةُ جولةِ تحقُّقٍ (فشلُ متصفّحٍ عابرٌ),2026-10-01 14:31:57 +0000,5533
scripts/check-support-volume-budget.ts,executable,bf614ed4,docs: DEC-33 — إعادةُ جولةِ تحقُّقٍ (فشلُ متصفّحٍ عابرٌ),2026-10-01 14:31:57 +0000,11051
scripts/check-system-screens-policy.ts,executable,bf614ed4,docs: DEC-33 — إعادةُ جولةِ تحقُّقٍ (فشلُ متصفّحٍ عابرٌ),2026-10-01 14:31:57 +0000,8831
scripts/check-system-state.ts,executable,bf614ed4,docs: DEC-33 — إعادةُ جولةِ تحقُّقٍ (فشلُ متصفّحٍ عابرٌ),2026-10-01 14:31:57 +0000,5117
scripts/check-tax-invoice-contract.ts,executable,bf614ed4,docs: DEC-33 — إعادةُ جولةِ تحقُّقٍ (فشلُ متصفّحٍ عابرٌ),2026-10-01 14:31:57 +0000,5851
scripts/check-telegram-message-budget.ts,executable,bf614ed4,docs: DEC-33 — إعادةُ جولةِ تحقُّقٍ (فشلُ متصفّحٍ عابرٌ),2026-10-01 14:31:57 +0000,17636
scripts/check-telegram-wrapper-isolation.ts,executable,bf614ed4,docs: DEC-33 — إعادةُ جولةِ تحقُّقٍ (فشلُ متصفّحٍ عابرٌ),2026-10-01 14:31:57 +0000,8721
scripts/check-telemetry-policy.ts,executable,bf614ed4,docs: DEC-33 — إعادةُ جولةِ تحقُّقٍ (فشلُ متصفّحٍ عابرٌ),2026-10-01 14:31:57 +0000,10505
scripts/check-test-city-activation.ts,test,bf614ed4,docs: DEC-33 — إعادةُ جولةِ تحقُّقٍ (فشلُ متصفّحٍ عابرٌ),2026-10-01 14:31:57 +0000,2390
scripts/check-test-container-lifecycle.ts,test,bf614ed4,docs: DEC-33 — إعادةُ جولةِ تحقُّقٍ (فشلُ متصفّحٍ عابرٌ),2026-10-01 14:31:57 +0000,5268
scripts/check-tracking-event-carrier.ts,executable,bf614ed4,docs: DEC-33 — إعادةُ جولةِ تحقُّقٍ (فشلُ متصفّحٍ عابرٌ),2026-10-01 14:31:57 +0000,11136
scripts/check-traffic-priority.ts,executable,bf614ed4,docs: DEC-33 — إعادةُ جولةِ تحقُّقٍ (فشلُ متصفّحٍ عابرٌ),2026-10-01 14:31:57 +0000,14430
scripts/check-vehicle-logo-barcode.ts,executable,bf614ed4,docs: DEC-33 — إعادةُ جولةِ تحقُّقٍ (فشلُ متصفّحٍ عابرٌ),2026-10-01 14:31:57 +0000,2947
scripts/check-vendored-contract-integrity.ts,executable,bf614ed4,docs: DEC-33 — إعادةُ جولةِ تحقُّقٍ (فشلُ متصفّحٍ عابرٌ),2026-10-01 14:31:57 +0000,5357
scripts/check-vendored-contract-pins.ts,executable,bf614ed4,docs: DEC-33 — إعادةُ جولةِ تحقُّقٍ (فشلُ متصفّحٍ عابرٌ),2026-10-01 14:31:57 +0000,3660
scripts/check-vendored-pin-follows-bytes.ts,executable,bf614ed4,docs: DEC-33 — إعادةُ جولةِ تحقُّقٍ (فشلُ متصفّحٍ عابرٌ),2026-10-01 14:31:57 +0000,9752
scripts/check-viewer-role-authority.ts,executable,bf614ed4,docs: DEC-33 — إعادةُ جولةِ تحقُّقٍ (فشلُ متصفّحٍ عابرٌ),2026-10-01 14:31:57 +0000,10435
scripts/check-wall-clock-window-tests.ts,test,bf614ed4,docs: DEC-33 — إعادةُ جولةِ تحقُّقٍ (فشلُ متصفّحٍ عابرٌ),2026-10-01 14:31:57 +0000,3188
scripts/check-work-budget.ts,executable,bf614ed4,docs: DEC-33 — إعادةُ جولةِ تحقُّقٍ (فشلُ متصفّحٍ عابرٌ),2026-10-01 14:31:57 +0000,4958
scripts/check-zatca-phase2.ts,executable,bf614ed4,docs: DEC-33 — إعادةُ جولةِ تحقُّقٍ (فشلُ متصفّحٍ عابرٌ),2026-10-01 14:31:57 +0000,8468
scripts/diagnose-f1-09-fcp-v3.cjs,other,bf614ed4,docs: DEC-33 — إعادةُ جولةِ تحقُّقٍ (فشلُ متصفّحٍ عابرٌ),2026-10-01 14:31:57 +0000,16169
scripts/emit-run-manifest.ts,executable,bf614ed4,docs: DEC-33 — إعادةُ جولةِ تحقُّقٍ (فشلُ متصفّحٍ عابرٌ),2026-10-01 14:31:57 +0000,3535
scripts/f5-06-chaos.ts,executable,bf614ed4,docs: DEC-33 — إعادةُ جولةِ تحقُّقٍ (فشلُ متصفّحٍ عابرٌ),2026-10-01 14:31:57 +0000,22876
scripts/f5-06-invariant-refusal.ts,executable,bf614ed4,docs: DEC-33 — إعادةُ جولةِ تحقُّقٍ (فشلُ متصفّحٍ عابرٌ),2026-10-01 14:31:57 +0000,7711
scripts/lib/account-surface-contract.ts,executable,bf614ed4,docs: DEC-33 — إعادةُ جولةِ تحقُّقٍ (فشلُ متصفّحٍ عابرٌ),2026-10-01 14:31:57 +0000,19481
scripts/lib/active-ride-contract.ts,executable,bf614ed4,docs: DEC-33 — إعادةُ جولةِ تحقُّقٍ (فشلُ متصفّحٍ عابرٌ),2026-10-01 14:31:57 +0000,29950
scripts/lib/admin-metric-snapshot-contract.ts,executable,bf614ed4,docs: DEC-33 — إعادةُ جولةِ تحقُّقٍ (فشلُ متصفّحٍ عابرٌ),2026-10-01 14:31:57 +0000,14886
scripts/lib/audit-actions-registry.ts,executable,bf614ed4,docs: DEC-33 — إعادةُ جولةِ تحقُّقٍ (فشلُ متصفّحٍ عابرٌ),2026-10-01 14:31:57 +0000,24268
scripts/lib/backup-drill-timing.ts,executable,bf614ed4,docs: DEC-33 — إعادةُ جولةِ تحقُّقٍ (فشلُ متصفّحٍ عابرٌ),2026-10-01 14:31:57 +0000,6600
scripts/lib/bench-distributed-plan.ts,executable,bf614ed4,docs: DEC-33 — إعادةُ جولةِ تحقُّقٍ (فشلُ متصفّحٍ عابرٌ),2026-10-01 14:31:57 +0000,14256
scripts/lib/bench-seed-fingerprint.ts,executable,bf614ed4,docs: DEC-33 — إعادةُ جولةِ تحقُّقٍ (فشلُ متصفّحٍ عابرٌ),2026-10-01 14:31:57 +0000,3828
scripts/lib/bench-state-compare.ts,executable,bf614ed4,docs: DEC-33 — إعادةُ جولةِ تحقُّقٍ (فشلُ متصفّحٍ عابرٌ),2026-10-01 14:31:57 +0000,4914
scripts/lib/blank-comments.ts,executable,bf614ed4,docs: DEC-33 — إعادةُ جولةِ تحقُّقٍ (فشلُ متصفّحٍ عابرٌ),2026-10-01 14:31:57 +0000,7059
scripts/lib/brownout-invariants.ts,executable,bf614ed4,docs: DEC-33 — إعادةُ جولةِ تحقُّقٍ (فشلُ متصفّحٍ عابرٌ),2026-10-01 14:31:57 +0000,4561
scripts/lib/city-precondition-audit.ts,executable,bf614ed4,docs: DEC-33 — إعادةُ جولةِ تحقُّقٍ (فشلُ متصفّحٍ عابرٌ),2026-10-01 14:31:57 +0000,22872
scripts/lib/city-precondition-exemptions.ts,executable,bf614ed4,docs: DEC-33 — إعادةُ جولةِ تحقُّقٍ (فشلُ متصفّحٍ عابرٌ),2026-10-01 14:31:57 +0000,2866
scripts/lib/city-precondition-repository.ts,executable,bf614ed4,docs: DEC-33 — إعادةُ جولةِ تحقُّقٍ (فشلُ متصفّحٍ عابرٌ),2026-10-01 14:31:57 +0000,3661
scripts/lib/city-precondition-runner.ts,executable,bf614ed4,docs: DEC-33 — إعادةُ جولةِ تحقُّقٍ (فشلُ متصفّحٍ عابرٌ),2026-10-01 14:31:57 +0000,3441
scripts/lib/commercial-state-invariants.ts,executable,bf614ed4,docs: DEC-33 — إعادةُ جولةِ تحقُّقٍ (فشلُ متصفّحٍ عابرٌ),2026-10-01 14:31:57 +0000,9516
scripts/lib/content-security-policy.ts,executable,bf614ed4,docs: DEC-33 — إعادةُ جولةِ تحقُّقٍ (فشلُ متصفّحٍ عابرٌ),2026-10-01 14:31:57 +0000,14840
scripts/lib/core-metrics-contract.ts,executable,bf614ed4,docs: DEC-33 — إعادةُ جولةِ تحقُّقٍ (فشلُ متصفّحٍ عابرٌ),2026-10-01 14:31:57 +0000,18450
scripts/lib/cost-sensitivity.ts,executable,bf614ed4,docs: DEC-33 — إعادةُ جولةِ تحقُّقٍ (فشلُ متصفّحٍ عابرٌ),2026-10-01 14:31:57 +0000,18347
scripts/lib/coverage-gate.ts,executable,bf614ed4,docs: DEC-33 — إعادةُ جولةِ تحقُّقٍ (فشلُ متصفّحٍ عابرٌ),2026-10-01 14:31:57 +0000,13926
scripts/lib/coverage-registry.ts,executable,bf614ed4,docs: DEC-33 — إعادةُ جولةِ تحقُّقٍ (فشلُ متصفّحٍ عابرٌ),2026-10-01 14:31:57 +0000,12402
scripts/lib/css-class-coverage.ts,executable,6c594d78,feat: DEC-37 deduction trace — GET /v1/driver/deductions from wallet ledger (#36,2026-10-02 10:19:23 +0300,30340
scripts/lib/date-only-boundary.ts,executable,bf614ed4,docs: DEC-33 — إعادةُ جولةِ تحقُّقٍ (فشلُ متصفّحٍ عابرٌ),2026-10-01 14:31:57 +0000,8651
scripts/lib/dependency-advisory-registry.ts,executable,bf614ed4,docs: DEC-33 — إعادةُ جولةِ تحقُّقٍ (فشلُ متصفّحٍ عابرٌ),2026-10-01 14:31:57 +0000,13324
scripts/lib/deploy-swap.ts,executable,bf614ed4,docs: DEC-33 — إعادةُ جولةِ تحقُّقٍ (فشلُ متصفّحٍ عابرٌ),2026-10-01 14:31:57 +0000,12847
scripts/lib/docs-budget-baseline.json,other,bf614ed4,docs: DEC-33 — إعادةُ جولةِ تحقُّقٍ (فشلُ متصفّحٍ عابرٌ),2026-10-01 14:31:57 +0000,2586
scripts/lib/docs-budget.ts,executable,bf614ed4,docs: DEC-33 — إعادةُ جولةِ تحقُّقٍ (فشلُ متصفّحٍ عابرٌ),2026-10-01 14:31:57 +0000,7901
scripts/lib/driver-activity-contract.ts,executable,bf614ed4,docs: DEC-33 — إعادةُ جولةِ تحقُّقٍ (فشلُ متصفّحٍ عابرٌ),2026-10-01 14:31:57 +0000,25110
scripts/lib/driver-documents-contract.ts,executable,bf614ed4,docs: DEC-33 — إعادةُ جولةِ تحقُّقٍ (فشلُ متصفّحٍ عابرٌ),2026-10-01 14:31:57 +0000,19535
scripts/lib/driver-job-contract.ts,executable,bf614ed4,docs: DEC-33 — إعادةُ جولةِ تحقُّقٍ (فشلُ متصفّحٍ عابرٌ),2026-10-01 14:31:57 +0000,32982
scripts/lib/driver-offers-contract.ts,executable,bf614ed4,docs: DEC-33 — إعادةُ جولةِ تحقُّقٍ (فشلُ متصفّحٍ عابرٌ),2026-10-01 14:31:57 +0000,30115
scripts/lib/driver-subscription-contract.ts,executable,bf614ed4,docs: DEC-33 — إعادةُ جولةِ تحقُّقٍ (فشلُ متصفّحٍ عابرٌ),2026-10-01 14:31:57 +0000,10460
scripts/lib/driver-vehicle-contract.ts,executable,bf614ed4,docs: DEC-33 — إعادةُ جولةِ تحقُّقٍ (فشلُ متصفّحٍ عابرٌ),2026-10-01 14:31:57 +0000,7592
scripts/lib/eco-user-cost.ts,executable,bf614ed4,docs: DEC-33 — إعادةُ جولةِ تحقُّقٍ (فشلُ متصفّحٍ عابرٌ),2026-10-01 14:31:57 +0000,15656
scripts/lib/first-paint-budget.ts,executable,bf614ed4,docs: DEC-33 — إعادةُ جولةِ تحقُّقٍ (فشلُ متصفّحٍ عابرٌ),2026-10-01 14:31:57 +0000,13781
scripts/lib/gateway-loss.ts,executable,bf614ed4,docs: DEC-33 — إعادةُ جولةِ تحقُّقٍ (فشلُ متصفّحٍ عابرٌ),2026-10-01 14:31:57 +0000,8237
scripts/lib/gateway-route-inventory.ts,executable,bf614ed4,docs: DEC-33 — إعادةُ جولةِ تحقُّقٍ (فشلُ متصفّحٍ عابرٌ),2026-10-01 14:31:57 +0000,12693
scripts/lib/guard-enforcement-registry.ts,executable,bf614ed4,docs: DEC-33 — إعادةُ جولةِ تحقُّقٍ (فشلُ متصفّحٍ عابرٌ),2026-10-01 14:31:57 +0000,8366
scripts/lib/guard-enforcement.ts,executable,bf614ed4,docs: DEC-33 — إعادةُ جولةِ تحقُّقٍ (فشلُ متصفّحٍ عابرٌ),2026-10-01 14:31:57 +0000,8431
scripts/lib/hot-query-indexes.ts,executable,bf614ed4,docs: DEC-33 — إعادةُ جولةِ تحقُّقٍ (فشلُ متصفّحٍ عابرٌ),2026-10-01 14:31:57 +0000,12365
scripts/lib/interactive-budget.ts,executable,bf614ed4,docs: DEC-33 — إعادةُ جولةِ تحقُّقٍ (فشلُ متصفّحٍ عابرٌ),2026-10-01 14:31:57 +0000,14127
scripts/lib/jsonb-binding.ts,executable,bf614ed4,docs: DEC-33 — إعادةُ جولةِ تحقُّقٍ (فشلُ متصفّحٍ عابرٌ),2026-10-01 14:31:57 +0000,7220
scripts/lib/lazy-query-assertion.ts,executable,bf614ed4,docs: DEC-33 — إعادةُ جولةِ تحقُّقٍ (فشلُ متصفّحٍ عابرٌ),2026-10-01 14:31:57 +0000,7379
scripts/lib/location-broadcast-contract.ts,executable,bf614ed4,docs: DEC-33 — إعادةُ جولةِ تحقُّقٍ (فشلُ متصفّحٍ عابرٌ),2026-10-01 14:31:57 +0000,20750
scripts/lib/migration-baseline.ts,executable,bf614ed4,docs: DEC-33 — إعادةُ جولةِ تحقُّقٍ (فشلُ متصفّحٍ عابرٌ),2026-10-01 14:31:57 +0000,6992
scripts/lib/migration-safety.ts,executable,bf614ed4,docs: DEC-33 — إعادةُ جولةِ تحقُّقٍ (فشلُ متصفّحٍ عابرٌ),2026-10-01 14:31:57 +0000,16028
scripts/lib/migration-sources.ts,executable,bf614ed4,docs: DEC-33 — إعادةُ جولةِ تحقُّقٍ (فشلُ متصفّحٍ عابرٌ),2026-10-01 14:31:57 +0000,5547
scripts/lib/object-authorization-contract.ts,executable,bf614ed4,docs: DEC-33 — إعادةُ جولةِ تحقُّقٍ (فشلُ متصفّحٍ عابرٌ),2026-10-01 14:31:57 +0000,24466
scripts/lib/payment-lifecycle-matrix.ts,executable,bf614ed4,docs: DEC-33 — إعادةُ جولةِ تحقُّقٍ (فشلُ متصفّحٍ عابرٌ),2026-10-01 14:31:57 +0000,23555
scripts/lib/payment-outage.ts,executable,bf614ed4,docs: DEC-33 — إعادةُ جولةِ تحقُّقٍ (فشلُ متصفّحٍ عابرٌ),2026-10-01 14:31:57 +0000,18055
scripts/lib/performance-budget.ts,executable,bf614ed4,docs: DEC-33 — إعادةُ جولةِ تحقُّقٍ (فشلُ متصفّحٍ عابرٌ),2026-10-01 14:31:57 +0000,17519
scripts/lib/rate-limit-audit.ts,executable,bf614ed4,docs: DEC-33 — إعادةُ جولةِ تحقُّقٍ (فشلُ متصفّحٍ عابرٌ),2026-10-01 14:31:57 +0000,12852
scripts/lib/real-redis-proof.ts,executable,bf614ed4,docs: DEC-33 — إعادةُ جولةِ تحقُّقٍ (فشلُ متصفّحٍ عابرٌ),2026-10-01 14:31:57 +0000,10631
scripts/lib/real-redis-runner.ts,executable,bf614ed4,docs: DEC-33 — إعادةُ جولةِ تحقُّقٍ (فشلُ متصفّحٍ عابرٌ),2026-10-01 14:31:57 +0000,10195
scripts/lib/repo-path.ts,executable,bf614ed4,docs: DEC-33 — إعادةُ جولةِ تحقُّقٍ (فشلُ متصفّحٍ عابرٌ),2026-10-01 14:31:57 +0000,1997
scripts/lib/request-correlation-contract.ts,executable,bf614ed4,docs: DEC-33 — إعادةُ جولةِ تحقُّقٍ (فشلُ متصفّحٍ عابرٌ),2026-10-01 14:31:57 +0000,16327
scripts/lib/resource-usage-budget.ts,executable,bf614ed4,docs: DEC-33 — إعادةُ جولةِ تحقُّقٍ (فشلُ متصفّحٍ عابرٌ),2026-10-01 14:31:57 +0000,20436
scripts/lib/ride-history-contract.ts,executable,bf614ed4,docs: DEC-33 — إعادةُ جولةِ تحقُّقٍ (فشلُ متصفّحٍ عابرٌ),2026-10-01 14:31:57 +0000,26112
scripts/lib/ride-share-contract.ts,executable,bf614ed4,docs: DEC-33 — إعادةُ جولةِ تحقُّقٍ (فشلُ متصفّحٍ عابرٌ),2026-10-01 14:31:57 +0000,32484
scripts/lib/ride-summary-contract.ts,executable,bf614ed4,docs: DEC-33 — إعادةُ جولةِ تحقُّقٍ (فشلُ متصفّحٍ عابرٌ),2026-10-01 14:31:57 +0000,35996
scripts/lib/rider-surface-budget.ts,executable,bf614ed4,docs: DEC-33 — إعادةُ جولةِ تحقُّقٍ (فشلُ متصفّحٍ عابرٌ),2026-10-01 14:31:57 +0000,7760
scripts/lib/rider-surface-timing.ts,executable,bf614ed4,docs: DEC-33 — إعادةُ جولةِ تحقُّقٍ (فشلُ متصفّحٍ عابرٌ),2026-10-01 14:31:57 +0000,4439
scripts/lib/rollback-audit.ts,executable,bf614ed4,docs: DEC-33 — إعادةُ جولةِ تحقُّقٍ (فشلُ متصفّحٍ عابرٌ),2026-10-01 14:31:57 +0000,23786
scripts/lib/rollback-registry.ts,executable,bf614ed4,docs: DEC-33 — إعادةُ جولةِ تحقُّقٍ (فشلُ متصفّحٍ عابرٌ),2026-10-01 14:31:57 +0000,144011
scripts/lib/routing-call-budget.ts,executable,bf614ed4,docs: DEC-33 — إعادةُ جولةِ تحقُّقٍ (فشلُ متصفّحٍ عابرٌ),2026-10-01 14:31:57 +0000,15846
scripts/lib/routing-outage.ts,executable,bf614ed4,docs: DEC-33 — إعادةُ جولةِ تحقُّقٍ (فشلُ متصفّحٍ عابرٌ),2026-10-01 14:31:57 +0000,8779
scripts/lib/row-security-condition.ts,executable,bf614ed4,docs: DEC-33 — إعادةُ جولةِ تحقُّقٍ (فشلُ متصفّحٍ عابرٌ),2026-10-01 14:31:57 +0000,8631
scripts/lib/run-manifest.ts,executable,bf614ed4,docs: DEC-33 — إعادةُ جولةِ تحقُّقٍ (فشلُ متصفّحٍ عابرٌ),2026-10-01 14:31:57 +0000,6536
scripts/lib/runner-command-validity-registry.ts,executable,bf614ed4,docs: DEC-33 — إعادةُ جولةِ تحقُّقٍ (فشلُ متصفّحٍ عابرٌ),2026-10-01 14:31:57 +0000,1142
scripts/lib/runner-command-validity.ts,executable,bf614ed4,docs: DEC-33 — إعادةُ جولةِ تحقُّقٍ (فشلُ متصفّحٍ عابرٌ),2026-10-01 14:31:57 +0000,7187
scripts/lib/schema-contract-extract.ts,executable,bf614ed4,docs: DEC-33 — إعادةُ جولةِ تحقُّقٍ (فشلُ متصفّحٍ عابرٌ),2026-10-01 14:31:57 +0000,4803
scripts/lib/schema-semantic-diff.ts,executable,bf614ed4,docs: DEC-33 — إعادةُ جولةِ تحقُّقٍ (فشلُ متصفّحٍ عابرٌ),2026-10-01 14:31:57 +0000,17714
scripts/lib/security-controls-registry.ts,executable,bf614ed4,docs: DEC-33 — إعادةُ جولةِ تحقُّقٍ (فشلُ متصفّحٍ عابرٌ),2026-10-01 14:31:57 +0000,32124
scripts/lib/security-headers-registry.ts,executable,bf614ed4,docs: DEC-33 — إعادةُ جولةِ تحقُّقٍ (فشلُ متصفّحٍ عابرٌ),2026-10-01 14:31:57 +0000,10888
scripts/lib/sequence-witness-order.ts,executable,bf614ed4,docs: DEC-33 — إعادةُ جولةِ تحقُّقٍ (فشلُ متصفّحٍ عابرٌ),2026-10-01 14:31:57 +0000,8374
scripts/lib/session-data-budget.ts,executable,bf614ed4,docs: DEC-33 — إعادةُ جولةِ تحقُّقٍ (فشلُ متصفّحٍ عابرٌ),2026-10-01 14:31:57 +0000,16654
scripts/lib/skip-audit.ts,executable,bf614ed4,docs: DEC-33 — إعادةُ جولةِ تحقُّقٍ (فشلُ متصفّحٍ عابرٌ),2026-10-01 14:31:57 +0000,24966
scripts/lib/skip-registry.ts,executable,bf614ed4,docs: DEC-33 — إعادةُ جولةِ تحقُّقٍ (فشلُ متصفّحٍ عابرٌ),2026-10-01 14:31:57 +0000,289756
scripts/lib/soak-work-measure.ts,executable,bf614ed4,docs: DEC-33 — إعادةُ جولةِ تحقُّقٍ (فشلُ متصفّحٍ عابرٌ),2026-10-01 14:31:57 +0000,16613
scripts/lib/sos-surface-contract.ts,executable,bf614ed4,docs: DEC-33 — إعادةُ جولةِ تحقُّقٍ (فشلُ متصفّحٍ عابرٌ),2026-10-01 14:31:57 +0000,23657
scripts/lib/staging-blueprint.ts,executable,440202e9,feat: DEC-43 ticket threads + DEC-41 emergency contact + DEC-42 notification pre,2026-10-02 12:20:41 +0300,18857
scripts/lib/support-intake-contract.ts,executable,bf614ed4,docs: DEC-33 — إعادةُ جولةِ تحقُّقٍ (فشلُ متصفّحٍ عابرٌ),2026-10-01 14:31:57 +0000,37126
scripts/lib/support-volume-budget.ts,executable,bf614ed4,docs: DEC-33 — إعادةُ جولةِ تحقُّقٍ (فشلُ متصفّحٍ عابرٌ),2026-10-01 14:31:57 +0000,9574
scripts/lib/tax-invoice-contract.ts,executable,bf614ed4,docs: DEC-33 — إعادةُ جولةِ تحقُّقٍ (فشلُ متصفّحٍ عابرٌ),2026-10-01 14:31:57 +0000,22355
scripts/lib/telegram-message-budget.ts,executable,bf614ed4,docs: DEC-33 — إعادةُ جولةِ تحقُّقٍ (فشلُ متصفّحٍ عابرٌ),2026-10-01 14:31:57 +0000,22711
scripts/lib/telegram-outage.ts,executable,bf614ed4,docs: DEC-33 — إعادةُ جولةِ تحقُّقٍ (فشلُ متصفّحٍ عابرٌ),2026-10-01 14:31:57 +0000,8396
scripts/lib/telegram-test-init-data.ts,test,bf614ed4,docs: DEC-33 — إعادةُ جولةِ تحقُّقٍ (فشلُ متصفّحٍ عابرٌ),2026-10-01 14:31:57 +0000,4702
scripts/lib/traffic-priority-sql.ts,executable,bf614ed4,docs: DEC-33 — إعادةُ جولةِ تحقُّقٍ (فشلُ متصفّحٍ عابرٌ),2026-10-01 14:31:57 +0000,5730
scripts/lib/vendored-contract-pins.ts,executable,bf614ed4,docs: DEC-33 — إعادةُ جولةِ تحقُّقٍ (فشلُ متصفّحٍ عابرٌ),2026-10-01 14:31:57 +0000,9328
scripts/lib/wall-clock-window-tests.ts,test,bf614ed4,docs: DEC-33 — إعادةُ جولةِ تحقُّقٍ (فشلُ متصفّحٍ عابرٌ),2026-10-01 14:31:57 +0000,9223
scripts/lib/wasla-blockers.ts,executable,bf614ed4,docs: DEC-33 — إعادةُ جولةِ تحقُّقٍ (فشلُ متصفّحٍ عابرٌ),2026-10-01 14:31:57 +0000,11939
scripts/lib/wasla-boundary-registry.ts,executable,440202e9,feat: DEC-43 ticket threads + DEC-41 emergency contact + DEC-42 notification pre,2026-10-02 12:20:41 +0300,35423
scripts/lib/wasla-cutover-plan.ts,executable,bf614ed4,docs: DEC-33 — إعادةُ جولةِ تحقُّقٍ (فشلُ متصفّحٍ عابرٌ),2026-10-01 14:31:57 +0000,16543
scripts/lib/wasla-migration-dry-run.ts,executable,bf614ed4,docs: DEC-33 — إعادةُ جولةِ تحقُّقٍ (فشلُ متصفّحٍ عابرٌ),2026-10-01 14:31:57 +0000,23480
scripts/lib/wasla-migration-matrix.ts,executable,440202e9,feat: DEC-43 ticket threads + DEC-41 emergency contact + DEC-42 notification pre,2026-10-02 12:20:41 +0300,50813
scripts/lib/work-budget.ts,executable,bf614ed4,docs: DEC-33 — إعادةُ جولةِ تحقُّقٍ (فشلُ متصفّحٍ عابرٌ),2026-10-01 14:31:57 +0000,5055
scripts/lib/worker-loss-invariants.ts,executable,bf614ed4,docs: DEC-33 — إعادةُ جولةِ تحقُّقٍ (فشلُ متصفّحٍ عابرٌ),2026-10-01 14:31:57 +0000,3274
scripts/load-test.ts,test,bf614ed4,docs: DEC-33 — إعادةُ جولةِ تحقُّقٍ (فشلُ متصفّحٍ عابرٌ),2026-10-01 14:31:57 +0000,18520
scripts/match-race-test.ts,test,bf614ed4,docs: DEC-33 — إعادةُ جولةِ تحقُّقٍ (فشلُ متصفّحٍ عابرٌ),2026-10-01 14:31:57 +0000,14757
scripts/measure-db-rtt.ts,executable,bf614ed4,docs: DEC-33 — إعادةُ جولةِ تحقُّقٍ (فشلُ متصفّحٍ عابرٌ),2026-10-01 14:31:57 +0000,5910
scripts/measure-first-paint.ts,executable,bf614ed4,docs: DEC-33 — إعادةُ جولةِ تحقُّقٍ (فشلُ متصفّحٍ عابرٌ),2026-10-01 14:31:57 +0000,17190
scripts/measure-tti.ts,executable,bf614ed4,docs: DEC-33 — إعادةُ جولةِ تحقُّقٍ (فشلُ متصفّحٍ عابرٌ),2026-10-01 14:31:57 +0000,37861
scripts/migrate.ts,executable,bf614ed4,docs: DEC-33 — إعادةُ جولةِ تحقُّقٍ (فشلُ متصفّحٍ عابرٌ),2026-10-01 14:31:57 +0000,15083
scripts/provision-object-storage.ts,executable,bf614ed4,docs: DEC-33 — إعادةُ جولةِ تحقُّقٍ (فشلُ متصفّحٍ عابرٌ),2026-10-01 14:31:57 +0000,4865
scripts/race-login-code.ts,executable,bf614ed4,docs: DEC-33 — إعادةُ جولةِ تحقُّقٍ (فشلُ متصفّحٍ عابرٌ),2026-10-01 14:31:57 +0000,3550
scripts/race-rating-average.sh,executable,bf614ed4,docs: DEC-33 — إعادةُ جولةِ تحقُّقٍ (فشلُ متصفّحٍ عابرٌ),2026-10-01 14:31:57 +0000,3322
scripts/race-rating-average.sql,other,bf614ed4,docs: DEC-33 — إعادةُ جولةِ تحقُّقٍ (فشلُ متصفّحٍ عابرٌ),2026-10-01 14:31:57 +0000,4073
scripts/race-subscription-changes.ts,executable,bf614ed4,docs: DEC-33 — إعادةُ جولةِ تحقُّقٍ (فشلُ متصفّحٍ عابرٌ),2026-10-01 14:31:57 +0000,9892
scripts/race-support-ticket.ts,executable,bf614ed4,docs: DEC-33 — إعادةُ جولةِ تحقُّقٍ (فشلُ متصفّحٍ عابرٌ),2026-10-01 14:31:57 +0000,4493
scripts/rehearse-cutover.ts,executable,bf614ed4,docs: DEC-33 — إعادةُ جولةِ تحقُّقٍ (فشلُ متصفّحٍ عابرٌ),2026-10-01 14:31:57 +0000,5247
scripts/rollback-schema-drill.ts,executable,bf614ed4,docs: DEC-33 — إعادةُ جولةِ تحقُّقٍ (فشلُ متصفّحٍ عابرٌ),2026-10-01 14:31:57 +0000,13723
scripts/test-delivery-screens.ts,test,bf614ed4,docs: DEC-33 — إعادةُ جولةِ تحقُّقٍ (فشلُ متصفّحٍ عابرٌ),2026-10-01 14:31:57 +0000,39985
scripts/verify-container-build.sh,executable,bf614ed4,docs: DEC-33 — إعادةُ جولةِ تحقُّقٍ (فشلُ متصفّحٍ عابرٌ),2026-10-01 14:31:57 +0000,4529
scripts/verify-translation.ts,executable,bf614ed4,docs: DEC-33 — إعادةُ جولةِ تحقُّقٍ (فشلُ متصفّحٍ عابرٌ),2026-10-01 14:31:57 +0000,4468
scripts/wasla-migration-dry-run.ts,executable,bf614ed4,docs: DEC-33 — إعادةُ جولةِ تحقُّقٍ (فشلُ متصفّحٍ عابرٌ),2026-10-01 14:31:57 +0000,10678
supabase/migrations/20260806120000_phase_2_1_core_schema.sql,migration,bf614ed4,docs: DEC-33 — إعادةُ جولةِ تحقُّقٍ (فشلُ متصفّحٍ عابرٌ),2026-10-01 14:31:57 +0000,15859
supabase/migrations/20260806120100_phase_2_1_atomic_rpcs.sql,migration,bf614ed4,docs: DEC-33 — إعادةُ جولةِ تحقُّقٍ (فشلُ متصفّحٍ عابرٌ),2026-10-01 14:31:57 +0000,9883
supabase/migrations/20260806120200_phase_2_1_seed_cities_and_settings.sql,migration,bf614ed4,docs: DEC-33 — إعادةُ جولةِ تحقُّقٍ (فشلُ متصفّحٍ عابرٌ),2026-10-01 14:31:57 +0000,3456
supabase/migrations/20260807100000_phase_2_3_unsubscribed_negotiation.sql,migration,bf614ed4,docs: DEC-33 — إعادةُ جولةِ تحقُّقٍ (فشلُ متصفّحٍ عابرٌ),2026-10-01 14:31:57 +0000,27485
supabase/migrations/20260807130000_phase_2_4_support_tickets.sql,migration,bf614ed4,docs: DEC-33 — إعادةُ جولةِ تحقُّقٍ (فشلُ متصفّحٍ عابرٌ),2026-10-01 14:31:57 +0000,23095
supabase/migrations/20260807170000_phase_2_5_mutual_ratings.sql,migration,bf614ed4,docs: DEC-33 — إعادةُ جولةِ تحقُّقٍ (فشلُ متصفّحٍ عابرٌ),2026-10-01 14:31:57 +0000,17595
supabase/migrations/20260807190000_phase_2_6_language_selection.sql,migration,bf614ed4,docs: DEC-33 — إعادةُ جولةِ تحقُّقٍ (فشلُ متصفّحٍ عابرٌ),2026-10-01 14:31:57 +0000,5806
supabase/migrations/20260808040000_phase_2_6_scheduled_jobs.sql,migration,bf614ed4,docs: DEC-33 — إعادةُ جولةِ تحقُّقٍ (فشلُ متصفّحٍ عابرٌ),2026-10-01 14:31:57 +0000,12872
supabase/migrations/20260808120000_phase_2_7_start_ride_parties.sql,migration,bf614ed4,docs: DEC-33 — إعادةُ جولةِ تحقُّقٍ (فشلُ متصفّحٍ عابرٌ),2026-10-01 14:31:57 +0000,4242
supabase/migrations/20260808140000_phase_2_7_admin_dashboard.sql,migration,bf614ed4,docs: DEC-33 — إعادةُ جولةِ تحقُّقٍ (فشلُ متصفّحٍ عابرٌ),2026-10-01 14:31:57 +0000,21977
supabase/migrations/20260808180000_phase_3_agent_measurement.sql,migration,bf614ed4,docs: DEC-33 — إعادةُ جولةِ تحقُّقٍ (فشلُ متصفّحٍ عابرٌ),2026-10-01 14:31:57 +0000,12559
supabase/migrations/20260809000000_phase_3_close_postgrest_surface.sql,migration,bf614ed4,docs: DEC-33 — إعادةُ جولةِ تحقُّقٍ (فشلُ متصفّحٍ عابرٌ),2026-10-01 14:31:57 +0000,3844
supabase/migrations/20260809001000_phase_3_close_postgrest_surface_fix.sql,migration,bf614ed4,docs: DEC-33 — إعادةُ جولةِ تحقُّقٍ (فشلُ متصفّحٍ عابرٌ),2026-10-01 14:31:57 +0000,3203
supabase/migrations/20260810100000_phase_5_city_group_ids_admin.sql,migration,bf614ed4,docs: DEC-33 — إعادةُ جولةِ تحقُّقٍ (فشلُ متصفّحٍ عابرٌ),2026-10-01 14:31:57 +0000,5902
supabase/migrations/20260810160000_phase_6_fix_login_code_race.sql,migration,bf614ed4,docs: DEC-33 — إعادةُ جولةِ تحقُّقٍ (فشلُ متصفّحٍ عابرٌ),2026-10-01 14:31:57 +0000,4770
supabase/migrations/20260810170000_phase_6_fix_support_ticket_cooldown_race.sql,migration,bf614ed4,docs: DEC-33 — إعادةُ جولةِ تحقُّقٍ (فشلُ متصفّحٍ عابرٌ),2026-10-01 14:31:57 +0000,6022
supabase/migrations/20260811060000_seed_madinah_city.sql,migration,bf614ed4,docs: DEC-33 — إعادةُ جولةِ تحقُّقٍ (فشلُ متصفّحٍ عابرٌ),2026-10-01 14:31:57 +0000,4220
supabase/migrations/20260811070000_unmatched_escalation_setting.sql,migration,bf614ed4,docs: DEC-33 — إعادةُ جولةِ تحقُّقٍ (فشلُ متصفّحٍ عابرٌ),2026-10-01 14:31:57 +0000,1750
supabase/migrations/20260811080000_driver_kyc_profile.sql,migration,bf614ed4,docs: DEC-33 — إعادةُ جولةِ تحقُّقٍ (فشلُ متصفّحٍ عابرٌ),2026-10-01 14:31:57 +0000,3423
supabase/migrations/20260811090000_cancel_order_fanout.sql,migration,bf614ed4,docs: DEC-33 — إعادةُ جولةِ تحقُّقٍ (فشلُ متصفّحٍ عابرٌ),2026-10-01 14:31:57 +0000,6244
supabase/migrations/20260811120000_driver_preferred_area.sql,migration,bf614ed4,docs: DEC-33 — إعادةُ جولةِ تحقُّقٍ (فشلُ متصفّحٍ عابرٌ),2026-10-01 14:31:57 +0000,6161
supabase/migrations/20260811130000_seed_remaining_cities.sql,migration,bf614ed4,docs: DEC-33 — إعادةُ جولةِ تحقُّقٍ (فشلُ متصفّحٍ عابرٌ),2026-10-01 14:31:57 +0000,3764
supabase/migrations/20260811140000_db_backups_table.sql,migration,bf614ed4,docs: DEC-33 — إعادةُ جولةِ تحقُّقٍ (فشلُ متصفّحٍ عابرٌ),2026-10-01 14:31:57 +0000,3135
supabase/migrations/20260811150000_payment_core.sql,migration,bf614ed4,docs: DEC-33 — إعادةُ جولةِ تحقُّقٍ (فشلُ متصفّحٍ عابرٌ),2026-10-01 14:31:57 +0000,12924
supabase/migrations/20260811160000_payment_rls_policies.sql,migration,bf614ed4,docs: DEC-33 — إعادةُ جولةِ تحقُّقٍ (فشلُ متصفّحٍ عابرٌ),2026-10-01 14:31:57 +0000,2391
supabase/migrations/20260811170000_city_change_rpc.sql,migration,bf614ed4,docs: DEC-33 — إعادةُ جولةِ تحقُّقٍ (فشلُ متصفّحٍ عابرٌ),2026-10-01 14:31:57 +0000,4720
supabase/migrations/20260812000000_phase_1_seal_definer_surface.sql,migration,bf614ed4,docs: DEC-33 — إعادةُ جولةِ تحقُّقٍ (فشلُ متصفّحٍ عابرٌ),2026-10-01 14:31:57 +0000,5371
supabase/migrations/20260812010000_phase_4_location_quality.sql,migration,bf614ed4,docs: DEC-33 — إعادةُ جولةِ تحقُّقٍ (فشلُ متصفّحٍ عابرٌ),2026-10-01 14:31:57 +0000,2025
supabase/migrations/20260812020000_phase_5_fix_recorded_at.sql,migration,bf614ed4,docs: DEC-33 — إعادةُ جولةِ تحقُّقٍ (فشلُ متصفّحٍ عابرٌ),2026-10-01 14:31:57 +0000,2604
supabase/migrations/20260812030000_phase_6_tracking_sessions.sql,migration,bf614ed4,docs: DEC-33 — إعادةُ جولةِ تحقُّقٍ (فشلُ متصفّحٍ عابرٌ),2026-10-01 14:31:57 +0000,7593
supabase/migrations/20260812040000_phase_8_driver_location_max_age.sql,migration,bf614ed4,docs: DEC-33 — إعادةُ جولةِ تحقُّقٍ (فشلُ متصفّحٍ عابرٌ),2026-10-01 14:31:57 +0000,6165
supabase/migrations/20260812120000_city_id_for_global_tables.sql,migration,bf614ed4,docs: DEC-33 — إعادةُ جولةِ تحقُّقٍ (فشلُ متصفّحٍ عابرٌ),2026-10-01 14:31:57 +0000,10636
supabase/migrations/20260812130000_subscription_cancel_and_upgrade.sql,migration,bf614ed4,docs: DEC-33 — إعادةُ جولةِ تحقُّقٍ (فشلُ متصفّحٍ عابرٌ),2026-10-01 14:31:57 +0000,31788
supabase/migrations/20260812150000_capabilities_follow_plan.sql,migration,bf614ed4,docs: DEC-33 — إعادةُ جولةِ تحقُّقٍ (فشلُ متصفّحٍ عابرٌ),2026-10-01 14:31:57 +0000,14969
supabase/migrations/20260813000000_gate_d_rating_race_and_setting_fallbacks.sql,migration,bf614ed4,docs: DEC-33 — إعادةُ جولةِ تحقُّقٍ (فشلُ متصفّحٍ عابرٌ),2026-10-01 14:31:57 +0000,20061
supabase/migrations/20260813010000_subscription_financial_wallets.sql,migration,bf614ed4,docs: DEC-33 — إعادةُ جولةِ تحقُّقٍ (فشلُ متصفّحٍ عابرٌ),2026-10-01 14:31:57 +0000,21312
supabase/migrations/20260813020000_safety_sos_outbox.sql,migration,bf614ed4,docs: DEC-33 — إعادةُ جولةِ تحقُّقٍ (فشلُ متصفّحٍ عابرٌ),2026-10-01 14:31:57 +0000,14839
supabase/migrations/20260813030000_backup_restore_verification.sql,migration,bf614ed4,docs: DEC-33 — إعادةُ جولةِ تحقُّقٍ (فشلُ متصفّحٍ عابرٌ),2026-10-01 14:31:57 +0000,2135
supabase/migrations/20260813030001_payment_webhook_integrity.sql,migration,bf614ed4,docs: DEC-33 — إعادةُ جولةِ تحقُّقٍ (فشلُ متصفّحٍ عابرٌ),2026-10-01 14:31:57 +0000,6365
supabase/migrations/20260813040001_secure_payment_webhook.sql,migration,bf614ed4,docs: DEC-33 — إعادةُ جولةِ تحقُّقٍ (فشلُ متصفّحٍ عابرٌ),2026-10-01 14:31:57 +0000,8935
supabase/migrations/20260813050000_payment_checkout_url.sql,migration,bf614ed4,docs: DEC-33 — إعادةُ جولةِ تحقُّقٍ (فشلُ متصفّحٍ عابرٌ),2026-10-01 14:31:57 +0000,4227
supabase/migrations/20260813060000_payment_reconciliation.sql,migration,bf614ed4,docs: DEC-33 — إعادةُ جولةِ تحقُّقٍ (فشلُ متصفّحٍ عابرٌ),2026-10-01 14:31:57 +0000,9827
supabase/migrations/20260813070000_safety_delivery_skip_misconfigured.sql,migration,bf614ed4,docs: DEC-33 — إعادةُ جولةِ تحقُّقٍ (فشلُ متصفّحٍ عابرٌ),2026-10-01 14:31:57 +0000,5872
supabase/migrations/20260813080000_seed_payment_reconcile_settings.sql,migration,bf614ed4,docs: DEC-33 — إعادةُ جولةِ تحقُّقٍ (فشلُ متصفّحٍ عابرٌ),2026-10-01 14:31:57 +0000,2304
supabase/migrations/20260813090000_escalation_delivery_is_the_guard.sql,migration,bf614ed4,docs: DEC-33 — إعادةُ جولةِ تحقُّقٍ (فشلُ متصفّحٍ عابرٌ),2026-10-01 14:31:57 +0000,6887
supabase/migrations/20260814000000_admin_broadcast.sql,migration,bf614ed4,docs: DEC-33 — إعادةُ جولةِ تحقُّقٍ (فشلُ متصفّحٍ عابرٌ),2026-10-01 14:31:57 +0000,27158
supabase/migrations/20260814010000_subscription_notices.sql,migration,bf614ed4,docs: DEC-33 — إعادةُ جولةِ تحقُّقٍ (فشلُ متصفّحٍ عابرٌ),2026-10-01 14:31:57 +0000,19572
supabase/migrations/20260814020000_expiring_soon_is_per_city.sql,migration,bf614ed4,docs: DEC-33 — إعادةُ جولةِ تحقُّقٍ (فشلُ متصفّحٍ عابرٌ),2026-10-01 14:31:57 +0000,5208
supabase/migrations/20260814030000_admin_setting_accepts_plain_text.sql,migration,bf614ed4,docs: DEC-33 — إعادةُ جولةِ تحقُّقٍ (فشلُ متصفّحٍ عابرٌ),2026-10-01 14:31:57 +0000,4992
supabase/migrations/20260814040000_reclaim_abandoned_outbox_claims.sql,migration,bf614ed4,docs: DEC-33 — إعادةُ جولةِ تحقُّقٍ (فشلُ متصفّحٍ عابرٌ),2026-10-01 14:31:57 +0000,17830
supabase/migrations/20260814050000_new_city_inherits_settings.sql,migration,bf614ed4,docs: DEC-33 — إعادةُ جولةِ تحقُّقٍ (فشلُ متصفّحٍ عابرٌ),2026-10-01 14:31:57 +0000,8287
supabase/migrations/20260814120000_fix_city_change_active_order_statuses.sql,migration,bf614ed4,docs: DEC-33 — إعادةُ جولةِ تحقُّقٍ (فشلُ متصفّحٍ عابرٌ),2026-10-01 14:31:57 +0000,6962
supabase/migrations/20260814130000_job_heartbeats.sql,migration,bf614ed4,docs: DEC-33 — إعادةُ جولةِ تحقُّقٍ (فشلُ متصفّحٍ عابرٌ),2026-10-01 14:31:57 +0000,10530
supabase/migrations/20260814140000_active_order_status_helpers.sql,migration,bf614ed4,docs: DEC-33 — إعادةُ جولةِ تحقُّقٍ (فشلُ متصفّحٍ عابرٌ),2026-10-01 14:31:57 +0000,11122
supabase/migrations/20260814150000_trip_tracking_tokens.sql,migration,bf614ed4,docs: DEC-33 — إعادةُ جولةِ تحقُّقٍ (فشلُ متصفّحٍ عابرٌ),2026-10-01 14:31:57 +0000,18882
supabase/migrations/20260814160000_claim_ride_returns_rider.sql,migration,bf614ed4,docs: DEC-33 — إعادةُ جولةِ تحقُّقٍ (فشلُ متصفّحٍ عابرٌ),2026-10-01 14:31:57 +0000,6432
supabase/migrations/20260814170000_revoke_order_tracking_tokens.sql,migration,bf614ed4,docs: DEC-33 — إعادةُ جولةِ تحقُّقٍ (فشلُ متصفّحٍ عابرٌ),2026-10-01 14:31:57 +0000,3235
supabase/migrations/20260902000000_tracking_session_sequence.sql,migration,bf614ed4,docs: DEC-33 — إعادةُ جولةِ تحقُّقٍ (فشلُ متصفّحٍ عابرٌ),2026-10-01 14:31:57 +0000,5853
supabase/migrations/20260903090000_open_offer_round_is_atomic.sql,migration,bf614ed4,docs: DEC-33 — إعادةُ جولةِ تحقُّقٍ (فشلُ متصفّحٍ عابرٌ),2026-10-01 14:31:57 +0000,8551
supabase/migrations/20260903120000_claim_ride_distinguishes_duplicate_delivery.sql,migration,bf614ed4,docs: DEC-33 — إعادةُ جولةِ تحقُّقٍ (فشلُ متصفّحٍ عابرٌ),2026-10-01 14:31:57 +0000,9825
supabase/migrations/20260904090000_telegram_update_receipts.sql,migration,bf614ed4,docs: DEC-33 — إعادةُ جولةِ تحقُّقٍ (فشلُ متصفّحٍ عابرٌ),2026-10-01 14:31:57 +0000,15037
supabase/migrations/20260905020000_open_offer_round_returns_offer_ids.sql,migration,bf614ed4,docs: DEC-33 — إعادةُ جولةِ تحقُّقٍ (فشلُ متصفّحٍ عابرٌ),2026-10-01 14:31:57 +0000,7401
supabase/migrations/20260905030000_notification_outbox.sql,migration,bf614ed4,docs: DEC-33 — إعادةُ جولةِ تحقُّقٍ (فشلُ متصفّحٍ عابرٌ),2026-10-01 14:31:57 +0000,10973
supabase/migrations/20260905030001_open_offer_round_writes_outbox.sql,migration,bf614ed4,docs: DEC-33 — إعادةُ جولةِ تحقُّقٍ (فشلُ متصفّحٍ عابرٌ),2026-10-01 14:31:57 +0000,5253
supabase/migrations/20260906010000_notification_outbox_unified.sql,migration,bf614ed4,docs: DEC-33 — إعادةُ جولةِ تحقُّقٍ (فشلُ متصفّحٍ عابرٌ),2026-10-01 14:31:57 +0000,15868
supabase/migrations/20260906020000_notification_outbox_negotiation.sql,migration,bf614ed4,docs: DEC-33 — إعادةُ جولةِ تحقُّقٍ (فشلُ متصفّحٍ عابرٌ),2026-10-01 14:31:57 +0000,22412
supabase/migrations/20260906030000_notification_outbox_unmatched.sql,migration,bf614ed4,docs: DEC-33 — إعادةُ جولةِ تحقُّقٍ (فشلُ متصفّحٍ عابرٌ),2026-10-01 14:31:57 +0000,17012
supabase/migrations/20260906040000_notification_outbox_cancellation.sql,migration,bf614ed4,docs: DEC-33 — إعادةُ جولةِ تحقُّقٍ (فشلُ متصفّحٍ عابرٌ),2026-10-01 14:31:57 +0000,17294
supabase/migrations/20260907090000_telegram_update_jobs.sql,migration,bf614ed4,docs: DEC-33 — إعادةُ جولةِ تحقُّقٍ (فشلُ متصفّحٍ عابرٌ),2026-10-01 14:31:57 +0000,21478
supabase/migrations/20260907200000_cap_003_matching_candidate_limit.sql,migration,bf614ed4,docs: DEC-33 — إعادةُ جولةِ تحقُّقٍ (فشلُ متصفّحٍ عابرٌ),2026-10-01 14:31:57 +0000,5129
supabase/migrations/20260908010000_unified_outbox_safety_incident.sql,migration,bf614ed4,docs: DEC-33 — إعادةُ جولةِ تحقُّقٍ (فشلُ متصفّحٍ عابرٌ),2026-10-01 14:31:57 +0000,13272
supabase/migrations/20260908020000_unified_outbox_subscription_notice.sql,migration,bf614ed4,docs: DEC-33 — إعادةُ جولةِ تحقُّقٍ (فشلُ متصفّحٍ عابرٌ),2026-10-01 14:31:57 +0000,13554
supabase/migrations/20260908020500_unified_outbox_subscription_backfill.sql,migration,bf614ed4,docs: DEC-33 — إعادةُ جولةِ تحقُّقٍ (فشلُ متصفّحٍ عابرٌ),2026-10-01 14:31:57 +0000,3753
supabase/migrations/20260908021000_unified_outbox_ride_cycle_claim_scope.sql,migration,bf614ed4,docs: DEC-33 — إعادةُ جولةِ تحقُّقٍ (فشلُ متصفّحٍ عابرٌ),2026-10-01 14:31:57 +0000,9504
supabase/migrations/20260908030000_unified_outbox_broadcast_recipient.sql,migration,bf614ed4,docs: DEC-33 — إعادةُ جولةِ تحقُّقٍ (فشلُ متصفّحٍ عابرٌ),2026-10-01 14:31:57 +0000,19817
supabase/migrations/20260908030500_unified_outbox_broadcast_backfill.sql,migration,bf614ed4,docs: DEC-33 — إعادةُ جولةِ تحقُّقٍ (فشلُ متصفّحٍ عابرٌ),2026-10-01 14:31:57 +0000,2374
supabase/migrations/20260908050000_notification_outbox_dead_letter.sql,migration,bf614ed4,docs: DEC-33 — إعادةُ جولةِ تحقُّقٍ (فشلُ متصفّحٍ عابرٌ),2026-10-01 14:31:57 +0000,11140
supabase/migrations/20260909040000_f6_05_notification_classification_and_center.sql,migration,bf614ed4,docs: DEC-33 — إعادةُ جولةِ تحقُّقٍ (فشلُ متصفّحٍ عابرٌ),2026-10-01 14:31:57 +0000,29635
supabase/migrations/20260909060000_f7_02_orders_assigned_driver_status_index.sql,migration,bf614ed4,docs: DEC-33 — إعادةُ جولةِ تحقُّقٍ (فشلُ متصفّحٍ عابرٌ),2026-10-01 14:31:57 +0000,1061
supabase/migrations/20260909061000_f7_02_orders_rider_status_index.sql,migration,bf614ed4,docs: DEC-33 — إعادةُ جولةِ تحقُّقٍ (فشلُ متصفّحٍ عابرٌ),2026-10-01 14:31:57 +0000,933
supabase/migrations/20260909062000_f7_02_orders_city_searching_created_index.sql,migration,bf614ed4,docs: DEC-33 — إعادةُ جولةِ تحقُّقٍ (فشلُ متصفّحٍ عابرٌ),2026-10-01 14:31:57 +0000,1059
supabase/migrations/20260909063000_f7_02_outbox_ride_cycle_due_index.sql,migration,bf614ed4,docs: DEC-33 — إعادةُ جولةِ تحقُّقٍ (فشلُ متصفّحٍ عابرٌ),2026-10-01 14:31:57 +0000,1574
supabase/migrations/20260909064000_f7_02_audit_log_action_entity_index.sql,migration,bf614ed4,docs: DEC-33 — إعادةُ جولةِ تحقُّقٍ (فشلُ متصفّحٍ عابرٌ),2026-10-01 14:31:57 +0000,1062
supabase/migrations/20260909065000_f7_02_attendance_log_changed_at_index.sql,migration,bf614ed4,docs: DEC-33 — إعادةُ جولةِ تحقُّقٍ (فشلُ متصفّحٍ عابرٌ),2026-10-01 14:31:57 +0000,1055
supabase/migrations/20260909120000_f6_06_queue_backpressure.sql,migration,bf614ed4,docs: DEC-33 — إعادةُ جولةِ تحقُّقٍ (فشلُ متصفّحٍ عابرٌ),2026-10-01 14:31:57 +0000,46099
supabase/migrations/20260909130000_f6_06_queue_backpressure_events_index.sql,migration,bf614ed4,docs: DEC-33 — إعادةُ جولةِ تحقُّقٍ (فشلُ متصفّحٍ عابرٌ),2026-10-01 14:31:57 +0000,390
supabase/migrations/20260909140000_f4_02_driver_location_hot_state.sql,migration,bf614ed4,docs: DEC-33 — إعادةُ جولةِ تحقُّقٍ (فشلُ متصفّحٍ عابرٌ),2026-10-01 14:31:57 +0000,13296
supabase/migrations/20260909150000_f6_07_traffic_priority.sql,migration,bf614ed4,docs: DEC-33 — إعادةُ جولةِ تحقُّقٍ (فشلُ متصفّحٍ عابرٌ),2026-10-01 14:31:57 +0000,22346
supabase/migrations/20260909151000_f6_07_priority_claim_index.sql,migration,bf614ed4,docs: DEC-33 — إعادةُ جولةِ تحقُّقٍ (فشلُ متصفّحٍ عابرٌ),2026-10-01 14:31:57 +0000,2816
supabase/migrations/20260909152000_f6_07_order_causal_head.sql,migration,bf614ed4,docs: DEC-33 — إعادةُ جولةِ تحقُّقٍ (فشلُ متصفّحٍ عابرٌ),2026-10-01 14:31:57 +0000,2301
supabase/migrations/20260910050000_f7_03_driver_location_history_partitioned.sql,migration,bf614ed4,docs: DEC-33 — إعادةُ جولةِ تحقُّقٍ (فشلُ متصفّحٍ عابرٌ),2026-10-01 14:31:57 +0000,12821
supabase/migrations/20260910050100_f7_03_batch_persist_appends_history.sql,migration,bf614ed4,docs: DEC-33 — إعادةُ جولةِ تحقُّقٍ (فشلُ متصفّحٍ عابرٌ),2026-10-01 14:31:57 +0000,7263
supabase/migrations/20260910180000_f7_06_location_archive_manifest.sql,migration,bf614ed4,docs: DEC-33 — إعادةُ جولةِ تحقُّقٍ (فشلُ متصفّحٍ عابرٌ),2026-10-01 14:31:57 +0000,12378
supabase/migrations/20260910200000_f4_05_last_location_at_is_acceptance_time.sql,migration,bf614ed4,docs: DEC-33 — إعادةُ جولةِ تحقُّقٍ (فشلُ متصفّحٍ عابرٌ),2026-10-01 14:31:57 +0000,12825
supabase/migrations/20260910210000_f8_05_sos_intake_isolation.sql,migration,bf614ed4,docs: DEC-33 — إعادةُ جولةِ تحقُّقٍ (فشلُ متصفّحٍ عابرٌ),2026-10-01 14:31:57 +0000,13061
supabase/migrations/20260912210000_f2_01_user_consents.sql,migration,bf614ed4,docs: DEC-33 — إعادةُ جولةِ تحقُّقٍ (فشلُ متصفّحٍ عابرٌ),2026-10-01 14:31:57 +0000,9932
supabase/migrations/20260913050000_f2_02_saved_places.sql,migration,bf614ed4,docs: DEC-33 — إعادةُ جولةِ تحقُّقٍ (فشلُ متصفّحٍ عابرٌ),2026-10-01 14:31:57 +0000,13411
supabase/migrations/20260913050100_f2_02_saved_places_user_index.sql,migration,bf614ed4,docs: DEC-33 — إعادةُ جولةِ تحقُّقٍ (فشلُ متصفّحٍ عابرٌ),2026-10-01 14:31:57 +0000,1424
supabase/migrations/20260913050200_f2_02_saved_places_city_index.sql,migration,bf614ed4,docs: DEC-33 — إعادةُ جولةِ تحقُّقٍ (فشلُ متصفّحٍ عابرٌ),2026-10-01 14:31:57 +0000,1524
supabase/migrations/20260913050300_f2_02_saved_places_point_index.sql,migration,bf614ed4,docs: DEC-33 — إعادةُ جولةِ تحقُّقٍ (فشلُ متصفّحٍ عابرٌ),2026-10-01 14:31:57 +0000,1709
supabase/migrations/20260913050400_f2_02_saved_places_singleton_index.sql,migration,bf614ed4,docs: DEC-33 — إعادةُ جولةِ تحقُّقٍ (فشلُ متصفّحٍ عابرٌ),2026-10-01 14:31:57 +0000,1937
supabase/migrations/20260913170000_f2_03_destination_gazetteer.sql,migration,bf614ed4,docs: DEC-33 — إعادةُ جولةِ تحقُّقٍ (فشلُ متصفّحٍ عابرٌ),2026-10-01 14:31:57 +0000,31031
supabase/migrations/20260913170100_f2_03_service_area_city_index.sql,migration,bf614ed4,docs: DEC-33 — إعادةُ جولةِ تحقُّقٍ (فشلُ متصفّحٍ عابرٌ),2026-10-01 14:31:57 +0000,1698
supabase/migrations/20260913170200_f2_03_landmarks_search_index.sql,migration,bf614ed4,docs: DEC-33 — إعادةُ جولةِ تحقُّقٍ (فشلُ متصفّحٍ عابرٌ),2026-10-01 14:31:57 +0000,1676
supabase/migrations/20260913170300_f2_03_landmarks_point_index.sql,migration,bf614ed4,docs: DEC-33 — إعادةُ جولةِ تحقُّقٍ (فشلُ متصفّحٍ عابرٌ),2026-10-01 14:31:57 +0000,1481
supabase/migrations/20260913190000_f2_04_ride_quote_judgement.sql,migration,bf614ed4,docs: DEC-33 — إعادةُ جولةِ تحقُّقٍ (فشلُ متصفّحٍ عابرٌ),2026-10-01 14:31:57 +0000,11636
supabase/migrations/20260913230000_f2_05_ride_request_judgement.sql,migration,bf614ed4,docs: DEC-33 — إعادةُ جولةِ تحقُّقٍ (فشلُ متصفّحٍ عابرٌ),2026-10-01 14:31:57 +0000,22331
supabase/migrations/20260913230100_f2_05_ride_idempotency_index.sql,migration,bf614ed4,docs: DEC-33 — إعادةُ جولةِ تحقُّقٍ (فشلُ متصفّحٍ عابرٌ),2026-10-01 14:31:57 +0000,2705
supabase/migrations/20260913235000_f2_06_active_ride_snapshot.sql,migration,bf614ed4,docs: DEC-33 — إعادةُ جولةِ تحقُّقٍ (فشلُ متصفّحٍ عابرٌ),2026-10-01 14:31:57 +0000,11494
supabase/migrations/20260914010000_f2_07_ride_summary_and_rating_tags.sql,migration,bf614ed4,docs: DEC-33 — إعادةُ جولةِ تحقُّقٍ (فشلُ متصفّحٍ عابرٌ),2026-10-01 14:31:57 +0000,26743
supabase/migrations/20260914030000_f2_08_ride_history_and_event_log.sql,migration,bf614ed4,docs: DEC-33 — إعادةُ جولةِ تحقُّقٍ (فشلُ متصفّحٍ عابرٌ),2026-10-01 14:31:57 +0000,22156
supabase/migrations/20260914060000_f2_09_ride_share_link_view.sql,migration,bf614ed4,docs: DEC-33 — إعادةُ جولةِ تحقُّقٍ (فشلُ متصفّحٍ عابرٌ),2026-10-01 14:31:57 +0000,18385
supabase/migrations/20260914120000_f2_10_sos_surface.sql,migration,bf614ed4,docs: DEC-33 — إعادةُ جولةِ تحقُّقٍ (فشلُ متصفّحٍ عابرٌ),2026-10-01 14:31:57 +0000,26446
supabase/migrations/20260914180000_f2_11_account_data_rights.sql,migration,bf614ed4,docs: DEC-33 — إعادةُ جولةِ تحقُّقٍ (فشلُ متصفّحٍ عابرٌ),2026-10-01 14:31:57 +0000,27111
supabase/migrations/20260914200000_identity_bar_survives_erasure.sql,migration,bf614ed4,docs: DEC-33 — إعادةُ جولةِ تحقُّقٍ (فشلُ متصفّحٍ عابرٌ),2026-10-01 14:31:57 +0000,40187
supabase/migrations/20260914200100_identity_marks_phone_hash_index.sql,migration,bf614ed4,docs: DEC-33 — إعادةُ جولةِ تحقُّقٍ (فشلُ متصفّحٍ عابرٌ),2026-10-01 14:31:57 +0000,1187
supabase/migrations/20260914200200_identity_marks_blocked_index.sql,migration,bf614ed4,docs: DEC-33 — إعادةُ جولةِ تحقُّقٍ (فشلُ متصفّحٍ عابرٌ),2026-10-01 14:31:57 +0000,754
supabase/migrations/20260914220000_f2_12_support_reference_and_rider_categories.sql,migration,bf614ed4,docs: DEC-33 — إعادةُ جولةِ تحقُّقٍ (فشلُ متصفّحٍ عابرٌ),2026-10-01 14:31:57 +0000,16327
supabase/migrations/20260914220100_f2_12_backfill_support_reference.sql,migration,bf614ed4,docs: DEC-33 — إعادةُ جولةِ تحقُّقٍ (فشلُ متصفّحٍ عابرٌ),2026-10-01 14:31:57 +0000,2389
supabase/migrations/20260914220200_f2_12_support_reference_unique_index.sql,migration,bf614ed4,docs: DEC-33 — إعادةُ جولةِ تحقُّقٍ (فشلُ متصفّحٍ عابرٌ),2026-10-01 14:31:57 +0000,951
supabase/migrations/20260914220300_f2_12_validate_support_reference.sql,migration,bf614ed4,docs: DEC-33 — إعادةُ جولةِ تحقُّقٍ (فشلُ متصفّحٍ عابرٌ),2026-10-01 14:31:57 +0000,959
supabase/migrations/20260915000000_f3_01_driver_documents.sql,migration,bf614ed4,docs: DEC-33 — إعادةُ جولةِ تحقُّقٍ (فشلُ متصفّحٍ عابرٌ),2026-10-01 14:31:57 +0000,10963
supabase/migrations/20260915000100_f3_01_driver_documents_city_index.sql,migration,bf614ed4,docs: DEC-33 — إعادةُ جولةِ تحقُّقٍ (فشلُ متصفّحٍ عابرٌ),2026-10-01 14:31:57 +0000,983
supabase/migrations/20260915000200_f3_01_driver_documents_expiry_index.sql,migration,bf614ed4,docs: DEC-33 — إعادةُ جولةِ تحقُّقٍ (فشلُ متصفّحٍ عابرٌ),2026-10-01 14:31:57 +0000,886
supabase/migrations/20260915000300_f3_01_validate_driver_documents_constraints.sql,migration,bf614ed4,docs: DEC-33 — إعادةُ جولةِ تحقُّقٍ (فشلُ متصفّحٍ عابرٌ),2026-10-01 14:31:57 +0000,1099
supabase/migrations/20260915000400_f3_01_driver_document_functions.sql,migration,bf614ed4,docs: DEC-33 — إعادةُ جولةِ تحقُّقٍ (فشلُ متصفّحٍ عابرٌ),2026-10-01 14:31:57 +0000,20986
supabase/migrations/20260915000500_f12_14_offer_round_respects_document_blocks.sql,migration,bf614ed4,docs: DEC-33 — إعادةُ جولةِ تحقُّقٍ (فشلُ متصفّحٍ عابرٌ),2026-10-01 14:31:57 +0000,6736
supabase/migrations/20260915010000_f12_14_dispatch_blocks_on_contradiction.sql,migration,bf614ed4,docs: DEC-33 — إعادةُ جولةِ تحقُّقٍ (فشلُ متصفّحٍ عابرٌ),2026-10-01 14:31:57 +0000,9632
supabase/migrations/20260915020000_f3_02_driver_offer_functions.sql,migration,bf614ed4,docs: DEC-33 — إعادةُ جولةِ تحقُّقٍ (فشلُ متصفّحٍ عابرٌ),2026-10-01 14:31:57 +0000,14982
supabase/migrations/20260915030000_f3_03_driver_active_job.sql,migration,bf614ed4,docs: DEC-33 — إعادةُ جولةِ تحقُّقٍ (فشلُ متصفّحٍ عابرٌ),2026-10-01 14:31:57 +0000,20836
supabase/migrations/20260915120000_f3_04_location_broadcast_policy.sql,migration,bf614ed4,docs: DEC-33 — إعادةُ جولةِ تحقُّقٍ (فشلُ متصفّحٍ عابرٌ),2026-10-01 14:31:57 +0000,15197
supabase/migrations/20260915140000_f3_05_driver_activity_summary.sql,migration,bf614ed4,docs: DEC-33 — إعادةُ جولةِ تحقُّقٍ (فشلُ متصفّحٍ عابرٌ),2026-10-01 14:31:57 +0000,24775
supabase/migrations/20260915160000_f3_06_driver_subscription_dashboard.sql,migration,bf614ed4,docs: DEC-33 — إعادةُ جولةِ تحقُّقٍ (فشلُ متصفّحٍ عابرٌ),2026-10-01 14:31:57 +0000,11759
supabase/migrations/20260915170000_f3_07_driver_vehicle.sql,migration,bf614ed4,docs: DEC-33 — إعادةُ جولةِ تحقُّقٍ (فشلُ متصفّحٍ عابرٌ),2026-10-01 14:31:57 +0000,10582
supabase/migrations/20260916010000_f3_08_driver_support_categories.sql,migration,bf614ed4,docs: DEC-33 — إعادةُ جولةِ تحقُّقٍ (فشلُ متصفّحٍ عابرٌ),2026-10-01 14:31:57 +0000,4401
supabase/migrations/20260916020000_f3_08_driver_support_tickets.sql,migration,bf614ed4,docs: DEC-33 — إعادةُ جولةِ تحقُّقٍ (فشلُ متصفّحٍ عابرٌ),2026-10-01 14:31:57 +0000,14036
supabase/migrations/20260916030000_sd_12_driver_account_erasure.sql,migration,bf614ed4,docs: DEC-33 — إعادةُ جولةِ تحقُّقٍ (فشلُ متصفّحٍ عابرٌ),2026-10-01 14:31:57 +0000,45833
supabase/migrations/20260916040000_f2_06_arrived_phase.sql,migration,bf614ed4,docs: DEC-33 — إعادةُ جولةِ تحقُّقٍ (فشلُ متصفّحٍ عابرٌ),2026-10-01 14:31:57 +0000,5791
supabase/migrations/20260916050000_f3_09_subscription_tax_invoice.sql,migration,bf614ed4,docs: DEC-33 — إعادةُ جولةِ تحقُّقٍ (فشلُ متصفّحٍ عابرٌ),2026-10-01 14:31:57 +0000,31413
supabase/migrations/20260916120000_f3_09_settled_predicate_and_issuable_flag.sql,migration,bf614ed4,docs: DEC-33 — إعادةُ جولةِ تحقُّقٍ (فشلُ متصفّحٍ عابرٌ),2026-10-01 14:31:57 +0000,13091
supabase/migrations/20260916140000_f7_08_admin_metric_snapshots.sql,migration,bf614ed4,docs: DEC-33 — إعادةُ جولةِ تحقُّقٍ (فشلُ متصفّحٍ عابرٌ),2026-10-01 14:31:57 +0000,14072
supabase/migrations/20260916140100_f7_08_admin_metric_refresh.sql,migration,bf614ed4,docs: DEC-33 — إعادةُ جولةِ تحقُّقٍ (فشلُ متصفّحٍ عابرٌ),2026-10-01 14:31:57 +0000,11240
supabase/migrations/20260916190000_f8_01_request_correlation.sql,migration,bf614ed4,docs: DEC-33 — إعادةُ جولةِ تحقُّقٍ (فشلُ متصفّحٍ عابرٌ),2026-10-01 14:31:57 +0000,11766
supabase/migrations/20260916190100_f8_01_validate_request_id_shape.sql,migration,bf614ed4,docs: DEC-33 — إعادةُ جولةِ تحقُّقٍ (فشلُ متصفّحٍ عابرٌ),2026-10-01 14:31:57 +0000,1046
supabase/migrations/20260916210000_f8_02_orders_matched_at_index.sql,migration,bf614ed4,docs: DEC-33 — إعادةُ جولةِ تحقُّقٍ (فشلُ متصفّحٍ عابرٌ),2026-10-01 14:31:57 +0000,1859
supabase/migrations/20260916210100_sec12_safety_incident_audit_trail.sql,migration,bf614ed4,docs: DEC-33 — إعادةُ جولةِ تحقُّقٍ (فشلُ متصفّحٍ عابرٌ),2026-10-01 14:31:57 +0000,6927
supabase/migrations/20260917010000_f8_06_refund_partial_unsupported.sql,migration,bf614ed4,docs: DEC-33 — إعادةُ جولةِ تحقُّقٍ (فشلُ متصفّحٍ عابرٌ),2026-10-01 14:31:57 +0000,8690
supabase/migrations/20260917010100_f8_06_confirm_payment_reference_immutable.sql,migration,bf614ed4,docs: DEC-33 — إعادةُ جولةِ تحقُّقٍ (فشلُ متصفّحٍ عابرٌ),2026-10-01 14:31:57 +0000,8796
supabase/migrations/20260917030000_d01_request_ride_nullable_destination.sql,migration,bf614ed4,docs: DEC-33 — إعادةُ جولةِ تحقُّقٍ (فشلُ متصفّحٍ عابرٌ),2026-10-01 14:31:57 +0000,12032
supabase/migrations/20260917140000_d02_dec11_subscription_prices.sql,migration,bf614ed4,docs: DEC-33 — إعادةُ جولةِ تحقُّقٍ (فشلُ متصفّحٍ عابرٌ),2026-10-01 14:31:57 +0000,1403
supabase/migrations/20260918010000_f12_03_sos_without_a_ride.sql,migration,bf614ed4,docs: DEC-33 — إعادةُ جولةِ تحقُّقٍ (فشلُ متصفّحٍ عابرٌ),2026-10-01 14:31:57 +0000,26812
supabase/migrations/20260918010100_f12_03_orderless_sos_index.sql,migration,bf614ed4,docs: DEC-33 — إعادةُ جولةِ تحقُّقٍ (فشلُ متصفّحٍ عابرٌ),2026-10-01 14:31:57 +0000,1302
supabase/migrations/20260918020000_f12_04_share_lasts_until_the_ride_ends.sql,migration,bf614ed4,docs: DEC-33 — إعادةُ جولةِ تحقُّقٍ (فشلُ متصفّحٍ عابرٌ),2026-10-01 14:31:57 +0000,19332
supabase/migrations/20260918030000_f12_07_lost_item_mechanism.sql,migration,bf614ed4,docs: DEC-33 — إعادةُ جولةِ تحقُّقٍ (فشلُ متصفّحٍ عابرٌ),2026-10-01 14:31:57 +0000,34747
supabase/migrations/20260918030100_f12_07_validate_lost_item_kind_check.sql,migration,bf614ed4,docs: DEC-33 — إعادةُ جولةِ تحقُّقٍ (فشلُ متصفّحٍ عابرٌ),2026-10-01 14:31:57 +0000,1029
supabase/migrations/20260918040000_f12_05_mutual_rating_driver_summary.sql,migration,bf614ed4,docs: DEC-33 — إعادةُ جولةِ تحقُّقٍ (فشلُ متصفّحٍ عابرٌ),2026-10-01 14:31:57 +0000,11917
supabase/migrations/20260918050000_f12_09_authority_data_export.sql,migration,bf614ed4,docs: DEC-33 — إعادةُ جولةِ تحقُّقٍ (فشلُ متصفّحٍ عابرٌ),2026-10-01 14:31:57 +0000,13542
supabase/migrations/20260918050100_f12_09_authority_data_export_city_idx.sql,migration,bf614ed4,docs: DEC-33 — إعادةُ جولةِ تحقُّقٍ (فشلُ متصفّحٍ عابرٌ),2026-10-01 14:31:57 +0000,254
supabase/migrations/20260918050200_f12_09_authority_data_export_status_idx.sql,migration,bf614ed4,docs: DEC-33 — إعادةُ جولةِ تحقُّقٍ (فشلُ متصفّحٍ عابرٌ),2026-10-01 14:31:57 +0000,264
supabase/migrations/20260918060000_f12_08_breach_notification.sql,migration,bf614ed4,docs: DEC-33 — إعادةُ جولةِ تحقُّقٍ (فشلُ متصفّحٍ عابرٌ),2026-10-01 14:31:57 +0000,13700
supabase/migrations/20260918070000_f12_10_pdpl_compliance.sql,migration,bf614ed4,docs: DEC-33 — إعادةُ جولةِ تحقُّقٍ (فشلُ متصفّحٍ عابرٌ),2026-10-01 14:31:57 +0000,16371
supabase/migrations/20260918080000_f12_12_zatca_phase2.sql,migration,bf614ed4,docs: DEC-33 — إعادةُ جولةِ تحقُّقٍ (فشلُ متصفّحٍ عابرٌ),2026-10-01 14:31:57 +0000,27042
supabase/migrations/20260918190000_f12_17_commission_policy.sql,migration,bf614ed4,docs: DEC-33 — إعادةُ جولةِ تحقُّقٍ (فشلُ متصفّحٍ عابرٌ),2026-10-01 14:31:57 +0000,1679
supabase/migrations/20260918200000_cap_012_route_cache_thresholds.sql,migration,bf614ed4,docs: DEC-33 — إعادةُ جولةِ تحقُّقٍ (فشلُ متصفّحٍ عابرٌ),2026-10-01 14:31:57 +0000,855
supabase/migrations/20260918210000_f2_08_arabic_fuzzy_search.sql,migration,bf614ed4,docs: DEC-33 — إعادةُ جولةِ تحقُّقٍ (فشلُ متصفّحٍ عابرٌ),2026-10-01 14:31:57 +0000,9406
supabase/migrations/20260918211000_f2_08_pickup_label_trgm_idx.sql,migration,bf614ed4,docs: DEC-33 — إعادةُ جولةِ تحقُّقٍ (فشلُ متصفّحٍ عابرٌ),2026-10-01 14:31:57 +0000,310
supabase/migrations/20260918212000_f2_08_dropoff_label_trgm_idx.sql,migration,bf614ed4,docs: DEC-33 — إعادةُ جولةِ تحقُّقٍ (فشلُ متصفّحٍ عابرٌ),2026-10-01 14:31:57 +0000,313
supabase/migrations/20260919060000_f12_04_stalled_order_detector.sql,migration,bf614ed4,docs: DEC-33 — إعادةُ جولةِ تحقُّقٍ (فشلُ متصفّحٍ عابرٌ),2026-10-01 14:31:57 +0000,19447
supabase/migrations/20260920110000_pd_001_group_memberships.sql,migration,bf614ed4,docs: DEC-33 — إعادةُ جولةِ تحقُّقٍ (فشلُ متصفّحٍ عابرٌ),2026-10-01 14:31:57 +0000,47308
supabase/migrations/20260920140000_pd_050_ride_search_narrative.sql,migration,bf614ed4,docs: DEC-33 — إعادةُ جولةِ تحقُّقٍ (فشلُ متصفّحٍ عابرٌ),2026-10-01 14:31:57 +0000,7883
supabase/migrations/20260920180000_pd_020_safety_channel.sql,migration,bf614ed4,docs: DEC-33 — إعادةُ جولةِ تحقُّقٍ (فشلُ متصفّحٍ عابرٌ),2026-10-01 14:31:57 +0000,32746
supabase/migrations/20260920200000_pd_040_trial_eligibility.sql,migration,bf614ed4,docs: DEC-33 — إعادةُ جولةِ تحقُّقٍ (فشلُ متصفّحٍ عابرٌ),2026-10-01 14:31:57 +0000,6798
supabase/migrations/20260920210000_pd_051_offer_card_reorder.sql,migration,bf614ed4,docs: DEC-33 — إعادةُ جولةِ تحقُّقٍ (فشلُ متصفّحٍ عابرٌ),2026-10-01 14:31:57 +0000,8557
supabase/migrations/20260921000000_pd_021_decision_reason.sql,migration,bf614ed4,docs: DEC-33 — إعادةُ جولةِ تحقُّقٍ (فشلُ متصفّحٍ عابرٌ),2026-10-01 14:31:57 +0000,20722
supabase/migrations/20260921000001_pd_021_contract.sql,migration,bf614ed4,docs: DEC-33 — إعادةُ جولةِ تحقُّقٍ (فشلُ متصفّحٍ عابرٌ),2026-10-01 14:31:57 +0000,5960
supabase/migrations/20260921000100_pd_021_validate.sql,migration,bf614ed4,docs: DEC-33 — إعادةُ جولةِ تحقُّقٍ (فشلُ متصفّحٍ عابرٌ),2026-10-01 14:31:57 +0000,1090
supabase/migrations/20260921100000_step8_city_active_gate_on_ride_request.sql,migration,bf614ed4,docs: DEC-33 — إعادةُ جولةِ تحقُّقٍ (فشلُ متصفّحٍ عابرٌ),2026-10-01 14:31:57 +0000,13539
supabase/migrations/20260921230000_step10_support_answer_resolution.sql,migration,bf614ed4,docs: DEC-33 — إعادةُ جولةِ تحقُّقٍ (فشلُ متصفّحٍ عابرٌ),2026-10-01 14:31:57 +0000,18106
supabase/migrations/20260922010000_sec_18_admin_revoke_miniapp_sessions.sql,migration,bf614ed4,docs: DEC-33 — إعادةُ جولةِ تحقُّقٍ (فشلُ متصفّحٍ عابرٌ),2026-10-01 14:31:57 +0000,3601
supabase/migrations/20260922020000_sec_19_notification_center_reads_by_internal_id.sql,migration,bf614ed4,docs: DEC-33 — إعادةُ جولةِ تحقُّقٍ (فشلُ متصفّحٍ عابرٌ),2026-10-01 14:31:57 +0000,11342
supabase/migrations/20260922040000_sec_19_outbox_undeliverable_state.sql,migration,bf614ed4,docs: DEC-33 — إعادةُ جولةِ تحقُّقٍ (فشلُ متصفّحٍ عابرٌ),2026-10-01 14:31:57 +0000,7745
supabase/migrations/20260922040100_sec_19_outbox_undeliverable_validate.sql,migration,bf614ed4,docs: DEC-33 — إعادةُ جولةِ تحقُّقٍ (فشلُ متصفّحٍ عابرٌ),2026-10-01 14:31:57 +0000,1229
supabase/migrations/20260922040200_sec_19_outbox_undeliverable_index.sql,migration,bf614ed4,docs: DEC-33 — إعادةُ جولةِ تحقُّقٍ (فشلُ متصفّحٍ عابرٌ),2026-10-01 14:31:57 +0000,1092
supabase/migrations/20260922050000_sec_19_claim_undeliverable_guard.sql,migration,bf614ed4,docs: DEC-33 — إعادةُ جولةِ تحقُّقٍ (فشلُ متصفّحٍ عابرٌ),2026-10-01 14:31:57 +0000,15105
supabase/migrations/20260922060000_sec_19_mark_undeliverable_function.sql,migration,bf614ed4,docs: DEC-33 — إعادةُ جولةِ تحقُّقٍ (فشلُ متصفّحٍ عابرٌ),2026-10-01 14:31:57 +0000,3355
supabase/migrations/20260922061000_sec_19_fix_mark_undeliverable_status_ambiguity.sql,migration,bf614ed4,docs: DEC-33 — إعادةُ جولةِ تحقُّقٍ (فشلُ متصفّحٍ عابرٌ),2026-10-01 14:31:57 +0000,4152
supabase/migrations/20260922070000_sec_19_erasure_constraint_accepts_absence.sql,migration,bf614ed4,docs: DEC-33 — إعادةُ جولةِ تحقُّقٍ (فشلُ متصفّحٍ عابرٌ),2026-10-01 14:31:57 +0000,4599
supabase/migrations/20260922070100_sec_19_erasure_constraint_validate.sql,migration,bf614ed4,docs: DEC-33 — إعادةُ جولةِ تحقُّقٍ (فشلُ متصفّحٍ عابرٌ),2026-10-01 14:31:57 +0000,1316
supabase/migrations/20260922080000_sec_19_tracking_token_owner_expand.sql,migration,bf614ed4,docs: DEC-33 — إعادةُ جولةِ تحقُّقٍ (فشلُ متصفّحٍ عابرٌ),2026-10-01 14:31:57 +0000,3420
supabase/migrations/20260922080100_sec_19_tracking_token_owner_validate.sql,migration,bf614ed4,docs: DEC-33 — إعادةُ جولةِ تحقُّقٍ (فشلُ متصفّحٍ عابرٌ),2026-10-01 14:31:57 +0000,1149
supabase/migrations/20260922080150_sec_19_tracking_token_owner_index.sql,migration,bf614ed4,docs: DEC-33 — إعادةُ جولةِ تحقُّقٍ (فشلُ متصفّحٍ عابرٌ),2026-10-01 14:31:57 +0000,653
supabase/migrations/20260922080200_sec_19_tracking_token_owner_functions.sql,migration,bf614ed4,docs: DEC-33 — إعادةُ جولةِ تحقُّقٍ (فشلُ متصفّحٍ عابرٌ),2026-10-01 14:31:57 +0000,50859
supabase/migrations/20260922090000_sec_19_drop_telegram_id_not_null.sql,migration,bf614ed4,docs: DEC-33 — إعادةُ جولةِ تحقُّقٍ (فشلُ متصفّحٍ عابرٌ),2026-10-01 14:31:57 +0000,2791
supabase/migrations/20260922100000_sec_19_erase_writes_null_telegram_id.sql,migration,bf614ed4,docs: DEC-33 — إعادةُ جولةِ تحقُّقٍ (فشلُ متصفّحٍ عابرٌ),2026-10-01 14:31:57 +0000,22055
supabase/migrations/20260923000000_sec_20_account_recovery.sql,migration,bf614ed4,docs: DEC-33 — إعادةُ جولةِ تحقُّقٍ (فشلُ متصفّحٍ عابرٌ),2026-10-01 14:31:57 +0000,12505
supabase/migrations/20260923000100_sec_20_account_recovery_status_idx.sql,migration,bf614ed4,docs: DEC-33 — إعادةُ جولةِ تحقُّقٍ (فشلُ متصفّحٍ عابرٌ),2026-10-01 14:31:57 +0000,1069
supabase/migrations/20260923000110_sec_20_account_recovery_target_idx.sql,migration,bf614ed4,docs: DEC-33 — إعادةُ جولةِ تحقُّقٍ (فشلُ متصفّحٍ عابرٌ),2026-10-01 14:31:57 +0000,1034
supabase/migrations/20260923010000_sec_21_admin_break_glass.sql,migration,bf614ed4,docs: DEC-33 — إعادةُ جولةِ تحقُّقٍ (فشلُ متصفّحٍ عابرٌ),2026-10-01 14:31:57 +0000,18934
supabase/migrations/20260923010100_sec_21_admin_sessions_origin_validate.sql,migration,bf614ed4,docs: DEC-33 — إعادةُ جولةِ تحقُّقٍ (فشلُ متصفّحٍ عابرٌ),2026-10-01 14:31:57 +0000,827
supabase/migrations/20260925170000_d_37_claim_timeout_per_row_city.sql,migration,bf614ed4,docs: DEC-33 — إعادةُ جولةِ تحقُّقٍ (فشلُ متصفّحٍ عابرٌ),2026-10-01 14:31:57 +0000,13510
supabase/migrations/20260926093000_trial_upgrade_to_both_requires_payment.sql,migration,bf614ed4,docs: DEC-33 — إعادةُ جولةِ تحقُّقٍ (فشلُ متصفّحٍ عابرٌ),2026-10-01 14:31:57 +0000,5000
supabase/migrations/20260928080000_d_38_batch_appends_every_accepted_pulse.sql,migration,bf614ed4,docs: DEC-33 — إعادةُ جولةِ تحقُّقٍ (فشلُ متصفّحٍ عابرٌ),2026-10-01 14:31:57 +0000,10883
supabase/migrations/20260929000000_bootstrap_admin_provisions_account.sql,migration,bf614ed4,docs: DEC-33 — إعادةُ جولةِ تحقُّقٍ (فشلُ متصفّحٍ عابرٌ),2026-10-01 14:31:57 +0000,4305
supabase/migrations/20260930010000_f12_21_approval_guard.sql,migration,bf614ed4,docs: DEC-33 — إعادةُ جولةِ تحقُّقٍ (فشلُ متصفّحٍ عابرٌ),2026-10-01 14:31:57 +0000,5629
supabase/migrations/20260930020000_f12_20_ceiling_detector.sql,migration,bf614ed4,docs: DEC-33 — إعادةُ جولةِ تحقُّقٍ (فشلُ متصفّحٍ عابرٌ),2026-10-01 14:31:57 +0000,4132
supabase/migrations/20261001030000_dec_27_document_expiry_warning.sql,migration,bf614ed4,docs: DEC-33 — إعادةُ جولةِ تحقُّقٍ (فشلُ متصفّحٍ عابرٌ),2026-10-01 14:31:57 +0000,2534
supabase/migrations/20261001200000_dec_37_deduction_trace.sql,migration,6c594d78,feat: DEC-37 deduction trace — GET /v1/driver/deductions from wallet ledger (#36,2026-10-02 10:19:23 +0300,4430
supabase/migrations/20261001210000_dec_39_delete_saved_place.sql,migration,6161dcc9,feat: DEC-39 DELETE /v1/me/places/:id — delete saved place (#371),2026-10-02 11:00:17 +0300,2771
supabase/migrations/20261001220000_dec_40_update_saved_place.sql,migration,78746aab,feat: DEC-40 PATCH /v1/me/places/:id — update saved place (#372),2026-10-02 11:27:20 +0300,3318
supabase/migrations/20261001230000_dec_41_emergency_contact.sql,migration,9f6b3875,feat: DEC-41 GET/PUT /v1/me/emergency-contact — emergency contact CRUD (#373),2026-10-02 11:41:15 +0300,3404
supabase/migrations/20261001300000_dec_42_notification_prefs.sql,migration,2c589da0,feat: DEC-42 notification preferences + DEC-41 emergency contact (#374),2026-10-02 12:08:22 +0300,3419
supabase/migrations/20261001310000_dec_43_ticket_threads.sql,migration,440202e9,feat: DEC-43 ticket threads + DEC-41 emergency contact + DEC-42 notification pre,2026-10-02 12:20:41 +0300,6343
supabase/migrations/20261001311000_dec_43_ticket_threads_index.sql,migration,440202e9,feat: DEC-43 ticket threads + DEC-41 emergency contact + DEC-42 notification pre,2026-10-02 12:20:41 +0300,720
supabase/migrations/README.md,migration,bf614ed4,docs: DEC-33 — إعادةُ جولةِ تحقُّقٍ (فشلُ متصفّحٍ عابرٌ),2026-10-01 14:31:57 +0000,6874
tests/e2e/.gitkeep,test,bf614ed4,docs: DEC-33 — إعادةُ جولةِ تحقُّقٍ (فشلُ متصفّحٍ عابرٌ),2026-10-01 14:31:57 +0000,1
tests/e2e/ride-soak.test.ts,test,bf614ed4,docs: DEC-33 — إعادةُ جولةِ تحقُّقٍ (فشلُ متصفّحٍ عابرٌ),2026-10-01 14:31:57 +0000,16420
tests/e2e/tracking-e2e.test.ts,test,bf614ed4,docs: DEC-33 — إعادةُ جولةِ تحقُّقٍ (فشلُ متصفّحٍ عابرٌ),2026-10-01 14:31:57 +0000,36187
tests/helpers/revocation-store.ts,test,bf614ed4,docs: DEC-33 — إعادةُ جولةِ تحقُّقٍ (فشلُ متصفّحٍ عابرٌ),2026-10-01 14:31:57 +0000,560
tests/integration/.gitkeep,test,bf614ed4,docs: DEC-33 — إعادةُ جولةِ تحقُّقٍ (فشلُ متصفّحٍ عابرٌ),2026-10-01 14:31:57 +0000,1
tests/integration/account-data-rights.test.ts,test,bf614ed4,docs: DEC-33 — إعادةُ جولةِ تحقُّقٍ (فشلُ متصفّحٍ عابرٌ),2026-10-01 14:31:57 +0000,17075
tests/integration/account-recovery.test.ts,test,bf614ed4,docs: DEC-33 — إعادةُ جولةِ تحقُّقٍ (فشلُ متصفّحٍ عابرٌ),2026-10-01 14:31:57 +0000,13044
tests/integration/active-ride.test.ts,test,bf614ed4,docs: DEC-33 — إعادةُ جولةِ تحقُّقٍ (فشلُ متصفّحٍ عابرٌ),2026-10-01 14:31:57 +0000,20219
tests/integration/admin-break-glass.test.ts,test,bf614ed4,docs: DEC-33 — إعادةُ جولةِ تحقُّقٍ (فشلُ متصفّحٍ عابرٌ),2026-10-01 14:31:57 +0000,24499
tests/integration/admin-broadcast-http.test.ts,test,bf614ed4,docs: DEC-33 — إعادةُ جولةِ تحقُّقٍ (فشلُ متصفّحٍ عابرٌ),2026-10-01 14:31:57 +0000,18307
tests/integration/admin-broadcast.test.ts,test,bf614ed4,docs: DEC-33 — إعادةُ جولةِ تحقُّقٍ (فشلُ متصفّحٍ عابرٌ),2026-10-01 14:31:57 +0000,27055
tests/integration/admin-dashboard.test.ts,test,bf614ed4,docs: DEC-33 — إعادةُ جولةِ تحقُّقٍ (فشلُ متصفّحٍ عابرٌ),2026-10-01 14:31:57 +0000,59999
tests/integration/admin-disputes-advice.test.ts,test,bf614ed4,docs: DEC-33 — إعادةُ جولةِ تحقُّقٍ (فشلُ متصفّحٍ عابرٌ),2026-10-01 14:31:57 +0000,8212
tests/integration/admin-guard-authority.test.ts,test,bf614ed4,docs: DEC-33 — إعادةُ جولةِ تحقُّقٍ (فشلُ متصفّحٍ عابرٌ),2026-10-01 14:31:57 +0000,14330
tests/integration/admin-identity-login.test.ts,test,bf614ed4,docs: DEC-33 — إعادةُ جولةِ تحقُّقٍ (فشلُ متصفّحٍ عابرٌ),2026-10-01 14:31:57 +0000,21519
tests/integration/admin-metric-snapshots.test.ts,test,bf614ed4,docs: DEC-33 — إعادةُ جولةِ تحقُّقٍ (فشلُ متصفّحٍ عابرٌ),2026-10-01 14:31:57 +0000,13931
tests/integration/admin-route-guard.test.ts,test,bf614ed4,docs: DEC-33 — إعادةُ جولةِ تحقُّقٍ (فشلُ متصفّحٍ عابرٌ),2026-10-01 14:31:57 +0000,6820
tests/integration/admin-service-separation.test.ts,test,bf614ed4,docs: DEC-33 — إعادةُ جولةِ تحقُّقٍ (فشلُ متصفّحٍ عابرٌ),2026-10-01 14:31:57 +0000,17299
tests/integration/adversarial.test.ts,test,bf614ed4,docs: DEC-33 — إعادةُ جولةِ تحقُّقٍ (فشلُ متصفّحٍ عابرٌ),2026-10-01 14:31:57 +0000,26856
tests/integration/agent-core-measurement.test.ts,test,bf614ed4,docs: DEC-33 — إعادةُ جولةِ تحقُّقٍ (فشلُ متصفّحٍ عابرٌ),2026-10-01 14:31:57 +0000,20308
tests/integration/agent-core-support-advice.test.ts,test,bf614ed4,docs: DEC-33 — إعادةُ جولةِ تحقُّقٍ (فشلُ متصفّحٍ عابرٌ),2026-10-01 14:31:57 +0000,15371
tests/integration/audit-trail-authority.test.ts,test,bf614ed4,docs: DEC-33 — إعادةُ جولةِ تحقُّقٍ (فشلُ متصفّحٍ عابرٌ),2026-10-01 14:31:57 +0000,14751
tests/integration/authority-data-export.test.ts,test,bf614ed4,docs: DEC-33 — إعادةُ جولةِ تحقُّقٍ (فشلُ متصفّحٍ عابرٌ),2026-10-01 14:31:57 +0000,8632
tests/integration/backup-restore-verification.test.ts,test,bf614ed4,docs: DEC-33 — إعادةُ جولةِ تحقُّقٍ (فشلُ متصفّحٍ عابرٌ),2026-10-01 14:31:57 +0000,14224
tests/integration/bilingual-conversation.test.ts,test,bf614ed4,docs: DEC-33 — إعادةُ جولةِ تحقُّقٍ (فشلُ متصفّحٍ عابرٌ),2026-10-01 14:31:57 +0000,19138
tests/integration/blocking-enforcement.test.ts,test,bf614ed4,docs: DEC-33 — إعادةُ جولةِ تحقُّقٍ (فشلُ متصفّحٍ عابرٌ),2026-10-01 14:31:57 +0000,10764
tests/integration/breach-notification.test.ts,test,bf614ed4,docs: DEC-33 — إعادةُ جولةِ تحقُّقٍ (فشلُ متصفّحٍ عابرٌ),2026-10-01 14:31:57 +0000,7566
tests/integration/canonical-driver-location.test.ts,test,bf614ed4,docs: DEC-33 — إعادةُ جولةِ تحقُّقٍ (فشلُ متصفّحٍ عابرٌ),2026-10-01 14:31:57 +0000,12427
tests/integration/city-change.test.ts,test,bf614ed4,docs: DEC-33 — إعادةُ جولةِ تحقُّقٍ (فشلُ متصفّحٍ عابرٌ),2026-10-01 14:31:57 +0000,12387
tests/integration/city-scoped-global-tables.test.ts,test,bf614ed4,docs: DEC-33 — إعادةُ جولةِ تحقُّقٍ (فشلُ متصفّحٍ عابرٌ),2026-10-01 14:31:57 +0000,12151
tests/integration/city-settings-inheritance.test.ts,test,bf614ed4,docs: DEC-33 — إعادةُ جولةِ تحقُّقٍ (فشلُ متصفّحٍ عابرٌ),2026-10-01 14:31:57 +0000,8384
tests/integration/claim-ride-duplicate-delivery.test.ts,test,bf614ed4,docs: DEC-33 — إعادةُ جولةِ تحقُّقٍ (فشلُ متصفّحٍ عابرٌ),2026-10-01 14:31:57 +0000,17324
tests/integration/cost-sensitivity.test.ts,test,bf614ed4,docs: DEC-33 — إعادةُ جولةِ تحقُّقٍ (فشلُ متصفّحٍ عابرٌ),2026-10-01 14:31:57 +0000,23032
tests/integration/database-privilege-surface.test.ts,test,bf614ed4,docs: DEC-33 — إعادةُ جولةِ تحقُّقٍ (فشلُ متصفّحٍ عابرٌ),2026-10-01 14:31:57 +0000,6073
tests/integration/database-required.test.ts,test,bf614ed4,docs: DEC-33 — إعادةُ جولةِ تحقُّقٍ (فشلُ متصفّحٍ عابرٌ),2026-10-01 14:31:57 +0000,2958
tests/integration/delivery-gateway-lifecycle.test.ts,test,bf614ed4,docs: DEC-33 — إعادةُ جولةِ تحقُّقٍ (فشلُ متصفّحٍ عابرٌ),2026-10-01 14:31:57 +0000,21003
tests/integration/delivery-lifecycle.test.ts,test,bf614ed4,docs: DEC-33 — إعادةُ جولةِ تحقُّقٍ (فشلُ متصفّحٍ عابرٌ),2026-10-01 14:31:57 +0000,20228
tests/integration/delivery-realtime.test.ts,test,bf614ed4,docs: DEC-33 — إعادةُ جولةِ تحقُّقٍ (فشلُ متصفّحٍ عابرٌ),2026-10-01 14:31:57 +0000,20986
tests/integration/destinations.test.ts,test,bf614ed4,docs: DEC-33 — إعادةُ جولةِ تحقُّقٍ (فشلُ متصفّحٍ عابرٌ),2026-10-01 14:31:57 +0000,21162
tests/integration/dispatch-nearby-candidates-postgis.test.ts,test,bf614ed4,docs: DEC-33 — إعادةُ جولةِ تحقُّقٍ (فشلُ متصفّحٍ عابرٌ),2026-10-01 14:31:57 +0000,14105
tests/integration/dispatch-open-round-atomicity.test.ts,test,bf614ed4,docs: DEC-33 — إعادةُ جولةِ تحقُّقٍ (فشلُ متصفّحٍ عابرٌ),2026-10-01 14:31:57 +0000,15952
tests/integration/dispatch-redispatch.test.ts,test,bf614ed4,docs: DEC-33 — إعادةُ جولةِ تحقُّقٍ (فشلُ متصفّحٍ عابرٌ),2026-10-01 14:31:57 +0000,18074
tests/integration/dispatch-reject-offer-scoped.test.ts,test,bf614ed4,docs: DEC-33 — إعادةُ جولةِ تحقُّقٍ (فشلُ متصفّحٍ عابرٌ),2026-10-01 14:31:57 +0000,10832
tests/integration/distributed-lock.test.ts,test,bf614ed4,docs: DEC-33 — إعادةُ جولةِ تحقُّقٍ (فشلُ متصفّحٍ عابرٌ),2026-10-01 14:31:57 +0000,9205
tests/integration/driver-account-erasure.test.ts,test,bf614ed4,docs: DEC-33 — إعادةُ جولةِ تحقُّقٍ (فشلُ متصفّحٍ عابرٌ),2026-10-01 14:31:57 +0000,20114
tests/integration/driver-activity.test.ts,test,bf614ed4,docs: DEC-33 — إعادةُ جولةِ تحقُّقٍ (فشلُ متصفّحٍ عابرٌ),2026-10-01 14:31:57 +0000,36106
tests/integration/driver-cannot-complete.test.ts,test,bf614ed4,docs: DEC-33 — إعادةُ جولةِ تحقُّقٍ (فشلُ متصفّحٍ عابرٌ),2026-10-01 14:31:57 +0000,12814
tests/integration/driver-documents-approval-guard.test.ts,test,bf614ed4,docs: DEC-33 — إعادةُ جولةِ تحقُّقٍ (فشلُ متصفّحٍ عابرٌ),2026-10-01 14:31:57 +0000,8426
tests/integration/driver-documents.test.ts,test,bf614ed4,docs: DEC-33 — إعادةُ جولةِ تحقُّقٍ (فشلُ متصفّحٍ عابرٌ),2026-10-01 14:31:57 +0000,31627
tests/integration/driver-job.test.ts,test,bf614ed4,docs: DEC-33 — إعادةُ جولةِ تحقُّقٍ (فشلُ متصفّحٍ عابرٌ),2026-10-01 14:31:57 +0000,23635
tests/integration/driver-kyc-registration.test.ts,test,bf614ed4,docs: DEC-33 — إعادةُ جولةِ تحقُّقٍ (فشلُ متصفّحٍ عابرٌ),2026-10-01 14:31:57 +0000,9845
tests/integration/driver-location-batch-persist.test.ts,test,bf614ed4,docs: DEC-33 — إعادةُ جولةِ تحقُّقٍ (فشلُ متصفّحٍ عابرٌ),2026-10-01 14:31:57 +0000,24008
tests/integration/driver-location-broadcast.test.ts,test,bf614ed4,docs: DEC-33 — إعادةُ جولةِ تحقُّقٍ (فشلُ متصفّحٍ عابرٌ),2026-10-01 14:31:57 +0000,17340
tests/integration/driver-location-cas.test.ts,test,bf614ed4,docs: DEC-33 — إعادةُ جولةِ تحقُّقٍ (فشلُ متصفّحٍ عابرٌ),2026-10-01 14:31:57 +0000,16093
tests/integration/driver-location-freshness.test.ts,test,bf614ed4,docs: DEC-33 — إعادةُ جولةِ تحقُّقٍ (فشلُ متصفّحٍ عابرٌ),2026-10-01 14:31:57 +0000,21707
tests/integration/driver-location-intake.test.ts,test,bf614ed4,docs: DEC-33 — إعادةُ جولةِ تحقُّقٍ (فشلُ متصفّحٍ عابرٌ),2026-10-01 14:31:57 +0000,12314
tests/integration/driver-location-visibility.test.ts,test,bf614ed4,docs: DEC-33 — إعادةُ جولةِ تحقُّقٍ (فشلُ متصفّحٍ عابرٌ),2026-10-01 14:31:57 +0000,15458
tests/integration/driver-offers.test.ts,test,bf614ed4,docs: DEC-33 — إعادةُ جولةِ تحقُّقٍ (فشلُ متصفّحٍ عابرٌ),2026-10-01 14:31:57 +0000,27763
tests/integration/driver-subscription.test.ts,test,bf614ed4,docs: DEC-33 — إعادةُ جولةِ تحقُّقٍ (فشلُ متصفّحٍ عابرٌ),2026-10-01 14:31:57 +0000,18612
tests/integration/driver-support-intake.test.ts,test,bf614ed4,docs: DEC-33 — إعادةُ جولةِ تحقُّقٍ (فشلُ متصفّحٍ عابرٌ),2026-10-01 14:31:57 +0000,21513
tests/integration/driver-vehicle.test.ts,test,bf614ed4,docs: DEC-33 — إعادةُ جولةِ تحقُّقٍ (فشلُ متصفّحٍ عابرٌ),2026-10-01 14:31:57 +0000,10689
tests/integration/eco-user-cost.test.ts,test,bf614ed4,docs: DEC-33 — إعادةُ جولةِ تحقُّقٍ (فشلُ متصفّحٍ عابرٌ),2026-10-01 14:31:57 +0000,16233
tests/integration/erasure-check-against-absent-identity.test.ts,test,bf614ed4,docs: DEC-33 — إعادةُ جولةِ تحقُّقٍ (فشلُ متصفّحٍ عابرٌ),2026-10-01 14:31:57 +0000,14151
tests/integration/expiring-warning-scope.test.ts,test,bf614ed4,docs: DEC-33 — إعادةُ جولةِ تحقُّقٍ (فشلُ متصفّحٍ عابرٌ),2026-10-01 14:31:57 +0000,6478
tests/integration/financial-wallet.test.ts,test,bf614ed4,docs: DEC-33 — إعادةُ جولةِ تحقُّقٍ (فشلُ متصفّحٍ عابرٌ),2026-10-01 14:31:57 +0000,11441
tests/integration/five-cities-launch.test.ts,test,bf614ed4,docs: DEC-33 — إعادةُ جولةِ تحقُّقٍ (فشلُ متصفّحٍ عابرٌ),2026-10-01 14:31:57 +0000,31506
tests/integration/full-delivery.test.ts,test,bf614ed4,docs: DEC-33 — إعادةُ جولةِ تحقُّقٍ (فشلُ متصفّحٍ عابرٌ),2026-10-01 14:31:57 +0000,19675
tests/integration/full-live-path.test.ts,test,bf614ed4,docs: DEC-33 — إعادةُ جولةِ تحقُّقٍ (فشلُ متصفّحٍ عابرٌ),2026-10-01 14:31:57 +0000,11962
tests/integration/full-ride.test.ts,test,bf614ed4,docs: DEC-33 — إعادةُ جولةِ تحقُّقٍ (فشلُ متصفّحٍ عابرٌ),2026-10-01 14:31:57 +0000,28237
tests/integration/group-join-gate.test.ts,test,bf614ed4,docs: DEC-33 — إعادةُ جولةِ تحقُّقٍ (فشلُ متصفّحٍ عابرٌ),2026-10-01 14:31:57 +0000,13876
tests/integration/hot-query-index-plans.test.ts,test,bf614ed4,docs: DEC-33 — إعادةُ جولةِ تحقُّقٍ (فشلُ متصفّحٍ عابرٌ),2026-10-01 14:31:57 +0000,14689
tests/integration/identity-bar-survives-erasure.test.ts,test,bf614ed4,docs: DEC-33 — إعادةُ جولةِ تحقُّقٍ (فشلُ متصفّحٍ عابرٌ),2026-10-01 14:31:57 +0000,12262
tests/integration/live-sequence-validation.test.ts,test,bf614ed4,docs: DEC-33 — إعادةُ جولةِ تحقُّقٍ (فشلُ متصفّحٍ عابرٌ),2026-10-01 14:31:57 +0000,11510
tests/integration/location-archive-retention.test.ts,test,bf614ed4,docs: DEC-33 — إعادةُ جولةِ تحقُّقٍ (فشلُ متصفّحٍ عابرٌ),2026-10-01 14:31:57 +0000,15193
tests/integration/location-history-partitions.test.ts,test,bf614ed4,docs: DEC-33 — إعادةُ جولةِ تحقُّقٍ (فشلُ متصفّحٍ عابرٌ),2026-10-01 14:31:57 +0000,17589
tests/integration/location-race-conditions.test.ts,test,bf614ed4,docs: DEC-33 — إعادةُ جولةِ تحقُّقٍ (فشلُ متصفّحٍ عابرٌ),2026-10-01 14:31:57 +0000,31555
tests/integration/lost-item-mechanism.test.ts,test,bf614ed4,docs: DEC-33 — إعادةُ جولةِ تحقُّقٍ (فشلُ متصفّحٍ عابرٌ),2026-10-01 14:31:57 +0000,15762
tests/integration/me-places.test.ts,test,bf614ed4,docs: DEC-33 — إعادةُ جولةِ تحقُّقٍ (فشلُ متصفّحٍ عابرٌ),2026-10-01 14:31:57 +0000,14672
tests/integration/metrics-central-aggregation.test.ts,test,bf614ed4,docs: DEC-33 — إعادةُ جولةِ تحقُّقٍ (فشلُ متصفّحٍ عابرٌ),2026-10-01 14:31:57 +0000,12921
tests/integration/migration-dry-run-read-only.test.ts,test,bf614ed4,docs: DEC-33 — إعادةُ جولةِ تحقُّقٍ (فشلُ متصفّحٍ عابرٌ),2026-10-01 14:31:57 +0000,6349
tests/integration/moyasar-provider.test.ts,test,bf614ed4,docs: DEC-33 — إعادةُ جولةِ تحقُّقٍ (فشلُ متصفّحٍ عابرٌ),2026-10-01 14:31:57 +0000,6844
tests/integration/mutual-rating.test.ts,test,bf614ed4,docs: DEC-33 — إعادةُ جولةِ تحقُّقٍ (فشلُ متصفّحٍ عابرٌ),2026-10-01 14:31:57 +0000,14433
tests/integration/mutual-ratings.test.ts,test,bf614ed4,docs: DEC-33 — إعادةُ جولةِ تحقُّقٍ (فشلُ متصفّحٍ عابرٌ),2026-10-01 14:31:57 +0000,26164
tests/integration/notification-center-reads-by-internal-id.test.ts,test,bf614ed4,docs: DEC-33 — إعادةُ جولةِ تحقُّقٍ (فشلُ متصفّحٍ عابرٌ),2026-10-01 14:31:57 +0000,16018
tests/integration/notification-classification-center.test.ts,test,bf614ed4,docs: DEC-33 — إعادةُ جولةِ تحقُّقٍ (فشلُ متصفّحٍ عابرٌ),2026-10-01 14:31:57 +0000,17685
tests/integration/notification-outbox-cancellation.test.ts,test,bf614ed4,docs: DEC-33 — إعادةُ جولةِ تحقُّقٍ (فشلُ متصفّحٍ عابرٌ),2026-10-01 14:31:57 +0000,17353
tests/integration/notification-outbox-claim-timeout-per-city.test.ts,test,bf614ed4,docs: DEC-33 — إعادةُ جولةِ تحقُّقٍ (فشلُ متصفّحٍ عابرٌ),2026-10-01 14:31:57 +0000,5429
tests/integration/notification-outbox-claim-undeliverable-guard.test.ts,test,bf614ed4,docs: DEC-33 — إعادةُ جولةِ تحقُّقٍ (فشلُ متصفّحٍ عابرٌ),2026-10-01 14:31:57 +0000,16300
tests/integration/notification-outbox-dead-letter.test.ts,test,bf614ed4,docs: DEC-33 — إعادةُ جولةِ تحقُّقٍ (فشلُ متصفّحٍ عابرٌ),2026-10-01 14:31:57 +0000,13420
tests/integration/notification-outbox-dispute.test.ts,test,bf614ed4,docs: DEC-33 — إعادةُ جولةِ تحقُّقٍ (فشلُ متصفّحٍ عابرٌ),2026-10-01 14:31:57 +0000,15659
tests/integration/notification-outbox-mark-undeliverable.test.ts,test,bf614ed4,docs: DEC-33 — إعادةُ جولةِ تحقُّقٍ (فشلُ متصفّحٍ عابرٌ),2026-10-01 14:31:57 +0000,20927
tests/integration/notification-outbox-negotiation.test.ts,test,bf614ed4,docs: DEC-33 — إعادةُ جولةِ تحقُّقٍ (فشلُ متصفّحٍ عابرٌ),2026-10-01 14:31:57 +0000,19547
tests/integration/notification-outbox-undeliverable-state.test.ts,test,bf614ed4,docs: DEC-33 — إعادةُ جولةِ تحقُّقٍ (فشلُ متصفّحٍ عابرٌ),2026-10-01 14:31:57 +0000,14097
tests/integration/notification-outbox-unmatched.test.ts,test,bf614ed4,docs: DEC-33 — إعادةُ جولةِ تحقُّقٍ (فشلُ متصفّحٍ عابرٌ),2026-10-01 14:31:57 +0000,15447
tests/integration/notification-outbox.test.ts,test,bf614ed4,docs: DEC-33 — إعادةُ جولةِ تحقُّقٍ (فشلُ متصفّحٍ عابرٌ),2026-10-01 14:31:57 +0000,16395
tests/integration/object-level-authorization.test.ts,test,bf614ed4,docs: DEC-33 — إعادةُ جولةِ تحقُّقٍ (فشلُ متصفّحٍ عابرٌ),2026-10-01 14:31:57 +0000,19866
tests/integration/observability-database-gauges.test.ts,test,bf614ed4,docs: DEC-33 — إعادةُ جولةِ تحقُّقٍ (فشلُ متصفّحٍ عابرٌ),2026-10-01 14:31:57 +0000,9157
tests/integration/operations-live-map.test.ts,test,bf614ed4,docs: DEC-33 — إعادةُ جولةِ تحقُّقٍ (فشلُ متصفّحٍ عابرٌ),2026-10-01 14:31:57 +0000,20113
tests/integration/order-cancellation.test.ts,test,bf614ed4,docs: DEC-33 — إعادةُ جولةِ تحقُّقٍ (فشلُ متصفّحٍ عابرٌ),2026-10-01 14:31:57 +0000,19299
tests/integration/payment-lifecycle-matrix.test.ts,test,bf614ed4,docs: DEC-33 — إعادةُ جولةِ تحقُّقٍ (فشلُ متصفّحٍ عابرٌ),2026-10-01 14:31:57 +0000,17813
tests/integration/payment-provider-outage.test.ts,test,bf614ed4,docs: DEC-33 — إعادةُ جولةِ تحقُّقٍ (فشلُ متصفّحٍ عابرٌ),2026-10-01 14:31:57 +0000,23710
tests/integration/payment-real-flow.test.ts,test,bf614ed4,docs: DEC-33 — إعادةُ جولةِ تحقُّقٍ (فشلُ متصفّحٍ عابرٌ),2026-10-01 14:31:57 +0000,9721
tests/integration/payment-reconciliation.test.ts,test,bf614ed4,docs: DEC-33 — إعادةُ جولةِ تحقُّقٍ (فشلُ متصفّحٍ عابرٌ),2026-10-01 14:31:57 +0000,18699
tests/integration/pdpl-compliance.test.ts,test,bf614ed4,docs: DEC-33 — إعادةُ جولةِ تحقُّقٍ (فشلُ متصفّحٍ عابرٌ),2026-10-01 14:31:57 +0000,11390
tests/integration/pg-brownout.test.ts,test,bf614ed4,docs: DEC-33 — إعادةُ جولةِ تحقُّقٍ (فشلُ متصفّحٍ عابرٌ),2026-10-01 14:31:57 +0000,7178
tests/integration/pilot-city-activation.test.ts,test,bf614ed4,docs: DEC-33 — إعادةُ جولةِ تحقُّقٍ (فشلُ متصفّحٍ عابرٌ),2026-10-01 14:31:57 +0000,8831
tests/integration/queue-backpressure.test.ts,test,bf614ed4,docs: DEC-33 — إعادةُ جولةِ تحقُّقٍ (فشلُ متصفّحٍ عابرٌ),2026-10-01 14:31:57 +0000,21160
tests/integration/quote.test.ts,test,bf614ed4,docs: DEC-33 — إعادةُ جولةِ تحقُّقٍ (فشلُ متصفّحٍ عابرٌ),2026-10-01 14:31:57 +0000,19048
tests/integration/rating-average-race.test.ts,test,bf614ed4,docs: DEC-33 — إعادةُ جولةِ تحقُّقٍ (فشلُ متصفّحٍ عابرٌ),2026-10-01 14:31:57 +0000,19726
tests/integration/redis-sessions.test.ts,test,bf614ed4,docs: DEC-33 — إعادةُ جولةِ تحقُّقٍ (فشلُ متصفّحٍ عابرٌ),2026-10-01 14:31:57 +0000,16993
tests/integration/request-correlation.test.ts,test,bf614ed4,docs: DEC-33 — إعادةُ جولةِ تحقُّقٍ (فشلُ متصفّحٍ عابرٌ),2026-10-01 14:31:57 +0000,10642
tests/integration/resource-usage-budget.test.ts,test,bf614ed4,docs: DEC-33 — إعادةُ جولةِ تحقُّقٍ (فشلُ متصفّحٍ عابرٌ),2026-10-01 14:31:57 +0000,21899
tests/integration/ride-history.test.ts,test,bf614ed4,docs: DEC-33 — إعادةُ جولةِ تحقُّقٍ (فشلُ متصفّحٍ عابرٌ),2026-10-01 14:31:57 +0000,34983
tests/integration/ride-request.test.ts,test,bf614ed4,docs: DEC-33 — إعادةُ جولةِ تحقُّقٍ (فشلُ متصفّحٍ عابرٌ),2026-10-01 14:31:57 +0000,36362
tests/integration/ride-share.test.ts,test,bf614ed4,docs: DEC-33 — إعادةُ جولةِ تحقُّقٍ (فشلُ متصفّحٍ عابرٌ),2026-10-01 14:31:57 +0000,51484
tests/integration/ride-summary-travelled-trace.test.ts,test,bf614ed4,docs: DEC-33 — إعادةُ جولةِ تحقُّقٍ (فشلُ متصفّحٍ عابرٌ),2026-10-01 14:31:57 +0000,12966
tests/integration/ride-summary.test.ts,test,bf614ed4,docs: DEC-33 — إعادةُ جولةِ تحقُّقٍ (فشلُ متصفّحٍ عابرٌ),2026-10-01 14:31:57 +0000,33081
tests/integration/rider-session-data-budget.test.ts,test,bf614ed4,docs: DEC-33 — إعادةُ جولةِ تحقُّقٍ (فشلُ متصفّحٍ عابرٌ),2026-10-01 14:31:57 +0000,22932
tests/integration/rider-support-intake.test.ts,test,bf614ed4,docs: DEC-33 — إعادةُ جولةِ تحقُّقٍ (فشلُ متصفّحٍ عابرٌ),2026-10-01 14:31:57 +0000,23175
tests/integration/routing-call-budget.test.ts,test,bf614ed4,docs: DEC-33 — إعادةُ جولةِ تحقُّقٍ (فشلُ متصفّحٍ عابرٌ),2026-10-01 14:31:57 +0000,19503
tests/integration/routing-provider-outage.test.ts,test,bf614ed4,docs: DEC-33 — إعادةُ جولةِ تحقُّقٍ (فشلُ متصفّحٍ عابرٌ),2026-10-01 14:31:57 +0000,25878
tests/integration/row-security-effect.test.ts,test,bf614ed4,docs: DEC-33 — إعادةُ جولةِ تحقُّقٍ (فشلُ متصفّحٍ عابرٌ),2026-10-01 14:31:57 +0000,14958
tests/integration/safe-migration-runner.test.ts,test,bf614ed4,docs: DEC-33 — إعادةُ جولةِ تحقُّقٍ (فشلُ متصفّحٍ عابرٌ),2026-10-01 14:31:57 +0000,11054
tests/integration/safety-sos.test.ts,test,bf614ed4,docs: DEC-33 — إعادةُ جولةِ تحقُّقٍ (فشلُ متصفّحٍ عابرٌ),2026-10-01 14:31:57 +0000,27307
tests/integration/scheduled-jobs.test.ts,test,bf614ed4,docs: DEC-33 — إعادةُ جولةِ تحقُّقٍ (فشلُ متصفّحٍ عابرٌ),2026-10-01 14:31:57 +0000,17323
tests/integration/schema-contract.test.ts,test,bf614ed4,docs: DEC-33 — إعادةُ جولةِ تحقُّقٍ (فشلُ متصفّحٍ عابرٌ),2026-10-01 14:31:57 +0000,6357
tests/integration/security/adversarial-security.test.ts,test,bf614ed4,docs: DEC-33 — إعادةُ جولةِ تحقُّقٍ (فشلُ متصفّحٍ عابرٌ),2026-10-01 14:31:57 +0000,15007
tests/integration/session-revocation-admin-path.test.ts,test,bf614ed4,docs: DEC-33 — إعادةُ جولةِ تحقُّقٍ (فشلُ متصفّحٍ عابرٌ),2026-10-01 14:31:57 +0000,8903
tests/integration/settings-parity.test.ts,test,bf614ed4,docs: DEC-33 — إعادةُ جولةِ تحقُّقٍ (فشلُ متصفّحٍ عابرٌ),2026-10-01 14:31:57 +0000,4032
tests/integration/sos-order-resolution.test.ts,test,bf614ed4,docs: DEC-33 — إعادةُ جولةِ تحقُّقٍ (فشلُ متصفّحٍ عابرٌ),2026-10-01 14:31:57 +0000,22785
tests/integration/stalled-order-ceiling-detector.test.ts,test,bf614ed4,docs: DEC-33 — إعادةُ جولةِ تحقُّقٍ (فشلُ متصفّحٍ عابرٌ),2026-10-01 14:31:57 +0000,6121
tests/integration/subscription-cancel-upgrade.test.ts,test,bf614ed4,docs: DEC-33 — إعادةُ جولةِ تحقُّقٍ (فشلُ متصفّحٍ عابرٌ),2026-10-01 14:31:57 +0000,31487
tests/integration/subscription-dialog-changes.test.ts,test,bf614ed4,docs: DEC-33 — إعادةُ جولةِ تحقُّقٍ (فشلُ متصفّحٍ عابرٌ),2026-10-01 14:31:57 +0000,16794
tests/integration/subscription-notices.test.ts,test,bf614ed4,docs: DEC-33 — إعادةُ جولةِ تحقُّقٍ (فشلُ متصفّحٍ عابرٌ),2026-10-01 14:31:57 +0000,18767
tests/integration/subscription-tax-invoice.test.ts,test,bf614ed4,docs: DEC-33 — إعادةُ جولةِ تحقُّقٍ (فشلُ متصفّحٍ عابرٌ),2026-10-01 14:31:57 +0000,37713
tests/integration/support-tickets.test.ts,test,bf614ed4,docs: DEC-33 — إعادةُ جولةِ تحقُّقٍ (فشلُ متصفّحٍ عابرٌ),2026-10-01 14:31:57 +0000,30674
tests/integration/support-volume-budget.test.ts,test,bf614ed4,docs: DEC-33 — إعادةُ جولةِ تحقُّقٍ (فشلُ متصفّحٍ عابرٌ),2026-10-01 14:31:57 +0000,19339
tests/integration/tap-provider.test.ts,test,bf614ed4,docs: DEC-33 — إعادةُ جولةِ تحقُّقٍ (فشلُ متصفّحٍ عابرٌ),2026-10-01 14:31:57 +0000,13599
tests/integration/telegram-durable-intake.test.ts,test,bf614ed4,docs: DEC-33 — إعادةُ جولةِ تحقُّقٍ (فشلُ متصفّحٍ عابرٌ),2026-10-01 14:31:57 +0000,18322
tests/integration/telegram-message-budget.test.ts,test,bf614ed4,docs: DEC-33 — إعادةُ جولةِ تحقُّقٍ (فشلُ متصفّحٍ عابرٌ),2026-10-01 14:31:57 +0000,18592
tests/integration/telegram-outage-miniapp.test.ts,test,bf614ed4,docs: DEC-33 — إعادةُ جولةِ تحقُّقٍ (فشلُ متصفّحٍ عابرٌ),2026-10-01 14:31:57 +0000,18683
tests/integration/ticket-type-enum-parity.test.ts,test,bf614ed4,docs: DEC-33 — إعادةُ جولةِ تحقُّقٍ (فشلُ متصفّحٍ عابرٌ),2026-10-01 14:31:57 +0000,3701
tests/integration/tracking-env-limits.test.ts,test,bf614ed4,docs: DEC-33 — إعادةُ جولةِ تحقُّقٍ (فشلُ متصفّحٍ عابرٌ),2026-10-01 14:31:57 +0000,11136
tests/integration/tracking-realtime.test.ts,test,bf614ed4,docs: DEC-33 — إعادةُ جولةِ تحقُّقٍ (فشلُ متصفّحٍ عابرٌ),2026-10-01 14:31:57 +0000,48723
tests/integration/tracking-sequence.test.ts,test,bf614ed4,docs: DEC-33 — إعادةُ جولةِ تحقُّقٍ (فشلُ متصفّحٍ عابرٌ),2026-10-01 14:31:57 +0000,26358
tests/integration/tracking-token-owner-binding.test.ts,test,bf614ed4,docs: DEC-33 — إعادةُ جولةِ تحقُّقٍ (فشلُ متصفّحٍ عابرٌ),2026-10-01 14:31:57 +0000,11894
tests/integration/tracking-tokens-lifecycle.test.ts,test,bf614ed4,docs: DEC-33 — إعادةُ جولةِ تحقُّقٍ (فشلُ متصفّحٍ عابرٌ),2026-10-01 14:31:57 +0000,13834
tests/integration/traffic-priority-claim.test.ts,test,bf614ed4,docs: DEC-33 — إعادةُ جولةِ تحقُّقٍ (فشلُ متصفّحٍ عابرٌ),2026-10-01 14:31:57 +0000,18858
tests/integration/trial-lifecycle.test.ts,test,bf614ed4,docs: DEC-33 — إعادةُ جولةِ تحقُّقٍ (فشلُ متصفّحٍ عابرٌ),2026-10-01 14:31:57 +0000,20479
tests/integration/unmatched-escalation.test.ts,test,bf614ed4,docs: DEC-33 — إعادةُ جولةِ تحقُّقٍ (فشلُ متصفّحٍ عابرٌ),2026-10-01 14:31:57 +0000,29552
tests/integration/unsubscribed-negotiation.test.ts,test,bf614ed4,docs: DEC-33 — إعادةُ جولةِ تحقُّقٍ (فشلُ متصفّحٍ عابرٌ),2026-10-01 14:31:57 +0000,31692
tests/integration/user-consents.test.ts,test,bf614ed4,docs: DEC-33 — إعادةُ جولةِ تحقُّقٍ (فشلُ متصفّحٍ عابرٌ),2026-10-01 14:31:57 +0000,12861
tests/integration/worker-loss-reclaim.test.ts,test,bf614ed4,docs: DEC-33 — إعادةُ جولةِ تحقُّقٍ (فشلُ متصفّحٍ عابرٌ),2026-10-01 14:31:57 +0000,12324
tests/integration/worker-service-separation.test.ts,test,bf614ed4,docs: DEC-33 — إعادةُ جولةِ تحقُّقٍ (فشلُ متصفّحٍ عابرٌ),2026-10-01 14:31:57 +0000,14640
tests/integration/zatca-phase2.test.ts,test,bf614ed4,docs: DEC-33 — إعادةُ جولةِ تحقُّقٍ (فشلُ متصفّحٍ عابرٌ),2026-10-01 14:31:57 +0000,4358
tests/real-redis/deploy-swap-continuity-real.test.ts,test,bf614ed4,docs: DEC-33 — إعادةُ جولةِ تحقُّقٍ (فشلُ متصفّحٍ عابرٌ),2026-10-01 14:31:57 +0000,33263
tests/real-redis/gateway-loss-continuity-real.test.ts,test,bf614ed4,docs: DEC-33 — إعادةُ جولةِ تحقُّقٍ (فشلُ متصفّحٍ عابرٌ),2026-10-01 14:31:57 +0000,29227
tests/real-redis/location-hot-state-outage-real.test.ts,test,bf614ed4,docs: DEC-33 — إعادةُ جولةِ تحقُّقٍ (فشلُ متصفّحٍ عابرٌ),2026-10-01 14:31:57 +0000,15953
tests/real-redis/rate-limit-routes-real.test.ts,test,bf614ed4,docs: DEC-33 — إعادةُ جولةِ تحقُّقٍ (فشلُ متصفّحٍ عابرٌ),2026-10-01 14:31:57 +0000,6783
tests/real-redis/redis-loss-commercial-state-real.test.ts,test,bf614ed4,docs: DEC-33 — إعادةُ جولةِ تحقُّقٍ (فشلُ متصفّحٍ عابرٌ),2026-10-01 14:31:57 +0000,18634
tests/real-redis/redis-sessions-real.test.ts,test,bf614ed4,docs: DEC-33 — إعادةُ جولةِ تحقُّقٍ (فشلُ متصفّحٍ عابرٌ),2026-10-01 14:31:57 +0000,41945
tests/support/active-city.ts,test,bf614ed4,docs: DEC-33 — إعادةُ جولةِ تحقُّقٍ (فشلُ متصفّحٍ عابرٌ),2026-10-01 14:31:57 +0000,11470
tests/support/bot-doubles.ts,test,bf614ed4,docs: DEC-33 — إعادةُ جولةِ تحقُّقٍ (فشلُ متصفّحٍ عابرٌ),2026-10-01 14:31:57 +0000,16455
tests/support/config.ts,test,bf614ed4,docs: DEC-33 — إعادةُ جولةِ تحقُّقٍ (فشلُ متصفّحٍ عابرٌ),2026-10-01 14:31:57 +0000,6375
tests/support/drain-notification-outbox.ts,test,bf614ed4,docs: DEC-33 — إعادةُ جولةِ تحقُّقٍ (فشلُ متصفّحٍ عابرٌ),2026-10-01 14:31:57 +0000,7305
tests/support/engine-work.ts,test,bf614ed4,docs: DEC-33 — إعادةُ جولةِ تحقُّقٍ (فشلُ متصفّحٍ عابرٌ),2026-10-01 14:31:57 +0000,12561
tests/support/free-port.ts,test,bf614ed4,docs: DEC-33 — إعادةُ جولةِ تحقُّقٍ (فشلُ متصفّحٍ عابرٌ),2026-10-01 14:31:57 +0000,2422
tests/support/in-memory-ports.ts,test,bf614ed4,docs: DEC-33 — إعادةُ جولةِ تحقُّقٍ (فشلُ متصفّحٍ عابرٌ),2026-10-01 14:31:57 +0000,6625
tests/support/metrics-push-child.ts,test,bf614ed4,docs: DEC-33 — إعادةُ جولةِ تحقُّقٍ (فشلُ متصفّحٍ عابرٌ),2026-10-01 14:31:57 +0000,4697
tests/support/real-redis.ts,test,bf614ed4,docs: DEC-33 — إعادةُ جولةِ تحقُّقٍ (فشلُ متصفّحٍ عابرٌ),2026-10-01 14:31:57 +0000,8081
tests/support/seed-capable-driver.ts,test,bf614ed4,docs: DEC-33 — إعادةُ جولةِ تحقُّقٍ (فشلُ متصفّحٍ عابرٌ),2026-10-01 14:31:57 +0000,3352
tests/support/seed-driver-documents.ts,test,bf614ed4,docs: DEC-33 — إعادةُ جولةِ تحقُّقٍ (فشلُ متصفّحٍ عابرٌ),2026-10-01 14:31:57 +0000,1847
tests/support/telegram-capture.ts,test,bf614ed4,docs: DEC-33 — إعادةُ جولةِ تحقُّقٍ (فشلُ متصفّحٍ عابرٌ),2026-10-01 14:31:57 +0000,2272
tests/support/telegram-init-data.ts,test,bf614ed4,docs: DEC-33 — إعادةُ جولةِ تحقُّقٍ (فشلُ متصفّحٍ عابرٌ),2026-10-01 14:31:57 +0000,4638
tests/support/worker-loss-child.ts,test,bf614ed4,docs: DEC-33 — إعادةُ جولةِ تحقُّقٍ (فشلُ متصفّحٍ عابرٌ),2026-10-01 14:31:57 +0000,4390
tests/support/zatca-tlv.ts,test,bf614ed4,docs: DEC-33 — إعادةُ جولةِ تحقُّقٍ (فشلُ متصفّحٍ عابرٌ),2026-10-01 14:31:57 +0000,6205
tests/unit/account-surface.test.ts,test,bf614ed4,docs: DEC-33 — إعادةُ جولةِ تحقُّقٍ (فشلُ متصفّحٍ عابرٌ),2026-10-01 14:31:57 +0000,19243
tests/unit/active-ride-arrived-phase.test.ts,test,bf614ed4,docs: DEC-33 — إعادةُ جولةِ تحقُّقٍ (فشلُ متصفّحٍ عابرٌ),2026-10-01 14:31:57 +0000,3692
tests/unit/active-ride-domain.test.ts,test,bf614ed4,docs: DEC-33 — إعادةُ جولةِ تحقُّقٍ (فشلُ متصفّحٍ عابرٌ),2026-10-01 14:31:57 +0000,5526
tests/unit/active-ride-route.test.ts,test,bf614ed4,docs: DEC-33 — إعادةُ جولةِ تحقُّقٍ (فشلُ متصفّحٍ عابرٌ),2026-10-01 14:31:57 +0000,15350
tests/unit/active-ride-store.test.ts,test,bf614ed4,docs: DEC-33 — إعادةُ جولةِ تحقُّقٍ (فشلُ متصفّحٍ عابرٌ),2026-10-01 14:31:57 +0000,9789
tests/unit/active-ride-view.test.ts,test,bf614ed4,docs: DEC-33 — إعادةُ جولةِ تحقُّقٍ (فشلُ متصفّحٍ عابرٌ),2026-10-01 14:31:57 +0000,9241
tests/unit/admin-dashboard.test.ts,test,bf614ed4,docs: DEC-33 — إعادةُ جولةِ تحقُّقٍ (فشلُ متصفّحٍ عابرٌ),2026-10-01 14:31:57 +0000,25774
tests/unit/admin-driver-detail.test.ts,test,bf614ed4,docs: DEC-33 — إعادةُ جولةِ تحقُّقٍ (فشلُ متصفّحٍ عابرٌ),2026-10-01 14:31:57 +0000,17063
tests/unit/admin-login-log-detail.test.ts,test,bf614ed4,docs: DEC-33 — إعادةُ جولةِ تحقُّقٍ (فشلُ متصفّحٍ عابرٌ),2026-10-01 14:31:57 +0000,7071
tests/unit/admin-map-panel.test.ts,test,bf614ed4,docs: DEC-33 — إعادةُ جولةِ تحقُّقٍ (فشلُ متصفّحٍ عابرٌ),2026-10-01 14:31:57 +0000,9685
tests/unit/admin-metric-snapshot.test.ts,test,bf614ed4,docs: DEC-33 — إعادةُ جولةِ تحقُّقٍ (فشلُ متصفّحٍ عابرٌ),2026-10-01 14:31:57 +0000,7024
tests/unit/admin-mount-order.test.ts,test,bf614ed4,docs: DEC-33 — إعادةُ جولةِ تحقُّقٍ (فشلُ متصفّحٍ عابرٌ),2026-10-01 14:31:57 +0000,5888
tests/unit/admin-overview-reading.test.ts,test,bf614ed4,docs: DEC-33 — إعادةُ جولةِ تحقُّقٍ (فشلُ متصفّحٍ عابرٌ),2026-10-01 14:31:57 +0000,9342
tests/unit/agent-core-guards.test.ts,test,bf614ed4,docs: DEC-33 — إعادةُ جولةِ تحقُّقٍ (فشلُ متصفّحٍ عابرٌ),2026-10-01 14:31:57 +0000,7919
tests/unit/agent-core-memory.test.ts,test,bf614ed4,docs: DEC-33 — إعادةُ جولةِ تحقُّقٍ (فشلُ متصفّحٍ عابرٌ),2026-10-01 14:31:57 +0000,10090
tests/unit/agent-core-pipeline.test.ts,test,bf614ed4,docs: DEC-33 — إعادةُ جولةِ تحقُّقٍ (فشلُ متصفّحٍ عابرٌ),2026-10-01 14:31:57 +0000,10860
tests/unit/agent-core-policies.test.ts,test,bf614ed4,docs: DEC-33 — إعادةُ جولةِ تحقُّقٍ (فشلُ متصفّحٍ عابرٌ),2026-10-01 14:31:57 +0000,9737
tests/unit/agent-core-scope-confinement.test.ts,test,bf614ed4,docs: DEC-33 — إعادةُ جولةِ تحقُّقٍ (فشلُ متصفّحٍ عابرٌ),2026-10-01 14:31:57 +0000,5680
tests/unit/agent-measurement-infer.test.ts,test,bf614ed4,docs: DEC-33 — إعادةُ جولةِ تحقُّقٍ (فشلُ متصفّحٍ عابرٌ),2026-10-01 14:31:57 +0000,3182
tests/unit/arabic-fuzzy-search.test.ts,test,bf614ed4,docs: DEC-33 — إعادةُ جولةِ تحقُّقٍ (فشلُ متصفّحٍ عابرٌ),2026-10-01 14:31:57 +0000,8272
tests/unit/arabic-partitions.test.ts,test,bf614ed4,docs: DEC-33 — إعادةُ جولةِ تحقُّقٍ (فشلُ متصفّحٍ عابرٌ),2026-10-01 14:31:57 +0000,5444
tests/unit/archive-location-partitions.test.ts,test,bf614ed4,docs: DEC-33 — إعادةُ جولةِ تحقُّقٍ (فشلُ متصفّحٍ عابرٌ),2026-10-01 14:31:57 +0000,7573
tests/unit/assert-asset-references.test.ts,test,bf614ed4,docs: DEC-33 — إعادةُ جولةِ تحقُّقٍ (فشلُ متصفّحٍ عابرٌ),2026-10-01 14:31:57 +0000,1478
tests/unit/assert-initial-dictionaries.test.ts,test,bf614ed4,docs: DEC-33 — إعادةُ جولةِ تحقُّقٍ (فشلُ متصفّحٍ عابرٌ),2026-10-01 14:31:57 +0000,2349
tests/unit/assert-preboot-placement.test.ts,test,bf614ed4,docs: DEC-33 — إعادةُ جولةِ تحقُّقٍ (فشلُ متصفّحٍ عابرٌ),2026-10-01 14:31:57 +0000,2031
tests/unit/assert-rider-first-surface.test.ts,test,bf614ed4,docs: DEC-33 — إعادةُ جولةِ تحقُّقٍ (فشلُ متصفّحٍ عابرٌ),2026-10-01 14:31:57 +0000,3665
tests/unit/backup-database.test.ts,test,bf614ed4,docs: DEC-33 — إعادةُ جولةِ تحقُّقٍ (فشلُ متصفّحٍ عابرٌ),2026-10-01 14:31:57 +0000,7649
tests/unit/backup-drill-timing.test.ts,test,bf614ed4,docs: DEC-33 — إعادةُ جولةِ تحقُّقٍ (فشلُ متصفّحٍ عابرٌ),2026-10-01 14:31:57 +0000,6320
tests/unit/bench-determinism.test.ts,test,bf614ed4,docs: DEC-33 — إعادةُ جولةِ تحقُّقٍ (فشلُ متصفّحٍ عابرٌ),2026-10-01 14:31:57 +0000,8667
tests/unit/bench-distributed-plan.test.ts,test,bf614ed4,docs: DEC-33 — إعادةُ جولةِ تحقُّقٍ (فشلُ متصفّحٍ عابرٌ),2026-10-01 14:31:57 +0000,7399
tests/unit/blank-comments.test.ts,test,bf614ed4,docs: DEC-33 — إعادةُ جولةِ تحقُّقٍ (فشلُ متصفّحٍ عابرٌ),2026-10-01 14:31:57 +0000,5588
tests/unit/bot-callback-routing.test.ts,test,bf614ed4,docs: DEC-33 — إعادةُ جولةِ تحقُّقٍ (فشلُ متصفّحٍ عابرٌ),2026-10-01 14:31:57 +0000,5770
tests/unit/break-glass-crypto.test.ts,test,bf614ed4,docs: DEC-33 — إعادةُ جولةِ تحقُّقٍ (فشلُ متصفّحٍ عابرٌ),2026-10-01 14:31:57 +0000,10761
tests/unit/broadcast-offers.test.ts,test,bf614ed4,docs: DEC-33 — إعادةُ جولةِ تحقُّقٍ (فشلُ متصفّحٍ عابرٌ),2026-10-01 14:31:57 +0000,10653
tests/unit/brownout-invariants.test.ts,test,bf614ed4,docs: DEC-33 — إعادةُ جولةِ تحقُّقٍ (فشلُ متصفّحٍ عابرٌ),2026-10-01 14:31:57 +0000,4728
tests/unit/bulkhead.test.ts,test,bf614ed4,docs: DEC-33 — إعادةُ جولةِ تحقُّقٍ (فشلُ متصفّحٍ عابرٌ),2026-10-01 14:31:57 +0000,3091
tests/unit/cached-routing-provider.test.ts,test,bf614ed4,docs: DEC-33 — إعادةُ جولةِ تحقُّقٍ (فشلُ متصفّحٍ عابرٌ),2026-10-01 14:31:57 +0000,5769
tests/unit/ceiling-detector-job-registration.test.ts,test,bf614ed4,docs: DEC-33 — إعادةُ جولةِ تحقُّقٍ (فشلُ متصفّحٍ عابرٌ),2026-10-01 14:31:57 +0000,6397
tests/unit/ceiling-exceeded-adapter-load.test.ts,test,bf614ed4,docs: DEC-33 — إعادةُ جولةِ تحقُّقٍ (فشلُ متصفّحٍ عابرٌ),2026-10-01 14:31:57 +0000,1387
tests/unit/check-active-ride-contract.test.ts,test,bf614ed4,docs: DEC-33 — إعادةُ جولةِ تحقُّقٍ (فشلُ متصفّحٍ عابرٌ),2026-10-01 14:31:57 +0000,23609
tests/unit/check-admin-metric-snapshot-contract.test.ts,test,bf614ed4,docs: DEC-33 — إعادةُ جولةِ تحقُّقٍ (فشلُ متصفّحٍ عابرٌ),2026-10-01 14:31:57 +0000,11197
tests/unit/check-audit-actions.test.ts,test,bf614ed4,docs: DEC-33 — إعادةُ جولةِ تحقُّقٍ (فشلُ متصفّحٍ عابرٌ),2026-10-01 14:31:57 +0000,12216
tests/unit/check-blocker-registry.test.ts,test,bf614ed4,docs: DEC-33 — إعادةُ جولةِ تحقُّقٍ (فشلُ متصفّحٍ عابرٌ),2026-10-01 14:31:57 +0000,13198
tests/unit/check-boundary-audit.test.ts,test,bf614ed4,docs: DEC-33 — إعادةُ جولةِ تحقُّقٍ (فشلُ متصفّحٍ عابرٌ),2026-10-01 14:31:57 +0000,7100
tests/unit/check-business-constants.test.ts,test,bf614ed4,docs: DEC-33 — إعادةُ جولةِ تحقُّقٍ (فشلُ متصفّحٍ عابرٌ),2026-10-01 14:31:57 +0000,8611
tests/unit/check-connection-budget.test.ts,test,bf614ed4,docs: DEC-33 — إعادةُ جولةِ تحقُّقٍ (فشلُ متصفّحٍ عابرٌ),2026-10-01 14:31:57 +0000,13461
tests/unit/check-consent-documents.test.ts,test,bf614ed4,docs: DEC-33 — إعادةُ جولةِ تحقُّقٍ (فشلُ متصفّحٍ عابرٌ),2026-10-01 14:31:57 +0000,6616
tests/unit/check-core-metrics.test.ts,test,bf614ed4,docs: DEC-33 — إعادةُ جولةِ تحقُّقٍ (فشلُ متصفّحٍ عابرٌ),2026-10-01 14:31:57 +0000,12757
tests/unit/check-cost-sensitivity.test.ts,test,bf614ed4,docs: DEC-33 — إعادةُ جولةِ تحقُّقٍ (فشلُ متصفّحٍ عابرٌ),2026-10-01 14:31:57 +0000,10539
tests/unit/check-css-class-coverage.test.ts,test,bf614ed4,docs: DEC-33 — إعادةُ جولةِ تحقُّقٍ (فشلُ متصفّحٍ عابرٌ),2026-10-01 14:31:57 +0000,10642
tests/unit/check-cutover-plan.test.ts,test,bf614ed4,docs: DEC-33 — إعادةُ جولةِ تحقُّقٍ (فشلُ متصفّحٍ عابرٌ),2026-10-01 14:31:57 +0000,9727
tests/unit/check-date-only-boundary.test.ts,test,bf614ed4,docs: DEC-33 — إعادةُ جولةِ تحقُّقٍ (فشلُ متصفّحٍ عابرٌ),2026-10-01 14:31:57 +0000,6566
tests/unit/check-deferred-area.test.ts,test,bf614ed4,docs: DEC-33 — إعادةُ جولةِ تحقُّقٍ (فشلُ متصفّحٍ عابرٌ),2026-10-01 14:31:57 +0000,6699
tests/unit/check-dependency-advisories.test.ts,test,bf614ed4,docs: DEC-33 — إعادةُ جولةِ تحقُّقٍ (فشلُ متصفّحٍ عابرٌ),2026-10-01 14:31:57 +0000,4452
tests/unit/check-dependency-resilience.test.ts,test,bf614ed4,docs: DEC-33 — إعادةُ جولةِ تحقُّقٍ (فشلُ متصفّحٍ عابرٌ),2026-10-01 14:31:57 +0000,7757
tests/unit/check-destination-contract.test.ts,test,bf614ed4,docs: DEC-33 — إعادةُ جولةِ تحقُّقٍ (فشلُ متصفّحٍ عابرٌ),2026-10-01 14:31:57 +0000,13353
tests/unit/check-docs-budget.test.ts,test,bf614ed4,docs: DEC-33 — إعادةُ جولةِ تحقُّقٍ (فشلُ متصفّحٍ عابرٌ),2026-10-01 14:31:57 +0000,8863
tests/unit/check-driver-activity-contract.test.ts,test,bf614ed4,docs: DEC-33 — إعادةُ جولةِ تحقُّقٍ (فشلُ متصفّحٍ عابرٌ),2026-10-01 14:31:57 +0000,10626
tests/unit/check-driver-documents-contract.test.ts,test,bf614ed4,docs: DEC-33 — إعادةُ جولةِ تحقُّقٍ (فشلُ متصفّحٍ عابرٌ),2026-10-01 14:31:57 +0000,15522
tests/unit/check-driver-job-contract.test.ts,test,bf614ed4,docs: DEC-33 — إعادةُ جولةِ تحقُّقٍ (فشلُ متصفّحٍ عابرٌ),2026-10-01 14:31:57 +0000,19485
tests/unit/check-driver-offers-contract.test.ts,test,bf614ed4,docs: DEC-33 — إعادةُ جولةِ تحقُّقٍ (فشلُ متصفّحٍ عابرٌ),2026-10-01 14:31:57 +0000,21192
tests/unit/check-driver-subscription-contract.test.ts,test,bf614ed4,docs: DEC-33 — إعادةُ جولةِ تحقُّقٍ (فشلُ متصفّحٍ عابرٌ),2026-10-01 14:31:57 +0000,7083
tests/unit/check-driver-vehicle-contract.test.ts,test,bf614ed4,docs: DEC-33 — إعادةُ جولةِ تحقُّقٍ (فشلُ متصفّحٍ عابرٌ),2026-10-01 14:31:57 +0000,4806
tests/unit/check-eco-user-cost.test.ts,test,bf614ed4,docs: DEC-33 — إعادةُ جولةِ تحقُّقٍ (فشلُ متصفّحٍ عابرٌ),2026-10-01 14:31:57 +0000,11915
tests/unit/check-egress-boundary.test.ts,test,bf614ed4,docs: DEC-33 — إعادةُ جولةِ تحقُّقٍ (فشلُ متصفّحٍ عابرٌ),2026-10-01 14:31:57 +0000,22641
tests/unit/check-env-drift.test.ts,test,bf614ed4,docs: DEC-33 — إعادةُ جولةِ تحقُّقٍ (فشلُ متصفّحٍ عابرٌ),2026-10-01 14:31:57 +0000,5472
tests/unit/check-erasure-policy.test.ts,test,bf614ed4,docs: DEC-33 — إعادةُ جولةِ تحقُّقٍ (فشلُ متصفّحٍ عابرٌ),2026-10-01 14:31:57 +0000,16389
tests/unit/check-guard-enforcement.test.ts,test,bf614ed4,docs: DEC-33 — إعادةُ جولةِ تحقُّقٍ (فشلُ متصفّحٍ عابرٌ),2026-10-01 14:31:57 +0000,7025
tests/unit/check-hot-location-state.test.ts,test,bf614ed4,docs: DEC-33 — إعادةُ جولةِ تحقُّقٍ (فشلُ متصفّحٍ عابرٌ),2026-10-01 14:31:57 +0000,14954
tests/unit/check-instance-invariant.test.ts,test,bf614ed4,docs: DEC-33 — إعادةُ جولةِ تحقُّقٍ (فشلُ متصفّحٍ عابرٌ),2026-10-01 14:31:57 +0000,40979
tests/unit/check-integration-city-precondition.test.ts,test,bf614ed4,docs: DEC-33 — إعادةُ جولةِ تحقُّقٍ (فشلُ متصفّحٍ عابرٌ),2026-10-01 14:31:57 +0000,20944
tests/unit/check-jsonb-binding.test.ts,test,bf614ed4,docs: DEC-33 — إعادةُ جولةِ تحقُّقٍ (فشلُ متصفّحٍ عابرٌ),2026-10-01 14:31:57 +0000,5554
tests/unit/check-lazy-query-assertion.test.ts,test,bf614ed4,docs: DEC-33 — إعادةُ جولةِ تحقُّقٍ (فشلُ متصفّحٍ عابرٌ),2026-10-01 14:31:57 +0000,5592
tests/unit/check-location-acceptance-stamp.test.ts,test,bf614ed4,docs: DEC-33 — إعادةُ جولةِ تحقُّقٍ (فشلُ متصفّحٍ عابرٌ),2026-10-01 14:31:57 +0000,11565
tests/unit/check-location-broadcast-contract.test.ts,test,bf614ed4,docs: DEC-33 — إعادةُ جولةِ تحقُّقٍ (فشلُ متصفّحٍ عابرٌ),2026-10-01 14:31:57 +0000,9438
tests/unit/check-lost-item-mechanism.test.ts,test,bf614ed4,docs: DEC-33 — إعادةُ جولةِ تحقُّقٍ (فشلُ متصفّحٍ عابرٌ),2026-10-01 14:31:57 +0000,7297
tests/unit/check-migration-applier.test.ts,test,bf614ed4,docs: DEC-33 — إعادةُ جولةِ تحقُّقٍ (فشلُ متصفّحٍ عابرٌ),2026-10-01 14:31:57 +0000,4501
tests/unit/check-migration-dry-run.test.ts,test,bf614ed4,docs: DEC-33 — إعادةُ جولةِ تحقُّقٍ (فشلُ متصفّحٍ عابرٌ),2026-10-01 14:31:57 +0000,20476
tests/unit/check-migration-matrix.test.ts,test,440202e9,feat: DEC-43 ticket threads + DEC-41 emergency contact + DEC-42 notification pre,2026-10-02 12:20:41 +0300,19918
tests/unit/check-migrations-rls.test.ts,test,bf614ed4,docs: DEC-33 — إعادةُ جولةِ تحقُّقٍ (فشلُ متصفّحٍ عابرٌ),2026-10-01 14:31:57 +0000,7930
tests/unit/check-notification-classification.test.ts,test,bf614ed4,docs: DEC-33 — إعادةُ جولةِ تحقُّقٍ (فشلُ متصفّحٍ عابرٌ),2026-10-01 14:31:57 +0000,6759
tests/unit/check-object-authorization.test.ts,test,bf614ed4,docs: DEC-33 — إعادةُ جولةِ تحقُّقٍ (فشلُ متصفّحٍ عابرٌ),2026-10-01 14:31:57 +0000,9976
tests/unit/check-paid-broadcast-guard.test.ts,test,bf614ed4,docs: DEC-33 — إعادةُ جولةِ تحقُّقٍ (فشلُ متصفّحٍ عابرٌ),2026-10-01 14:31:57 +0000,2005
tests/unit/check-payment-lifecycle-matrix.test.ts,test,bf614ed4,docs: DEC-33 — إعادةُ جولةِ تحقُّقٍ (فشلُ متصفّحٍ عابرٌ),2026-10-01 14:31:57 +0000,11783
tests/unit/check-performance-budget.test.ts,test,bf614ed4,docs: DEC-33 — إعادةُ جولةِ تحقُّقٍ (فشلُ متصفّحٍ عابرٌ),2026-10-01 14:31:57 +0000,12098
tests/unit/check-place-kinds.test.ts,test,bf614ed4,docs: DEC-33 — إعادةُ جولةِ تحقُّقٍ (فشلُ متصفّحٍ عابرٌ),2026-10-01 14:31:57 +0000,6802
tests/unit/check-queue-backpressure-guard.test.ts,test,bf614ed4,docs: DEC-33 — إعادةُ جولةِ تحقُّقٍ (فشلُ متصفّحٍ عابرٌ),2026-10-01 14:31:57 +0000,8345
tests/unit/check-quote-contract.test.ts,test,bf614ed4,docs: DEC-33 — إعادةُ جولةِ تحقُّقٍ (فشلُ متصفّحٍ عابرٌ),2026-10-01 14:31:57 +0000,29184
tests/unit/check-rate-limit-coverage.test.ts,test,bf614ed4,docs: DEC-33 — إعادةُ جولةِ تحقُّقٍ (فشلُ متصفّحٍ عابرٌ),2026-10-01 14:31:57 +0000,11321
tests/unit/check-real-redis-runner.test.ts,test,bf614ed4,docs: DEC-33 — إعادةُ جولةِ تحقُّقٍ (فشلُ متصفّحٍ عابرٌ),2026-10-01 14:31:57 +0000,5111
tests/unit/check-resource-usage-budget.test.ts,test,bf614ed4,docs: DEC-33 — إعادةُ جولةِ تحقُّقٍ (فشلُ متصفّحٍ عابرٌ),2026-10-01 14:31:57 +0000,9460
tests/unit/check-ride-history-contract.test.ts,test,bf614ed4,docs: DEC-33 — إعادةُ جولةِ تحقُّقٍ (فشلُ متصفّحٍ عابرٌ),2026-10-01 14:31:57 +0000,11729
tests/unit/check-ride-request-contract.test.ts,test,bf614ed4,docs: DEC-33 — إعادةُ جولةِ تحقُّقٍ (فشلُ متصفّحٍ عابرٌ),2026-10-01 14:31:57 +0000,23797
tests/unit/check-ride-share-contract.test.ts,test,bf614ed4,docs: DEC-33 — إعادةُ جولةِ تحقُّقٍ (فشلُ متصفّحٍ عابرٌ),2026-10-01 14:31:57 +0000,22081
tests/unit/check-ride-summary-contract.test.ts,test,8ec9892b,feat: DEC-38 wire upload progress + clear document debts (#370),2026-10-02 10:38:17 +0300,21791
tests/unit/check-roadmap.test.ts,test,bf614ed4,docs: DEC-33 — إعادةُ جولةِ تحقُّقٍ (فشلُ متصفّحٍ عابرٌ),2026-10-01 14:31:57 +0000,7375
tests/unit/check-route-cache-policy.test.ts,test,bf614ed4,docs: DEC-33 — إعادةُ جولةِ تحقُّقٍ (فشلُ متصفّحٍ عابرٌ),2026-10-01 14:31:57 +0000,983
tests/unit/check-routing-call-budget.test.ts,test,bf614ed4,docs: DEC-33 — إعادةُ جولةِ تحقُّقٍ (فشلُ متصفّحٍ عابرٌ),2026-10-01 14:31:57 +0000,6329
tests/unit/check-row-security-condition.test.ts,test,bf614ed4,docs: DEC-33 — إعادةُ جولةِ تحقُّقٍ (فشلُ متصفّحٍ عابرٌ),2026-10-01 14:31:57 +0000,5867
tests/unit/check-run-manifest.test.ts,test,bf614ed4,docs: DEC-33 — إعادةُ جولةِ تحقُّقٍ (فشلُ متصفّحٍ عابرٌ),2026-10-01 14:31:57 +0000,4392
tests/unit/check-runner-command-validity.test.ts,test,bf614ed4,docs: DEC-33 — إعادةُ جولةِ تحقُّقٍ (فشلُ متصفّحٍ عابرٌ),2026-10-01 14:31:57 +0000,6997
tests/unit/check-scaffold-sprawl.test.ts,test,bf614ed4,docs: DEC-33 — إعادةُ جولةِ تحقُّقٍ (فشلُ متصفّحٍ عابرٌ),2026-10-01 14:31:57 +0000,2525
tests/unit/check-security-controls.test.ts,test,bf614ed4,docs: DEC-33 — إعادةُ جولةِ تحقُّقٍ (فشلُ متصفّحٍ عابرٌ),2026-10-01 14:31:57 +0000,10296
tests/unit/check-security-headers.test.ts,test,bf614ed4,docs: DEC-33 — إعادةُ جولةِ تحقُّقٍ (فشلُ متصفّحٍ عابرٌ),2026-10-01 14:31:57 +0000,6765
tests/unit/check-sequence-witness-order.test.ts,test,bf614ed4,docs: DEC-33 — إعادةُ جولةِ تحقُّقٍ (فشلُ متصفّحٍ عابرٌ),2026-10-01 14:31:57 +0000,6268
tests/unit/check-session-data-budget.test.ts,test,bf614ed4,docs: DEC-33 — إعادةُ جولةِ تحقُّقٍ (فشلُ متصفّحٍ عابرٌ),2026-10-01 14:31:57 +0000,8823
tests/unit/check-single-origin-assets.test.ts,test,bf614ed4,docs: DEC-33 — إعادةُ جولةِ تحقُّقٍ (فشلُ متصفّحٍ عابرٌ),2026-10-01 14:31:57 +0000,4852
tests/unit/check-soak-work-measure.test.ts,test,bf614ed4,docs: DEC-33 — إعادةُ جولةِ تحقُّقٍ (فشلُ متصفّحٍ عابرٌ),2026-10-01 14:31:57 +0000,10358
tests/unit/check-sos-intake-isolation.test.ts,test,bf614ed4,docs: DEC-33 — إعادةُ جولةِ تحقُّقٍ (فشلُ متصفّحٍ عابرٌ),2026-10-01 14:31:57 +0000,18474
tests/unit/check-sos-surface-contract.test.ts,test,bf614ed4,docs: DEC-33 — إعادةُ جولةِ تحقُّقٍ (فشلُ متصفّحٍ عابرٌ),2026-10-01 14:31:57 +0000,16801
tests/unit/check-structured-logging.test.ts,test,bf614ed4,docs: DEC-33 — إعادةُ جولةِ تحقُّقٍ (فشلُ متصفّحٍ عابرٌ),2026-10-01 14:31:57 +0000,14789
tests/unit/check-support-intake-contract.test.ts,test,bf614ed4,docs: DEC-33 — إعادةُ جولةِ تحقُّقٍ (فشلُ متصفّحٍ عابرٌ),2026-10-01 14:31:57 +0000,25614
tests/unit/check-support-volume-budget.test.ts,test,bf614ed4,docs: DEC-33 — إعادةُ جولةِ تحقُّقٍ (فشلُ متصفّحٍ عابرٌ),2026-10-01 14:31:57 +0000,8640
tests/unit/check-system-state.test.ts,test,bf614ed4,docs: DEC-33 — إعادةُ جولةِ تحقُّقٍ (فشلُ متصفّحٍ عابرٌ),2026-10-01 14:31:57 +0000,3491
tests/unit/check-tax-invoice-contract.test.ts,test,bf614ed4,docs: DEC-33 — إعادةُ جولةِ تحقُّقٍ (فشلُ متصفّحٍ عابرٌ),2026-10-01 14:31:57 +0000,15577
tests/unit/check-telegram-message-budget.test.ts,test,bf614ed4,docs: DEC-33 — إعادةُ جولةِ تحقُّقٍ (فشلُ متصفّحٍ عابرٌ),2026-10-01 14:31:57 +0000,8614
tests/unit/check-telegram-wrapper-isolation.test.ts,test,bf614ed4,docs: DEC-33 — إعادةُ جولةِ تحقُّقٍ (فشلُ متصفّحٍ عابرٌ),2026-10-01 14:31:57 +0000,4347
tests/unit/check-test-container-lifecycle.test.ts,test,bf614ed4,docs: DEC-33 — إعادةُ جولةِ تحقُّقٍ (فشلُ متصفّحٍ عابرٌ),2026-10-01 14:31:57 +0000,2812
tests/unit/check-tracking-event-carrier.test.ts,test,bf614ed4,docs: DEC-33 — إعادةُ جولةِ تحقُّقٍ (فشلُ متصفّحٍ عابرٌ),2026-10-01 14:31:57 +0000,8194
tests/unit/check-traffic-priority-guard.test.ts,test,bf614ed4,docs: DEC-33 — إعادةُ جولةِ تحقُّقٍ (فشلُ متصفّحٍ عابرٌ),2026-10-01 14:31:57 +0000,10566
tests/unit/check-vendored-contract-integrity.test.ts,test,bf614ed4,docs: DEC-33 — إعادةُ جولةِ تحقُّقٍ (فشلُ متصفّحٍ عابرٌ),2026-10-01 14:31:57 +0000,4962
tests/unit/check-viewer-role-authority.test.ts,test,bf614ed4,docs: DEC-33 — إعادةُ جولةِ تحقُّقٍ (فشلُ متصفّحٍ عابرٌ),2026-10-01 14:31:57 +0000,6547
tests/unit/check-wall-clock-window-tests.test.ts,test,bf614ed4,docs: DEC-33 — إعادةُ جولةِ تحقُّقٍ (فشلُ متصفّحٍ عابرٌ),2026-10-01 14:31:57 +0000,6912
tests/unit/check-work-budget.test.ts,test,bf614ed4,docs: DEC-33 — إعادةُ جولةِ تحقُّقٍ (فشلُ متصفّحٍ عابرٌ),2026-10-01 14:31:57 +0000,6607
tests/unit/circuit-breaker.test.ts,test,bf614ed4,docs: DEC-33 — إعادةُ جولةِ تحقُّقٍ (فشلُ متصفّحٍ عابرٌ),2026-10-01 14:31:57 +0000,7105
tests/unit/city-change.test.ts,test,bf614ed4,docs: DEC-33 — إعادةُ جولةِ تحقُّقٍ (فشلُ متصفّحٍ عابرٌ),2026-10-01 14:31:57 +0000,4175
tests/unit/claim-ride-envelope.test.ts,test,bf614ed4,docs: DEC-33 — إعادةُ جولةِ تحقُّقٍ (فشلُ متصفّحٍ عابرٌ),2026-10-01 14:31:57 +0000,7479
tests/unit/commercial-state-invariants.test.ts,test,bf614ed4,docs: DEC-33 — إعادةُ جولةِ تحقُّقٍ (فشلُ متصفّحٍ عابرٌ),2026-10-01 14:31:57 +0000,7191
tests/unit/compose-env-contract.test.ts,test,bf614ed4,docs: DEC-33 — إعادةُ جولةِ تحقُّقٍ (فشلُ متصفّحٍ عابرٌ),2026-10-01 14:31:57 +0000,5291
tests/unit/config-admin-placement.test.ts,test,bf614ed4,docs: DEC-33 — إعادةُ جولةِ تحقُّقٍ (فشلُ متصفّحٍ عابرٌ),2026-10-01 14:31:57 +0000,8409
tests/unit/config-bot-surface.test.ts,test,bf614ed4,docs: DEC-33 — إعادةُ جولةِ تحقُّقٍ (فشلُ متصفّحٍ عابرٌ),2026-10-01 14:31:57 +0000,2696
tests/unit/config-loading.test.ts,test,bf614ed4,docs: DEC-33 — إعادةُ جولةِ تحقُّقٍ (فشلُ متصفّحٍ عابرٌ),2026-10-01 14:31:57 +0000,23793
tests/unit/config-metrics-export.test.ts,test,bf614ed4,docs: DEC-33 — إعادةُ جولةِ تحقُّقٍ (فشلُ متصفّحٍ عابرٌ),2026-10-01 14:31:57 +0000,9926
tests/unit/config-session-store.test.ts,test,bf614ed4,docs: DEC-33 — إعادةُ جولةِ تحقُّقٍ (فشلُ متصفّحٍ عابرٌ),2026-10-01 14:31:57 +0000,4468
tests/unit/config-worker-placement.test.ts,test,bf614ed4,docs: DEC-33 — إعادةُ جولةِ تحقُّقٍ (فشلُ متصفّحٍ عابرٌ),2026-10-01 14:31:57 +0000,9846
tests/unit/connection-budget.test.ts,test,bf614ed4,docs: DEC-33 — إعادةُ جولةِ تحقُّقٍ (فشلُ متصفّحٍ عابرٌ),2026-10-01 14:31:57 +0000,6938
tests/unit/consent-decision.test.ts,test,bf614ed4,docs: DEC-33 — إعادةُ جولةِ تحقُّقٍ (فشلُ متصفّحٍ عابرٌ),2026-10-01 14:31:57 +0000,6702
tests/unit/consent-route.test.ts,test,bf614ed4,docs: DEC-33 — إعادةُ جولةِ تحقُّقٍ (فشلُ متصفّحٍ عابرٌ),2026-10-01 14:31:57 +0000,15708
tests/unit/container-live-location-fallback.test.ts,test,bf614ed4,docs: DEC-33 — إعادةُ جولةِ تحقُّقٍ (فشلُ متصفّحٍ عابرٌ),2026-10-01 14:31:57 +0000,1900
tests/unit/content-security-policy.test.ts,test,bf614ed4,docs: DEC-33 — إعادةُ جولةِ تحقُّقٍ (فشلُ متصفّحٍ عابرٌ),2026-10-01 14:31:57 +0000,8762
tests/unit/core-contract-freshness.test.ts,test,bf614ed4,docs: DEC-33 — إعادةُ جولةِ تحقُّقٍ (فشلُ متصفّحٍ عابرٌ),2026-10-01 14:31:57 +0000,11478
tests/unit/core-contract-parity.test.ts,test,bf614ed4,docs: DEC-33 — إعادةُ جولةِ تحقُّقٍ (فشلُ متصفّحٍ عابرٌ),2026-10-01 14:31:57 +0000,14739
tests/unit/core-event-shipper.test.ts,test,bf614ed4,docs: DEC-33 — إعادةُ جولةِ تحقُّقٍ (فشلُ متصفّحٍ عابرٌ),2026-10-01 14:31:57 +0000,9321
tests/unit/cost-sensitivity.test.ts,test,bf614ed4,docs: DEC-33 — إعادةُ جولةِ تحقُّقٍ (فشلُ متصفّحٍ عابرٌ),2026-10-01 14:31:57 +0000,8525
tests/unit/coverage-gate.test.ts,test,bf614ed4,docs: DEC-33 — إعادةُ جولةِ تحقُّقٍ (فشلُ متصفّحٍ عابرٌ),2026-10-01 14:31:57 +0000,12869
tests/unit/customer-live-relay-distributed.test.ts,test,bf614ed4,docs: DEC-33 — إعادةُ جولةِ تحقُّقٍ (فشلُ متصفّحٍ عابرٌ),2026-10-01 14:31:57 +0000,15288
tests/unit/data-rights.test.ts,test,bf614ed4,docs: DEC-33 — إعادةُ جولةِ تحقُّقٍ (فشلُ متصفّحٍ عابرٌ),2026-10-01 14:31:57 +0000,13322
tests/unit/db-pooler-policy.test.ts,test,bf614ed4,docs: DEC-33 — إعادةُ جولةِ تحقُّقٍ (فشلُ متصفّحٍ عابرٌ),2026-10-01 14:31:57 +0000,4886
tests/unit/delete-saved-place.test.ts,test,78746aab,feat: DEC-40 PATCH /v1/me/places/:id — update saved place (#372),2026-10-02 11:27:20 +0300,3412
tests/unit/deliver-cancellation-notification.test.ts,test,bf614ed4,docs: DEC-33 — إعادةُ جولةِ تحقُّقٍ (فشلُ متصفّحٍ عابرٌ),2026-10-01 14:31:57 +0000,6142
tests/unit/delivery-behavior.test.ts,test,bf614ed4,docs: DEC-33 — إعادةُ جولةِ تحقُّقٍ (فشلُ متصفّحٍ عابرٌ),2026-10-01 14:31:57 +0000,5098
tests/unit/delivery-request.test.ts,test,bf614ed4,docs: DEC-33 — إعادةُ جولةِ تحقُّقٍ (فشلُ متصفّحٍ عابرٌ),2026-10-01 14:31:57 +0000,10421
tests/unit/delivery-route.test.ts,test,bf614ed4,docs: DEC-33 — إعادةُ جولةِ تحقُّقٍ (فشلُ متصفّحٍ عابرٌ),2026-10-01 14:31:57 +0000,6067
tests/unit/dependency-advisory-registry.test.ts,test,bf614ed4,docs: DEC-33 — إعادةُ جولةِ تحقُّقٍ (فشلُ متصفّحٍ عابرٌ),2026-10-01 14:31:57 +0000,9303
tests/unit/dependency-guard-adapters.test.ts,test,bf614ed4,docs: DEC-33 — إعادةُ جولةِ تحقُّقٍ (فشلُ متصفّحٍ عابرٌ),2026-10-01 14:31:57 +0000,10879
tests/unit/dependency-guard.test.ts,test,bf614ed4,docs: DEC-33 — إعادةُ جولةِ تحقُّقٍ (فشلُ متصفّحٍ عابرٌ),2026-10-01 14:31:57 +0000,11608
tests/unit/deploy-swap-judge.test.ts,test,bf614ed4,docs: DEC-33 — إعادةُ جولةِ تحقُّقٍ (فشلُ متصفّحٍ عابرٌ),2026-10-01 14:31:57 +0000,9872
tests/unit/destination-search-text.test.ts,test,bf614ed4,docs: DEC-33 — إعادةُ جولةِ تحقُّقٍ (فشلُ متصفّحٍ عابرٌ),2026-10-01 14:31:57 +0000,9579
tests/unit/destination-view.test.ts,test,bf614ed4,docs: DEC-33 — إعادةُ جولةِ تحقُّقٍ (فشلُ متصفّحٍ عابرٌ),2026-10-01 14:31:57 +0000,11950
tests/unit/detect-ceiling-exceeded.test.ts,test,bf614ed4,docs: DEC-33 — إعادةُ جولةِ تحقُّقٍ (فشلُ متصفّحٍ عابرٌ),2026-10-01 14:31:57 +0000,2781
tests/unit/detect-stalled-orders.test.ts,test,bf614ed4,docs: DEC-33 — إعادةُ جولةِ تحقُّقٍ (فشلُ متصفّحٍ عابرٌ),2026-10-01 14:31:57 +0000,8679
tests/unit/dialog-back-navigation.test.ts,test,bf614ed4,docs: DEC-33 — إعادةُ جولةِ تحقُّقٍ (فشلُ متصفّحٍ عابرٌ),2026-10-01 14:31:57 +0000,5778
tests/unit/dispatch-matching.test.ts,test,bf614ed4,docs: DEC-33 — إعادةُ جولةِ تحقُّقٍ (فشلُ متصفّحٍ عابرٌ),2026-10-01 14:31:57 +0000,22705
tests/unit/dispatch-nearby-candidates.test.ts,test,bf614ed4,docs: DEC-33 — إعادةُ جولةِ تحقُّقٍ (فشلُ متصفّحٍ عابرٌ),2026-10-01 14:31:57 +0000,5829
tests/unit/dispute.test.ts,test,bf614ed4,docs: DEC-33 — إعادةُ جولةِ تحقُّقٍ (فشلُ متصفّحٍ عابرٌ),2026-10-01 14:31:57 +0000,5863
tests/unit/document-upload-progress.test.ts,test,8ec9892b,feat: DEC-38 wire upload progress + clear document debts (#370),2026-10-02 10:38:17 +0300,5826
tests/unit/documents-capture-photo.test.ts,test,bf614ed4,docs: DEC-33 — إعادةُ جولةِ تحقُّقٍ (فشلُ متصفّحٍ عابرٌ),2026-10-01 14:31:57 +0000,1800
tests/unit/documents-upload-progress-wiring.test.ts,test,a36bfbaa,"fix: DEC-28/DEC-31 documents debt truth — wire upload progress, remove activated",2026-10-02 09:12:55 +0300,5258
tests/unit/driver-accept-notice.test.ts,test,bf614ed4,docs: DEC-33 — إعادةُ جولةِ تحقُّقٍ (فشلُ متصفّحٍ عابرٌ),2026-10-01 14:31:57 +0000,11049
tests/unit/driver-activity.test.ts,test,bf614ed4,docs: DEC-33 — إعادةُ جولةِ تحقُّقٍ (فشلُ متصفّحٍ عابرٌ),2026-10-01 14:31:57 +0000,18027
tests/unit/driver-bot-adapter-cas.test.ts,test,bf614ed4,docs: DEC-33 — إعادةُ جولةِ تحقُّقٍ (فشلُ متصفّحٍ عابرٌ),2026-10-01 14:31:57 +0000,5636
tests/unit/driver-deduction-trace.test.ts,test,6c594d78,feat: DEC-37 deduction trace — GET /v1/driver/deductions from wallet ledger (#36,2026-10-02 10:19:23 +0300,2508
tests/unit/driver-dialog.test.ts,test,bf614ed4,docs: DEC-33 — إعادةُ جولةِ تحقُّقٍ (فشلُ متصفّحٍ عابرٌ),2026-10-01 14:31:57 +0000,80071
tests/unit/driver-document-read-url.test.ts,test,bf614ed4,docs: DEC-33 — إعادةُ جولةِ تحقُّقٍ (فشلُ متصفّحٍ عابرٌ),2026-10-01 14:31:57 +0000,4379
tests/unit/driver-documents-view.test.ts,test,bf614ed4,docs: DEC-33 — إعادةُ جولةِ تحقُّقٍ (فشلُ متصفّحٍ عابرٌ),2026-10-01 14:31:57 +0000,11947
tests/unit/driver-finance-overview.test.ts,test,bf614ed4,docs: DEC-33 — إعادةُ جولةِ تحقُّقٍ (فشلُ متصفّحٍ عابرٌ),2026-10-01 14:31:57 +0000,5873
tests/unit/driver-job-cannot-complete-view.test.ts,test,bf614ed4,docs: DEC-33 — إعادةُ جولةِ تحقُّقٍ (فشلُ متصفّحٍ عابرٌ),2026-10-01 14:31:57 +0000,3068
tests/unit/driver-location-broadcast.test.ts,test,bf614ed4,docs: DEC-33 — إعادةُ جولةِ تحقُّقٍ (فشلُ متصفّحٍ عابرٌ),2026-10-01 14:31:57 +0000,5825
tests/unit/driver-location-hot-state.test.ts,test,bf614ed4,docs: DEC-33 — إعادةُ جولةِ تحقُّقٍ (فشلُ متصفّحٍ عابرٌ),2026-10-01 14:31:57 +0000,5147
tests/unit/driver-location-route.test.ts,test,bf614ed4,docs: DEC-33 — إعادةُ جولةِ تحقُّقٍ (فشلُ متصفّحٍ عابرٌ),2026-10-01 14:31:57 +0000,15060
tests/unit/driver-location-write.test.ts,test,bf614ed4,docs: DEC-33 — إعادةُ جولةِ تحقُّقٍ (فشلُ متصفّحٍ عابرٌ),2026-10-01 14:31:57 +0000,6465
tests/unit/driver-sos-button-view.test.ts,test,bf614ed4,docs: DEC-33 — إعادةُ جولةِ تحقُّقٍ (فشلُ متصفّحٍ عابرٌ),2026-10-01 14:31:57 +0000,2191
tests/unit/driver-sos-second-channel.test.ts,test,bf614ed4,docs: DEC-33 — إعادةُ جولةِ تحقُّقٍ (فشلُ متصفّحٍ عابرٌ),2026-10-01 14:31:57 +0000,5200
tests/unit/driver-subscription-invoice-routes.test.ts,test,bf614ed4,docs: DEC-33 — إعادةُ جولةِ تحقُّقٍ (فشلُ متصفّحٍ عابرٌ),2026-10-01 14:31:57 +0000,14512
tests/unit/driver-subscription-invoice-surface.test.ts,test,bf614ed4,docs: DEC-33 — إعادةُ جولةِ تحقُّقٍ (فشلُ متصفّحٍ عابرٌ),2026-10-01 14:31:57 +0000,8720
tests/unit/driver-support-usecase.test.ts,test,bf614ed4,docs: DEC-33 — إعادةُ جولةِ تحقُّقٍ (فشلُ متصفّحٍ عابرٌ),2026-10-01 14:31:57 +0000,12619
tests/unit/driver-trip-view.test.ts,test,bf614ed4,docs: DEC-33 — إعادةُ جولةِ تحقُّقٍ (فشلُ متصفّحٍ عابرٌ),2026-10-01 14:31:57 +0000,7282
tests/unit/driver-vehicle-mount-paths.test.ts,test,bf614ed4,docs: DEC-33 — إعادةُ جولةِ تحقُّقٍ (فشلُ متصفّحٍ عابرٌ),2026-10-01 14:31:57 +0000,3617
tests/unit/egress-gate.test.ts,test,bf614ed4,docs: DEC-33 — إعادةُ جولةِ تحقُّقٍ (فشلُ متصفّحٍ عابرٌ),2026-10-01 14:31:57 +0000,10364
tests/unit/embedded-worker.test.ts,test,bf614ed4,docs: DEC-33 — إعادةُ جولةِ تحقُّقٍ (فشلُ متصفّحٍ عابرٌ),2026-10-01 14:31:57 +0000,13051
tests/unit/emergency-contact.test.ts,test,9f6b3875,feat: DEC-41 GET/PUT /v1/me/emergency-contact — emergency contact CRUD (#373),2026-10-02 11:41:15 +0300,5000
tests/unit/eta-estimate-arrival.test.ts,test,bf614ed4,docs: DEC-33 — إعادةُ جولةِ تحقُّقٍ (فشلُ متصفّحٍ عابرٌ),2026-10-01 14:31:57 +0000,7245
tests/unit/eta-osrm-snap.test.ts,test,bf614ed4,docs: DEC-33 — إعادةُ جولةِ تحقُّقٍ (فشلُ متصفّحٍ عابرٌ),2026-10-01 14:31:57 +0000,4904
tests/unit/eta-policy.test.ts,test,bf614ed4,docs: DEC-33 — إعادةُ جولةِ تحقُّقٍ (فشلُ متصفّحٍ عابرٌ),2026-10-01 14:31:57 +0000,9433
tests/unit/exchange-telegram-session-replay.test.ts,test,bf614ed4,docs: DEC-33 — إعادةُ جولةِ تحقُّقٍ (فشلُ متصفّحٍ عابرٌ),2026-10-01 14:31:57 +0000,6588
tests/unit/expire-offers-job.test.ts,test,bf614ed4,docs: DEC-33 — إعادةُ جولةِ تحقُّقٍ (فشلُ متصفّحٍ عابرٌ),2026-10-01 14:31:57 +0000,6684
tests/unit/f5-06-invariant-refusal.test.ts,test,bf614ed4,docs: DEC-33 — إعادةُ جولةِ تحقُّقٍ (فشلُ متصفّحٍ عابرٌ),2026-10-01 14:31:57 +0000,5439
tests/unit/financial-wallet.test.ts,test,bf614ed4,docs: DEC-33 — إعادةُ جولةِ تحقُّقٍ (فشلُ متصفّحٍ عابرٌ),2026-10-01 14:31:57 +0000,3958
tests/unit/first-paint-budget.test.ts,test,bf614ed4,docs: DEC-33 — إعادةُ جولةِ تحقُّقٍ (فشلُ متصفّحٍ عابرٌ),2026-10-01 14:31:57 +0000,6608
tests/unit/flush-driver-location-backlog.test.ts,test,bf614ed4,docs: DEC-33 — إعادةُ جولةِ تحقُّقٍ (فشلُ متصفّحٍ عابرٌ),2026-10-01 14:31:57 +0000,12265
tests/unit/full-name-validation.test.ts,test,bf614ed4,docs: DEC-33 — إعادةُ جولةِ تحقُّقٍ (فشلُ متصفّحٍ عابرٌ),2026-10-01 14:31:57 +0000,6118
tests/unit/gateway-core-event-intake.test.ts,test,bf614ed4,docs: DEC-33 — إعادةُ جولةِ تحقُّقٍ (فشلُ متصفّحٍ عابرٌ),2026-10-01 14:31:57 +0000,11300
tests/unit/gateway-graceful-shutdown.test.ts,test,bf614ed4,docs: DEC-33 — إعادةُ جولةِ تحقُّقٍ (فشلُ متصفّحٍ عابرٌ),2026-10-01 14:31:57 +0000,14844
tests/unit/gateway-loss-judge.test.ts,test,bf614ed4,docs: DEC-33 — إعادةُ جولةِ تحقُّقٍ (فشلُ متصفّحٍ عابرٌ),2026-10-01 14:31:57 +0000,7342
tests/unit/gateway-request-id.test.ts,test,bf614ed4,docs: DEC-33 — إعادةُ جولةِ تحقُّقٍ (فشلُ متصفّحٍ عابرٌ),2026-10-01 14:31:57 +0000,7026
tests/unit/gateway-routes.test.ts,test,bf614ed4,docs: DEC-33 — إعادةُ جولةِ تحقُّقٍ (فشلُ متصفّحٍ عابرٌ),2026-10-01 14:31:57 +0000,18550
tests/unit/geo.test.ts,test,bf614ed4,docs: DEC-33 — إعادةُ جولةِ تحقُّقٍ (فشلُ متصفّحٍ عابرٌ),2026-10-01 14:31:57 +0000,3281
tests/unit/gps-fix.test.ts,test,bf614ed4,docs: DEC-33 — إعادةُ جولةِ تحقُّقٍ (فشلُ متصفّحٍ عابرٌ),2026-10-01 14:31:57 +0000,10342
tests/unit/group-join-gate.test.ts,test,bf614ed4,docs: DEC-33 — إعادةُ جولةِ تحقُّقٍ (فشلُ متصفّحٍ عابرٌ),2026-10-01 14:31:57 +0000,9882
tests/unit/group-publishers-audience.test.ts,test,bf614ed4,docs: DEC-33 — إعادةُ جولةِ تحقُّقٍ (فشلُ متصفّحٍ عابرٌ),2026-10-01 14:31:57 +0000,7631
tests/unit/guard-path-normalisation.test.ts,test,bf614ed4,docs: DEC-33 — إعادةُ جولةِ تحقُّقٍ (فشلُ متصفّحٍ عابرٌ),2026-10-01 14:31:57 +0000,6297
tests/unit/health-ready.test.ts,test,bf614ed4,docs: DEC-33 — إعادةُ جولةِ تحقُّقٍ (فشلُ متصفّحٍ عابرٌ),2026-10-01 14:31:57 +0000,7214
tests/unit/hot-query-indexes.test.ts,test,bf614ed4,docs: DEC-33 — إعادةُ جولةِ تحقُّقٍ (فشلُ متصفّحٍ عابرٌ),2026-10-01 14:31:57 +0000,5238
tests/unit/identity-bar-survives-erasure.test.ts,test,bf614ed4,docs: DEC-33 — إعادةُ جولةِ تحقُّقٍ (فشلُ متصفّحٍ عابرٌ),2026-10-01 14:31:57 +0000,16282
tests/unit/init-data-replay-guard.test.ts,test,bf614ed4,docs: DEC-33 — إعادةُ جولةِ تحقُّقٍ (فشلُ متصفّحٍ عابرٌ),2026-10-01 14:31:57 +0000,3884
tests/unit/inject-csp.test.ts,test,bf614ed4,docs: DEC-33 — إعادةُ جولةِ تحقُّقٍ (فشلُ متصفّحٍ عابرٌ),2026-10-01 14:31:57 +0000,8146
tests/unit/inline-entry-script.test.ts,test,bf614ed4,docs: DEC-33 — إعادةُ جولةِ تحقُّقٍ (فشلُ متصفّحٍ عابرٌ),2026-10-01 14:31:57 +0000,3293
tests/unit/interactive-budget.test.ts,test,bf614ed4,docs: DEC-33 — إعادةُ جولةِ تحقُّقٍ (فشلُ متصفّحٍ عابرٌ),2026-10-01 14:31:57 +0000,11409
tests/unit/job-health-probes.test.ts,test,bf614ed4,docs: DEC-33 — إعادةُ جولةِ تحقُّقٍ (فشلُ متصفّحٍ عابرٌ),2026-10-01 14:31:57 +0000,6722
tests/unit/job-heartbeat.test.ts,test,bf614ed4,docs: DEC-33 — إعادةُ جولةِ تحقُّقٍ (فشلُ متصفّحٍ عابرٌ),2026-10-01 14:31:57 +0000,10105
tests/unit/job-runner.test.ts,test,bf614ed4,docs: DEC-33 — إعادةُ جولةِ تحقُّقٍ (فشلُ متصفّحٍ عابرٌ),2026-10-01 14:31:57 +0000,13797
tests/unit/kyc-value-objects.test.ts,test,bf614ed4,docs: DEC-33 — إعادةُ جولةِ تحقُّقٍ (فشلُ متصفّحٍ عابرٌ),2026-10-01 14:31:57 +0000,5426
tests/unit/language-hydration.test.ts,test,bf614ed4,docs: DEC-33 — إعادةُ جولةِ تحقُّقٍ (فشلُ متصفّحٍ عابرٌ),2026-10-01 14:31:57 +0000,6282
tests/unit/launch-cities-manifest.test.ts,test,bf614ed4,docs: DEC-33 — إعادةُ جولةِ تحقُّقٍ (فشلُ متصفّحٍ عابرٌ),2026-10-01 14:31:57 +0000,5623
tests/unit/lifecycle.test.ts,test,bf614ed4,docs: DEC-33 — إعادةُ جولةِ تحقُّقٍ (فشلُ متصفّحٍ عابرٌ),2026-10-01 14:31:57 +0000,8556
tests/unit/live-map-reducer.test.ts,test,bf614ed4,docs: DEC-33 — إعادةُ جولةِ تحقُّقٍ (فشلُ متصفّحٍ عابرٌ),2026-10-01 14:31:57 +0000,4742
tests/unit/live-map-sse-render.test.ts,test,bf614ed4,docs: DEC-33 — إعادةُ جولةِ تحقُّقٍ (فشلُ متصفّحٍ عابرٌ),2026-10-01 14:31:57 +0000,2388
tests/unit/live-tracking-policy.test.ts,test,bf614ed4,docs: DEC-33 — إعادةُ جولةِ تحقُّقٍ (فشلُ متصفّحٍ عابرٌ),2026-10-01 14:31:57 +0000,3413
tests/unit/live-tracking-reducer.test.ts,test,bf614ed4,docs: DEC-33 — إعادةُ جولةِ تحقُّقٍ (فشلُ متصفّحٍ عابرٌ),2026-10-01 14:31:57 +0000,3631
tests/unit/lock-key-injective.test.ts,test,bf614ed4,docs: DEC-33 — إعادةُ جولةِ تحقُّقٍ (فشلُ متصفّحٍ عابرٌ),2026-10-01 14:31:57 +0000,6212
tests/unit/main-menu.test.ts,test,bf614ed4,docs: DEC-33 — إعادةُ جولةِ تحقُّقٍ (فشلُ متصفّحٍ عابرٌ),2026-10-01 14:31:57 +0000,12398
tests/unit/map-matching-scope.test.ts,test,bf614ed4,docs: DEC-33 — إعادةُ جولةِ تحقُّقٍ (فشلُ متصفّحٍ عابرٌ),2026-10-01 14:31:57 +0000,6910
tests/unit/maps-maplibre-style.test.ts,test,bf614ed4,docs: DEC-33 — إعادةُ جولةِ تحقُّقٍ (فشلُ متصفّحٍ عابرٌ),2026-10-01 14:31:57 +0000,6997
tests/unit/maps-osrm-resilience.test.ts,test,bf614ed4,docs: DEC-33 — إعادةُ جولةِ تحقُّقٍ (فشلُ متصفّحٍ عابرٌ),2026-10-01 14:31:57 +0000,13556
tests/unit/maps-osrm-table.test.ts,test,bf614ed4,docs: DEC-33 — إعادةُ جولةِ تحقُّقٍ (فشلُ متصفّحٍ عابرٌ),2026-10-01 14:31:57 +0000,10571
tests/unit/maps.test.ts,test,bf614ed4,docs: DEC-33 — إعادةُ جولةِ تحقُّقٍ (فشلُ متصفّحٍ عابرٌ),2026-10-01 14:31:57 +0000,5593
tests/unit/match-order.test.ts,test,bf614ed4,docs: DEC-33 — إعادةُ جولةِ تحقُّقٍ (فشلُ متصفّحٍ عابرٌ),2026-10-01 14:31:57 +0000,11717
tests/unit/me-route.test.ts,test,bf614ed4,docs: DEC-33 — إعادةُ جولةِ تحقُّقٍ (فشلُ متصفّحٍ عابرٌ),2026-10-01 14:31:57 +0000,16131
tests/unit/migration-safety.test.ts,test,bf614ed4,docs: DEC-33 — إعادةُ جولةِ تحقُّقٍ (فشلُ متصفّحٍ عابرٌ),2026-10-01 14:31:57 +0000,11608
tests/unit/miniapp-delivery-api.test.ts,test,bf614ed4,docs: DEC-33 — إعادةُ جولةِ تحقُّقٍ (فشلُ متصفّحٍ عابرٌ),2026-10-01 14:31:57 +0000,4009
tests/unit/miniapp-dictionary-load.test.ts,test,bf614ed4,docs: DEC-33 — إعادةُ جولةِ تحقُّقٍ (فشلُ متصفّحٍ عابرٌ),2026-10-01 14:31:57 +0000,1816
tests/unit/miniapp-entry-sender.test.ts,test,bf614ed4,docs: DEC-33 — إعادةُ جولةِ تحقُّقٍ (فشلُ متصفّحٍ عابرٌ),2026-10-01 14:31:57 +0000,3598
tests/unit/miniapp-link.test.ts,test,bf614ed4,docs: DEC-33 — إعادةُ جولةِ تحقُّقٍ (فشلُ متصفّحٍ عابرٌ),2026-10-01 14:31:57 +0000,2957
tests/unit/miniapp-refresh-token.test.ts,test,bf614ed4,docs: DEC-33 — إعادةُ جولةِ تحقُّقٍ (فشلُ متصفّحٍ عابرٌ),2026-10-01 14:31:57 +0000,16860
tests/unit/miniapp-session.test.ts,test,bf614ed4,docs: DEC-33 — إعادةُ جولةِ تحقُّقٍ (فشلُ متصفّحٍ عابرٌ),2026-10-01 14:31:57 +0000,7411
tests/unit/miniapp-surface.test.ts,test,bf614ed4,docs: DEC-33 — إعادةُ جولةِ تحقُّقٍ (فشلُ متصفّحٍ عابرٌ),2026-10-01 14:31:57 +0000,11426
tests/unit/negotiation.test.ts,test,bf614ed4,docs: DEC-33 — إعادةُ جولةِ تحقُّقٍ (فشلُ متصفّحٍ عابرٌ),2026-10-01 14:31:57 +0000,10286
tests/unit/notification-batch-limit.test.ts,test,bf614ed4,docs: DEC-33 — إعادةُ جولةِ تحقُّقٍ (فشلُ متصفّحٍ عابرٌ),2026-10-01 14:31:57 +0000,5468
tests/unit/notification-center-route.test.ts,test,bf614ed4,docs: DEC-33 — إعادةُ جولةِ تحقُّقٍ (فشلُ متصفّحٍ عابرٌ),2026-10-01 14:31:57 +0000,17071
tests/unit/notification-prefs.test.ts,test,2c589da0,feat: DEC-42 notification preferences + DEC-41 emergency contact (#374),2026-10-02 12:08:22 +0300,4156
tests/unit/notifications-view.test.ts,test,bf614ed4,docs: DEC-33 — إعادةُ جولةِ تحقُّقٍ (فشلُ متصفّحٍ عابرٌ),2026-10-01 14:31:57 +0000,2753
tests/unit/object-existence-check.test.ts,test,bf614ed4,docs: DEC-33 — إعادةُ جولةِ تحقُّقٍ (فشلُ متصفّحٍ عابرٌ),2026-10-01 14:31:57 +0000,3338
tests/unit/observability-edge-metrics.test.ts,test,bf614ed4,docs: DEC-33 — إعادةُ جولةِ تحقُّقٍ (فشلُ متصفّحٍ عابرٌ),2026-10-01 14:31:57 +0000,8981
tests/unit/observability-metrics-exporter.test.ts,test,bf614ed4,docs: DEC-33 — إعادةُ جولةِ تحقُّقٍ (فشلُ متصفّحٍ عابرٌ),2026-10-01 14:31:57 +0000,15783
tests/unit/observability-metrics.test.ts,test,bf614ed4,docs: DEC-33 — إعادةُ جولةِ تحقُّقٍ (فشلُ متصفّحٍ عابرٌ),2026-10-01 14:31:57 +0000,6207
tests/unit/observability-otlp.test.ts,test,bf614ed4,docs: DEC-33 — إعادةُ جولةِ تحقُّقٍ (فشلُ متصفّحٍ عابرٌ),2026-10-01 14:31:57 +0000,10417
tests/unit/observability-wrappers.test.ts,test,bf614ed4,docs: DEC-33 — إعادةُ جولةِ تحقُّقٍ (فشلُ متصفّحٍ عابرٌ),2026-10-01 14:31:57 +0000,7894
tests/unit/offer-timeout.test.ts,test,bf614ed4,docs: DEC-33 — إعادةُ جولةِ تحقُّقٍ (فشلُ متصفّحٍ عابرٌ),2026-10-01 14:31:57 +0000,5249
tests/unit/offers-channel-client.test.ts,test,bf614ed4,docs: DEC-33 — إعادةُ جولةِ تحقُّقٍ (فشلُ متصفّحٍ عابرٌ),2026-10-01 14:31:57 +0000,4337
tests/unit/offers-channel-server.test.ts,test,bf614ed4,docs: DEC-33 — إعادةُ جولةِ تحقُّقٍ (فشلُ متصفّحٍ عابرٌ),2026-10-01 14:31:57 +0000,6188
tests/unit/onboard-rider.test.ts,test,bf614ed4,docs: DEC-33 — إعادةُ جولةِ تحقُّقٍ (فشلُ متصفّحٍ عابرٌ),2026-10-01 14:31:57 +0000,6088
tests/unit/operational-job-state-machine.test.ts,test,bf614ed4,docs: DEC-33 — إعادةُ جولةِ تحقُّقٍ (فشلُ متصفّحٍ عابرٌ),2026-10-01 14:31:57 +0000,7283
tests/unit/operations-status.test.ts,test,bf614ed4,docs: DEC-33 — إعادةُ جولةِ تحقُّقٍ (فشلُ متصفّحٍ عابرٌ),2026-10-01 14:31:57 +0000,9035
tests/unit/order-state-machine.test.ts,test,bf614ed4,docs: DEC-33 — إعادةُ جولةِ تحقُّقٍ (فشلُ متصفّحٍ عابرٌ),2026-10-01 14:31:57 +0000,5006
tests/unit/outbound-rate-bucket.test.ts,test,bf614ed4,docs: DEC-33 — إعادةُ جولةِ تحقُّقٍ (فشلُ متصفّحٍ عابرٌ),2026-10-01 14:31:57 +0000,4167
tests/unit/page-headers-measured.test.ts,test,bf614ed4,docs: DEC-33 — إعادةُ جولةِ تحقُّقٍ (فشلُ متصفّحٍ عابرٌ),2026-10-01 14:31:57 +0000,6843
tests/unit/parcel-validation.test.ts,test,bf614ed4,docs: DEC-33 — إعادةُ جولةِ تحقُّقٍ (فشلُ متصفّحٍ عابرٌ),2026-10-01 14:31:57 +0000,3252
tests/unit/payment-admin-page.test.ts,test,bf614ed4,docs: DEC-33 — إعادةُ جولةِ تحقُّقٍ (فشلُ متصفّحٍ عابرٌ),2026-10-01 14:31:57 +0000,3473
tests/unit/payment-outage-judge.test.ts,test,bf614ed4,docs: DEC-33 — إعادةُ جولةِ تحقُّقٍ (فشلُ متصفّحٍ عابرٌ),2026-10-01 14:31:57 +0000,11724
tests/unit/payment-webhook-http.test.ts,test,bf614ed4,docs: DEC-33 — إعادةُ جولةِ تحقُّقٍ (فشلُ متصفّحٍ عابرٌ),2026-10-01 14:31:57 +0000,9410
tests/unit/payment.test.ts,test,bf614ed4,docs: DEC-33 — إعادةُ جولةِ تحقُّقٍ (فشلُ متصفّحٍ عابرٌ),2026-10-01 14:31:57 +0000,18411
tests/unit/places-route.test.ts,test,78746aab,feat: DEC-40 PATCH /v1/me/places/:id — update saved place (#372),2026-10-02 11:27:20 +0300,16729
tests/unit/policy-route.test.ts,test,bf614ed4,docs: DEC-33 — إعادةُ جولةِ تحقُّقٍ (فشلُ متصفّحٍ عابرٌ),2026-10-01 14:31:57 +0000,3808
tests/unit/policy-settings.test.ts,test,bf614ed4,docs: DEC-33 — إعادةُ جولةِ تحقُّقٍ (فشلُ متصفّحٍ عابرٌ),2026-10-01 14:31:57 +0000,7588
tests/unit/public-tracking-hot-state.test.ts,test,bf614ed4,docs: DEC-33 — إعادةُ جولةِ تحقُّقٍ (فشلُ متصفّحٍ عابرٌ),2026-10-01 14:31:57 +0000,6002
tests/unit/query-deadline.test.ts,test,bf614ed4,docs: DEC-33 — إعادةُ جولةِ تحقُّقٍ (فشلُ متصفّحٍ عابرٌ),2026-10-01 14:31:57 +0000,12094
tests/unit/queue-backpressure.test.ts,test,bf614ed4,docs: DEC-33 — إعادةُ جولةِ تحقُّقٍ (فشلُ متصفّحٍ عابرٌ),2026-10-01 14:31:57 +0000,8232
tests/unit/quote-distance-and-services.test.ts,test,bf614ed4,docs: DEC-33 — إعادةُ جولةِ تحقُّقٍ (فشلُ متصفّحٍ عابرٌ),2026-10-01 14:31:57 +0000,5912
tests/unit/quote-route.test.ts,test,bf614ed4,docs: DEC-33 — إعادةُ جولةِ تحقُّقٍ (فشلُ متصفّحٍ عابرٌ),2026-10-01 14:31:57 +0000,12671
tests/unit/quote-view.test.ts,test,bf614ed4,docs: DEC-33 — إعادةُ جولةِ تحقُّقٍ (فشلُ متصفّحٍ عابرٌ),2026-10-01 14:31:57 +0000,8575
tests/unit/rate-aware-telegram-sender.test.ts,test,bf614ed4,docs: DEC-33 — إعادةُ جولةِ تحقُّقٍ (فشلُ متصفّحٍ عابرٌ),2026-10-01 14:31:57 +0000,9487
tests/unit/rate-limit-enforced.test.ts,test,bf614ed4,docs: DEC-33 — إعادةُ جولةِ تحقُّقٍ (فشلُ متصفّحٍ عابرٌ),2026-10-01 14:31:57 +0000,10763
tests/unit/rate-limit.test.ts,test,bf614ed4,docs: DEC-33 — إعادةُ جولةِ تحقُّقٍ (فشلُ متصفّحٍ عابرٌ),2026-10-01 14:31:57 +0000,17340
tests/unit/real-redis-proof.test.ts,test,bf614ed4,docs: DEC-33 — إعادةُ جولةِ تحقُّقٍ (فشلُ متصفّحٍ عابرٌ),2026-10-01 14:31:57 +0000,7530
tests/unit/redis-init-data-replay-guard-smoke.test.ts,test,bf614ed4,docs: DEC-33 — إعادةُ جولةِ تحقُّقٍ (فشلُ متصفّحٍ عابرٌ),2026-10-01 14:31:57 +0000,1559
tests/unit/redis-session-revocation-store.test.ts,test,bf614ed4,docs: DEC-33 — إعادةُ جولةِ تحقُّقٍ (فشلُ متصفّحٍ عابرٌ),2026-10-01 14:31:57 +0000,2626
tests/unit/redis-session.test.ts,test,bf614ed4,docs: DEC-33 — إعادةُ جولةِ تحقُّقٍ (فشلُ متصفّحٍ عابرٌ),2026-10-01 14:31:57 +0000,21198
tests/unit/redis-stream-event-bus.test.ts,test,bf614ed4,docs: DEC-33 — إعادةُ جولةِ تحقُّقٍ (فشلُ متصفّحٍ عابرٌ),2026-10-01 14:31:57 +0000,8993
tests/unit/redispatch-job-registration.test.ts,test,bf614ed4,docs: DEC-33 — إعادةُ جولةِ تحقُّقٍ (فشلُ متصفّحٍ عابرٌ),2026-10-01 14:31:57 +0000,5927
tests/unit/refresh-metric-snapshots.test.ts,test,bf614ed4,docs: DEC-33 — إعادةُ جولةِ تحقُّقٍ (فشلُ متصفّحٍ عابرٌ),2026-10-01 14:31:57 +0000,5763
tests/unit/register-commands.test.ts,test,bf614ed4,docs: DEC-33 — إعادةُ جولةِ تحقُّقٍ (فشلُ متصفّحٍ عابرٌ),2026-10-01 14:31:57 +0000,3080
tests/unit/renew-miniapp-session.test.ts,test,bf614ed4,docs: DEC-33 — إعادةُ جولةِ تحقُّقٍ (فشلُ متصفّحٍ عابرٌ),2026-10-01 14:31:57 +0000,15531
tests/unit/reputation.test.ts,test,bf614ed4,docs: DEC-33 — إعادةُ جولةِ تحقُّقٍ (فشلُ متصفّحٍ عابرٌ),2026-10-01 14:31:57 +0000,19886
tests/unit/request-correlation-context.test.ts,test,bf614ed4,docs: DEC-33 — إعادةُ جولةِ تحقُّقٍ (فشلُ متصفّحٍ عابرٌ),2026-10-01 14:31:57 +0000,8694
tests/unit/request-correlation-guard.test.ts,test,bf614ed4,docs: DEC-33 — إعادةُ جولةِ تحقُّقٍ (فشلُ متصفّحٍ عابرٌ),2026-10-01 14:31:57 +0000,11166
tests/unit/request-driver-cannot-complete.test.ts,test,bf614ed4,docs: DEC-33 — إعادةُ جولةِ تحقُّقٍ (فشلُ متصفّحٍ عابرٌ),2026-10-01 14:31:57 +0000,4790
tests/unit/resolve-viewer.test.ts,test,bf614ed4,docs: DEC-33 — إعادةُ جولةِ تحقُّقٍ (فشلُ متصفّحٍ عابرٌ),2026-10-01 14:31:57 +0000,11663
tests/unit/resource-usage-budget.test.ts,test,bf614ed4,docs: DEC-33 — إعادةُ جولةِ تحقُّقٍ (فشلُ متصفّحٍ عابرٌ),2026-10-01 14:31:57 +0000,6182
tests/unit/retention-policy.test.ts,test,bf614ed4,docs: DEC-33 — إعادةُ جولةِ تحقُّقٍ (فشلُ متصفّحٍ عابرٌ),2026-10-01 14:31:57 +0000,2720
tests/unit/revocable-session-reader.test.ts,test,bf614ed4,docs: DEC-33 — إعادةُ جولةِ تحقُّقٍ (فشلُ متصفّحٍ عابرٌ),2026-10-01 14:31:57 +0000,3959
tests/unit/ride-channel-client.test.ts,test,bf614ed4,docs: DEC-33 — إعادةُ جولةِ تحقُّقٍ (فشلُ متصفّحٍ عابرٌ),2026-10-01 14:31:57 +0000,3740
tests/unit/ride-channel.test.ts,test,bf614ed4,docs: DEC-33 — إعادةُ جولةِ تحقُّقٍ (فشلُ متصفّحٍ عابرٌ),2026-10-01 14:31:57 +0000,7520
tests/unit/ride-history-store.test.ts,test,bf614ed4,docs: DEC-33 — إعادةُ جولةِ تحقُّقٍ (فشلُ متصفّحٍ عابرٌ),2026-10-01 14:31:57 +0000,15692
tests/unit/ride-history.test.ts,test,bf614ed4,docs: DEC-33 — إعادةُ جولةِ تحقُّقٍ (فشلُ متصفّحٍ عابرٌ),2026-10-01 14:31:57 +0000,11431
tests/unit/ride-request-domain.test.ts,test,bf614ed4,docs: DEC-33 — إعادةُ جولةِ تحقُّقٍ (فشلُ متصفّحٍ عابرٌ),2026-10-01 14:31:57 +0000,9996
tests/unit/ride-request-route.test.ts,test,bf614ed4,docs: DEC-33 — إعادةُ جولةِ تحقُّقٍ (فشلُ متصفّحٍ عابرٌ),2026-10-01 14:31:57 +0000,24486
tests/unit/ride-request-store.test.ts,test,bf614ed4,docs: DEC-33 — إعادةُ جولةِ تحقُّقٍ (فشلُ متصفّحٍ عابرٌ),2026-10-01 14:31:57 +0000,16268
tests/unit/ride-search-view.test.ts,test,bf614ed4,docs: DEC-33 — إعادةُ جولةِ تحقُّقٍ (فشلُ متصفّحٍ عابرٌ),2026-10-01 14:31:57 +0000,9517
tests/unit/ride-share-domain.test.ts,test,bf614ed4,docs: DEC-33 — إعادةُ جولةِ تحقُّقٍ (فشلُ متصفّحٍ عابرٌ),2026-10-01 14:31:57 +0000,9022
tests/unit/ride-share-store.test.ts,test,bf614ed4,docs: DEC-33 — إعادةُ جولةِ تحقُّقٍ (فشلُ متصفّحٍ عابرٌ),2026-10-01 14:31:57 +0000,16836
tests/unit/ride-share-usecase.test.ts,test,bf614ed4,docs: DEC-33 — إعادةُ جولةِ تحقُّقٍ (فشلُ متصفّحٍ عابرٌ),2026-10-01 14:31:57 +0000,14552
tests/unit/ride-share-view.test.ts,test,bf614ed4,docs: DEC-33 — إعادةُ جولةِ تحقُّقٍ (فشلُ متصفّحٍ عابرٌ),2026-10-01 14:31:57 +0000,10829
tests/unit/ride-summary-domain.test.ts,test,bf614ed4,docs: DEC-33 — إعادةُ جولةِ تحقُّقٍ (فشلُ متصفّحٍ عابرٌ),2026-10-01 14:31:57 +0000,7531
tests/unit/ride-summary-route.test.ts,test,bf614ed4,docs: DEC-33 — إعادةُ جولةِ تحقُّقٍ (فشلُ متصفّحٍ عابرٌ),2026-10-01 14:31:57 +0000,22175
tests/unit/ride-summary-store.test.ts,test,bf614ed4,docs: DEC-33 — إعادةُ جولةِ تحقُّقٍ (فشلُ متصفّحٍ عابرٌ),2026-10-01 14:31:57 +0000,15239
tests/unit/ride-summary-view.test.ts,test,bf614ed4,docs: DEC-33 — إعادةُ جولةِ تحقُّقٍ (فشلُ متصفّحٍ عابرٌ),2026-10-01 14:31:57 +0000,9303
tests/unit/rider-dialog.test.ts,test,bf614ed4,docs: DEC-33 — إعادةُ جولةِ تحقُّقٍ (فشلُ متصفّحٍ عابرٌ),2026-10-01 14:31:57 +0000,54968
tests/unit/rider-driver-proximity.test.ts,test,bf614ed4,docs: DEC-33 — إعادةُ جولةِ تحقُّقٍ (فشلُ متصفّحٍ عابرٌ),2026-10-01 14:31:57 +0000,8032
tests/unit/rider-faq-page.test.ts,test,23da119e,"feat: DEC-36 FAQ page — 5 Q&A items in i18n, FaqScreen with onOpenFaq in Support",2026-10-02 09:51:50 +0300,1650
tests/unit/rider-lost-found-page.test.ts,test,78492567,feat: DEC-34 lost & found page — dedicated surface with initialCategory=lost_ite,2026-10-02 09:21:25 +0300,2495
tests/unit/rider-privacy-view.test.ts,test,3b654094,feat: DEC-35 privacy view — review consents screen reusing consentRows (#367),2026-10-02 09:28:31 +0300,3108
tests/unit/rider-support-usecase.test.ts,test,bf614ed4,docs: DEC-33 — إعادةُ جولةِ تحقُّقٍ (فشلُ متصفّحٍ عابرٌ),2026-10-01 14:31:57 +0000,12849
tests/unit/rider-support-view.test.ts,test,bf614ed4,docs: DEC-33 — إعادةُ جولةِ تحقُّقٍ (فشلُ متصفّحٍ عابرٌ),2026-10-01 14:31:57 +0000,8217
tests/unit/rider-surface-budget.test.ts,test,bf614ed4,docs: DEC-33 — إعادةُ جولةِ تحقُّقٍ (فشلُ متصفّحٍ عابرٌ),2026-10-01 14:31:57 +0000,6140
tests/unit/rider-surface-timing.test.ts,test,bf614ed4,docs: DEC-33 — إعادةُ جولةِ تحقُّقٍ (فشلُ متصفّحٍ عابرٌ),2026-10-01 14:31:57 +0000,4102
tests/unit/rider-tracking-buttons.test.ts,test,bf614ed4,docs: DEC-33 — إعادةُ جولةِ تحقُّقٍ (فشلُ متصفّحٍ عابرٌ),2026-10-01 14:31:57 +0000,9256
tests/unit/rollback-audit.test.ts,test,bf614ed4,docs: DEC-33 — إعادةُ جولةِ تحقُّقٍ (فشلُ متصفّحٍ عابرٌ),2026-10-01 14:31:57 +0000,30490
tests/unit/route-cache.test.ts,test,bf614ed4,docs: DEC-33 — إعادةُ جولةِ تحقُّقٍ (فشلُ متصفّحٍ عابرٌ),2026-10-01 14:31:57 +0000,7771
tests/unit/routing-call-budget.test.ts,test,bf614ed4,docs: DEC-33 — إعادةُ جولةِ تحقُّقٍ (فشلُ متصفّحٍ عابرٌ),2026-10-01 14:31:57 +0000,8869
tests/unit/routing-declared-quota.test.ts,test,bf614ed4,docs: DEC-33 — إعادةُ جولةِ تحقُّقٍ (فشلُ متصفّحٍ عابرٌ),2026-10-01 14:31:57 +0000,9753
tests/unit/routing-outage-judge.test.ts,test,bf614ed4,docs: DEC-33 — إعادةُ جولةِ تحقُّقٍ (فشلُ متصفّحٍ عابرٌ),2026-10-01 14:31:57 +0000,5348
tests/unit/safety.test.ts,test,bf614ed4,docs: DEC-33 — إعادةُ جولةِ تحقُّقٍ (فشلُ متصفّحٍ عابرٌ),2026-10-01 14:31:57 +0000,6292
tests/unit/sec-19-ts-guard-string-null.test.ts,test,bf614ed4,docs: DEC-33 — إعادةُ جولةِ تحقُّقٍ (فشلُ متصفّحٍ عابرٌ),2026-10-01 14:31:57 +0000,4819
tests/unit/sec-20-recovery-reason-guard.test.ts,test,bf614ed4,docs: DEC-33 — إعادةُ جولةِ تحقُّقٍ (فشلُ متصفّحٍ عابرٌ),2026-10-01 14:31:57 +0000,1186
tests/unit/semantic-marks.test.ts,test,bf614ed4,docs: DEC-33 — إعادةُ جولةِ تحقُّقٍ (فشلُ متصفّحٍ عابرٌ),2026-10-01 14:31:57 +0000,4135
tests/unit/session-data-budget.test.ts,test,bf614ed4,docs: DEC-33 — إعادةُ جولةِ تحقُّقٍ (فشلُ متصفّحٍ عابرٌ),2026-10-01 14:31:57 +0000,7361
tests/unit/session-refresh-route.test.ts,test,bf614ed4,docs: DEC-33 — إعادةُ جولةِ تحقُّقٍ (فشلُ متصفّحٍ عابرٌ),2026-10-01 14:31:57 +0000,15675
tests/unit/session-revocation-user-epoch.test.ts,test,bf614ed4,docs: DEC-33 — إعادةُ جولةِ تحقُّقٍ (فشلُ متصفّحٍ عابرٌ),2026-10-01 14:31:57 +0000,8178
tests/unit/session-telegram-bootstrap-embed.test.ts,test,bf614ed4,docs: DEC-33 — إعادةُ جولةِ تحقُّقٍ (فشلُ متصفّحٍ عابرٌ),2026-10-01 14:31:57 +0000,7984
tests/unit/session-telegram-route.test.ts,test,bf614ed4,docs: DEC-33 — إعادةُ جولةِ تحقُّقٍ (فشلُ متصفّحٍ عابرٌ),2026-10-01 14:31:57 +0000,14465
tests/unit/shared-i18n.test.ts,test,bf614ed4,docs: DEC-33 — إعادةُ جولةِ تحقُّقٍ (فشلُ متصفّحٍ عابرٌ),2026-10-01 14:31:57 +0000,1047
tests/unit/shared-result.test.ts,test,bf614ed4,docs: DEC-33 — إعادةُ جولةِ تحقُّقٍ (فشلُ متصفّحٍ عابرٌ),2026-10-01 14:31:57 +0000,1253
tests/unit/ship-due-move-events.test.ts,test,bf614ed4,docs: DEC-33 — إعادةُ جولةِ تحقُّقٍ (فشلُ متصفّحٍ عابرٌ),2026-10-01 14:31:57 +0000,5057
tests/unit/signed-upload.test.ts,test,bf614ed4,docs: DEC-33 — إعادةُ جولةِ تحقُّقٍ (فشلُ متصفّحٍ عابرٌ),2026-10-01 14:31:57 +0000,10627
tests/unit/single-instance-invariant.test.ts,test,bf614ed4,docs: DEC-33 — إعادةُ جولةِ تحقُّقٍ (فشلُ متصفّحٍ عابرٌ),2026-10-01 14:31:57 +0000,14254
tests/unit/skip-audit.test.ts,test,bf614ed4,docs: DEC-33 — إعادةُ جولةِ تحقُّقٍ (فشلُ متصفّحٍ عابرٌ),2026-10-01 14:31:57 +0000,82165
tests/unit/sos-entry-surfaces.test.ts,test,78492567,feat: DEC-34 lost & found page — dedicated surface with initialCategory=lost_ite,2026-10-02 09:21:25 +0300,6039
tests/unit/sos-intake-isolation.test.ts,test,bf614ed4,docs: DEC-33 — إعادةُ جولةِ تحقُّقٍ (فشلُ متصفّحٍ عابرٌ),2026-10-01 14:31:57 +0000,16765
tests/unit/sos-surface-app.test.ts,test,bf614ed4,docs: DEC-33 — إعادةُ جولةِ تحقُّقٍ (فشلُ متصفّحٍ عابرٌ),2026-10-01 14:31:57 +0000,12516
tests/unit/sos-surface-domain.test.ts,test,bf614ed4,docs: DEC-33 — إعادةُ جولةِ تحقُّقٍ (فشلُ متصفّحٍ عابرٌ),2026-10-01 14:31:57 +0000,7211
tests/unit/sos-surface-store.test.ts,test,bf614ed4,docs: DEC-33 — إعادةُ جولةِ تحقُّقٍ (فشلُ متصفّحٍ عابرٌ),2026-10-01 14:31:57 +0000,14002
tests/unit/sos-view.test.ts,test,bf614ed4,docs: DEC-33 — إعادةُ جولةِ تحقُّقٍ (فشلُ متصفّحٍ عابرٌ),2026-10-01 14:31:57 +0000,10431
tests/unit/staging-blueprint.test.ts,test,bf614ed4,docs: DEC-33 — إعادةُ جولةِ تحقُّقٍ (فشلُ متصفّحٍ عابرٌ),2026-10-01 14:31:57 +0000,7523
tests/unit/structured-log.test.ts,test,bf614ed4,docs: DEC-33 — إعادةُ جولةِ تحقُّقٍ (فشلُ متصفّحٍ عابرٌ),2026-10-01 14:31:57 +0000,11168
tests/unit/subscription-capability.test.ts,test,bf614ed4,docs: DEC-33 — إعادةُ جولةِ تحقُّقٍ (فشلُ متصفّحٍ عابرٌ),2026-10-01 14:31:57 +0000,4119
tests/unit/subscription-changes.test.ts,test,bf614ed4,docs: DEC-33 — إعادةُ جولةِ تحقُّقٍ (فشلُ متصفّحٍ عابرٌ),2026-10-01 14:31:57 +0000,14697
tests/unit/subscription-invoice-store-payload.test.ts,test,bf614ed4,docs: DEC-33 — إعادةُ جولةِ تحقُّقٍ (فشلُ متصفّحٍ عابرٌ),2026-10-01 14:31:57 +0000,7871
tests/unit/subscription-invoice.test.ts,test,bf614ed4,docs: DEC-33 — إعادةُ جولةِ تحقُّقٍ (فشلُ متصفّحٍ عابرٌ),2026-10-01 14:31:57 +0000,11890
tests/unit/subscription-lifecycle-jobs.test.ts,test,bf614ed4,docs: DEC-33 — إعادةُ جولةِ تحقُّقٍ (فشلُ متصفّحٍ عابرٌ),2026-10-01 14:31:57 +0000,13399
tests/unit/support-flag-rating.test.ts,test,bf614ed4,docs: DEC-33 — إعادةُ جولةِ تحقُّقٍ (فشلُ متصفّحٍ عابرٌ),2026-10-01 14:31:57 +0000,4627
tests/unit/support-ticket-routes.test.ts,test,bf614ed4,docs: DEC-33 — إعادةُ جولةِ تحقُّقٍ (فشلُ متصفّحٍ عابرٌ),2026-10-01 14:31:57 +0000,6549
tests/unit/support-volume-budget.test.ts,test,bf614ed4,docs: DEC-33 — إعادةُ جولةِ تحقُّقٍ (فشلُ متصفّحٍ عابرٌ),2026-10-01 14:31:57 +0000,3630
tests/unit/telegram-adapter.test.ts,test,bf614ed4,docs: DEC-33 — إعادةُ جولةِ تحقُّقٍ (فشلُ متصفّحٍ عابرٌ),2026-10-01 14:31:57 +0000,16228
tests/unit/telegram-driver-notifier.test.ts,test,bf614ed4,docs: DEC-33 — إعادةُ جولةِ تحقُّقٍ (فشلُ متصفّحٍ عابرٌ),2026-10-01 14:31:57 +0000,10757
tests/unit/telegram-init-data.test.ts,test,bf614ed4,docs: DEC-33 — إعادةُ جولةِ تحقُّقٍ (فشلُ متصفّحٍ عابرٌ),2026-10-01 14:31:57 +0000,13202
tests/unit/telegram-message-budget.test.ts,test,bf614ed4,docs: DEC-33 — إعادةُ جولةِ تحقُّقٍ (فشلُ متصفّحٍ عابرٌ),2026-10-01 14:31:57 +0000,10613
tests/unit/telegram-outage-judge.test.ts,test,bf614ed4,docs: DEC-33 — إعادةُ جولةِ تحقُّقٍ (فشلُ متصفّحٍ عابرٌ),2026-10-01 14:31:57 +0000,6738
tests/unit/telegram-safety-notifier.test.ts,test,bf614ed4,docs: DEC-33 — إعادةُ جولةِ تحقُّقٍ (فشلُ متصفّحٍ عابرٌ),2026-10-01 14:31:57 +0000,3836
tests/unit/telegram-test-init-data.test.ts,test,bf614ed4,docs: DEC-33 — إعادةُ جولةِ تحقُّقٍ (فشلُ متصفّحٍ عابرٌ),2026-10-01 14:31:57 +0000,2779
tests/unit/telegram-transport.test.ts,test,bf614ed4,docs: DEC-33 — إعادةُ جولةِ تحقُّقٍ (فشلُ متصفّحٍ عابرٌ),2026-10-01 14:31:57 +0000,6284
tests/unit/telegram-update-drainer-run-cap.test.ts,test,bf614ed4,docs: DEC-33 — إعادةُ جولةِ تحقُّقٍ (فشلُ متصفّحٍ عابرٌ),2026-10-01 14:31:57 +0000,4715
tests/unit/telegram-update-queue.test.ts,test,bf614ed4,docs: DEC-33 — إعادةُ جولةِ تحقُّقٍ (فشلُ متصفّحٍ عابرٌ),2026-10-01 14:31:57 +0000,4749
tests/unit/telegram-webhook-production-guard.test.ts,test,bf614ed4,docs: DEC-33 — إعادةُ جولةِ تحقُّقٍ (فشلُ متصفّحٍ عابرٌ),2026-10-01 14:31:57 +0000,6197
tests/unit/ticket-threads.test.ts,test,440202e9,feat: DEC-43 ticket threads + DEC-41 emergency contact + DEC-42 notification pre,2026-10-02 12:20:41 +0300,5419
tests/unit/tracking-config-resolution.test.ts,test,bf614ed4,docs: DEC-33 — إعادةُ جولةِ تحقُّقٍ (فشلُ متصفّحٍ عابرٌ),2026-10-01 14:31:57 +0000,6316
tests/unit/tracking-realtime.test.ts,test,bf614ed4,docs: DEC-33 — إعادةُ جولةِ تحقُّقٍ (فشلُ متصفّحٍ عابرٌ),2026-10-01 14:31:57 +0000,35400
tests/unit/tracking-sequence.test.ts,test,bf614ed4,docs: DEC-33 — إعادةُ جولةِ تحقُّقٍ (فشلُ متصفّحٍ عابرٌ),2026-10-01 14:31:57 +0000,15963
tests/unit/tracking-session.test.ts,test,bf614ed4,docs: DEC-33 — إعادةُ جولةِ تحقُّقٍ (فشلُ متصفّحٍ عابرٌ),2026-10-01 14:31:57 +0000,5894
tests/unit/traffic-priority.test.ts,test,bf614ed4,docs: DEC-33 — إعادةُ جولةِ تحقُّقٍ (فشلُ متصفّحٍ عابرٌ),2026-10-01 14:31:57 +0000,9060
tests/unit/translation.test.ts,test,bf614ed4,docs: DEC-33 — إعادةُ جولةِ تحقُّقٍ (فشلُ متصفّحٍ عابرٌ),2026-10-01 14:31:57 +0000,25065
tests/unit/travelled-distance.test.ts,test,bf614ed4,docs: DEC-33 — إعادةُ جولةِ تحقُّقٍ (فشلُ متصفّحٍ عابرٌ),2026-10-01 14:31:57 +0000,10462
tests/unit/update-dedup.test.ts,test,bf614ed4,docs: DEC-33 — إعادةُ جولةِ تحقُّقٍ (فشلُ متصفّحٍ عابرٌ),2026-10-01 14:31:57 +0000,4080
tests/unit/update-driver-location.test.ts,test,bf614ed4,docs: DEC-33 — إعادةُ جولةِ تحقُّقٍ (فشلُ متصفّحٍ عابرٌ),2026-10-01 14:31:57 +0000,19764
tests/unit/update-saved-place.test.ts,test,78746aab,feat: DEC-40 PATCH /v1/me/places/:id — update saved place (#372),2026-10-02 11:27:20 +0300,3292
tests/unit/upload-progress.test.ts,test,bf614ed4,docs: DEC-33 — إعادةُ جولةِ تحقُّقٍ (فشلُ متصفّحٍ عابرٌ),2026-10-01 14:31:57 +0000,5668
tests/unit/vendored-contract-pins.test.ts,test,bf614ed4,docs: DEC-33 — إعادةُ جولةِ تحقُّقٍ (فشلُ متصفّحٍ عابرٌ),2026-10-01 14:31:57 +0000,6944
tests/unit/vendored-pin-follows-bytes.test.ts,test,bf614ed4,docs: DEC-33 — إعادةُ جولةِ تحقُّقٍ (فشلُ متصفّحٍ عابرٌ),2026-10-01 14:31:57 +0000,9780
tests/unit/viewer-account-reader.test.ts,test,bf614ed4,docs: DEC-33 — إعادةُ جولةِ تحقُّقٍ (فشلُ متصفّحٍ عابرٌ),2026-10-01 14:31:57 +0000,6279
tests/unit/viewer-language-writer.test.ts,test,bf614ed4,docs: DEC-33 — إعادةُ جولةِ تحقُّقٍ (فشلُ متصفّحٍ عابرٌ),2026-10-01 14:31:57 +0000,3778
tests/unit/waiting-lines.test.ts,test,bf614ed4,docs: DEC-33 — إعادةُ جولةِ تحقُّقٍ (فشلُ متصفّحٍ عابرٌ),2026-10-01 14:31:57 +0000,4080
tests/unit/warm-rider-home.test.ts,test,bf614ed4,docs: DEC-33 — إعادةُ جولةِ تحقُّقٍ (فشلُ متصفّحٍ عابرٌ),2026-10-01 14:31:57 +0000,3454
tests/unit/warn-expiring-documents.test.ts,test,bf614ed4,docs: DEC-33 — إعادةُ جولةِ تحقُّقٍ (فشلُ متصفّحٍ عابرٌ),2026-10-01 14:31:57 +0000,5776
tests/unit/wasla-blockers.test.ts,test,bf614ed4,docs: DEC-33 — إعادةُ جولةِ تحقُّقٍ (فشلُ متصفّحٍ عابرٌ),2026-10-01 14:31:57 +0000,10777
tests/unit/wasla-cutover-plan.test.ts,test,bf614ed4,docs: DEC-33 — إعادةُ جولةِ تحقُّقٍ (فشلُ متصفّحٍ عابرٌ),2026-10-01 14:31:57 +0000,9421
tests/unit/worker-loss-invariants.test.ts,test,bf614ed4,docs: DEC-33 — إعادةُ جولةِ تحقُّقٍ (فشلُ متصفّحٍ عابرٌ),2026-10-01 14:31:57 +0000,2332
tests/unit/xff-trust-boundary.test.ts,test,bf614ed4,docs: DEC-33 — إعادةُ جولةِ تحقُّقٍ (فشلُ متصفّحٍ عابرٌ),2026-10-01 14:31:57 +0000,11967
tests/unit/zatca-tlv-oracle.test.ts,test,bf614ed4,docs: DEC-33 — إعادةُ جولةِ تحقُّقٍ (فشلُ متصفّحٍ عابرٌ),2026-10-01 14:31:57 +0000,7469
tsconfig.json,config,bf614ed4,docs: DEC-33 — إعادةُ جولةِ تحقُّقٍ (فشلُ متصفّحٍ عابرٌ),2026-10-01 14:31:57 +0000,997
